
Microsoft (R) Windows Debugger Version 10.0.20348.1 AMD64
Copyright (c) Microsoft Corporation. All rights reserved.

CommandLine: D:\LIONant\xLION\Build\xLION.vs2022\Debug\xLION.exe

************* Path validation summary **************
Response                         Time (ms)     Location
Deferred                                       srv*
Symbol search path is: srv*
Executable search path is: 
ModLoad: 00007ff6`4aa10000 00007ff6`4c2b3000   xLION.exe
ModLoad: 00007ffe`a0020000 00007ffe`a0287000   ntdll.dll
ModLoad: 00007ffe`9eac0000 00007ffe`9eb8b000   C:\WINDOWS\System32\KERNEL32.DLL
ModLoad: 00007ffe`9d870000 00007ffe`9dc72000   C:\WINDOWS\System32\KERNELBASE.dll
ModLoad: 00007ffe`9fa20000 00007ffe`9fbef000   C:\WINDOWS\System32\USER32.dll
ModLoad: 00007ffe`9d220000 00007ffe`9d247000   C:\WINDOWS\System32\win32u.dll
ModLoad: 00007ffe`02bb0000 00007ffe`02ea0000   D:\LIONant\xLION\Build\xLION.vs2022\Debug\LIONRender.dll
ModLoad: 00007ffe`02ea0000 00007ffe`034af000   D:\LIONant\xLION\Build\xLION.vs2022\Debug\LIONCore.dll
ModLoad: 00007ffe`9e380000 00007ffe`9e3ab000   C:\WINDOWS\System32\GDI32.dll
ModLoad: 00007ffe`9d6b0000 00007ffe`9d7d9000   C:\WINDOWS\System32\gdi32full.dll
ModLoad: 00007ffe`9d600000 00007ffe`9d6a3000   C:\WINDOWS\System32\msvcp_win.dll
ModLoad: 00007ffe`9d4a0000 00007ffe`9d5ec000   C:\WINDOWS\System32\ucrtbase.dll
ModLoad: 00007ffe`9f020000 00007ffe`9f7b8000   C:\WINDOWS\System32\SHELL32.dll
ModLoad: 00007ffe`2c030000 00007ffe`2c10a000   C:\WINDOWS\SYSTEM32\MSVCP140D.dll
ModLoad: 00007ffe`7c9b0000 00007ffe`7c9e0000   C:\WINDOWS\SYSTEM32\VCRUNTIME140D.dll
ModLoad: 00007ffe`9f870000 00007ffe`9fa0a000   C:\WINDOWS\System32\ole32.dll
ModLoad: 00007ffe`9e650000 00007ffe`9e9d5000   C:\WINDOWS\System32\combase.dll
ModLoad: 00007ffe`97f20000 00007ffe`97f2f000   C:\WINDOWS\SYSTEM32\VCRUNTIME140_1D.dll
ModLoad: 00007ffe`9e260000 00007ffe`9e378000   C:\WINDOWS\System32\RPCRT4.dll
ModLoad: 00007ffe`9fe20000 00007ffe`9ff15000   C:\WINDOWS\System32\COMDLG32.dll
ModLoad: 00007ffe`029a0000 00007ffe`02ba4000   C:\WINDOWS\SYSTEM32\ucrtbased.dll
ModLoad: 00007ffe`9e080000 00007ffe`9e17b000   C:\WINDOWS\System32\shcore.dll
ModLoad: 00007ffe`9e3b0000 00007ffe`9e416000   C:\WINDOWS\System32\SHLWAPI.dll
ModLoad: 00007ffe`9fcd0000 00007ffe`9fd01000   C:\WINDOWS\System32\IMM32.dll
ModLoad: 00007ffe`8c130000 00007ffe`8c1e5000   C:\WINDOWS\WinSxS\amd64_microsoft.windows.common-controls_6595b64144ccf1df_5.82.26100.8328_none_87eede957a2ccddd\COMCTL32.dll
ModLoad: 00007ffe`7c980000 00007ffe`7c9a1000   C:\WINDOWS\SYSTEM32\MSVCP140D_ATOMIC_WAIT.dll
ModLoad: 00007ffe`9a9d0000 00007ffe`9ac1c000   C:\WINDOWS\SYSTEM32\dbghelp.dll
ModLoad: 00007ffe`9e420000 00007ffe`9e4dc000   C:\WINDOWS\System32\ADVAPI32.dll
ModLoad: 00007ffe`9dda0000 00007ffe`9de49000   C:\WINDOWS\System32\msvcrt.dll
ModLoad: 00007ffe`9e9e0000 00007ffe`9eab9000   C:\WINDOWS\System32\OLEAUT32.dll
ModLoad: 00007ffe`3a9c0000 00007ffe`3aa59000   C:\WINDOWS\SYSTEM32\VCOMP140D.DLL
ModLoad: 00007ffe`9fc10000 00007ffe`9fcb9000   C:\WINDOWS\System32\sechost.dll
ModLoad: 00007ffe`9a430000 00007ffe`9a45f000   C:\WINDOWS\SYSTEM32\dwmapi.dll
ModLoad: 00007ffe`07dd0000 00007ffe`07f62000   C:\WINDOWS\SYSTEM32\vulkan-1.dll
ModLoad: 00007ffe`9cdf0000 00007ffe`9ce42000   C:\WINDOWS\SYSTEM32\CFGMGR32.dll
(de80.d634): Break instruction exception - code 80000003 (first chance)
ntdll!LdrpDoDebuggerBreak+0x35:
00007ffe`a0142239 cc              int     3
0:000> .sympath+ D:\LIONant\xLION\example.lionprj\Cache\Script\Build\GamePdb\Debug
Symbol search path is: srv*;D:\LIONant\xLION\example.lionprj\Cache\Script\Build\GamePdb\Debug
Expanded Symbol search path is: cache*;SRV*https://msdl.microsoft.com/download/symbols;d:\lionant\xlion\example.lionprj\cache\script\build\gamepdb\debug

************* Path validation summary **************
Response                         Time (ms)     Location
Deferred                                       srv*
OK                                             D:\LIONant\xLION\example.lionprj\Cache\Script\Build\GamePdb\Debug
0:000> sxe -c ".echo ==AV==; kn 45; q" av
0:000> bu ucrtbased!abort ".echo ==ABORT==; kn 45; q"
0:000> g
ModLoad: 00007ffe`9beb0000 00007ffe`9becb000   C:\WINDOWS\SYSTEM32\kernel.appcore.dll
ModLoad: 00007ffe`9a2d0000 00007ffe`9a40b000   C:\WINDOWS\system32\dxgi.dll
ModLoad: 00007ffe`9cfd0000 00007ffe`9d02e000   C:\WINDOWS\SYSTEM32\powrprof.dll
ModLoad: 00007ffe`9cfb0000 00007ffe`9cfc5000   C:\WINDOWS\SYSTEM32\UMPDC.dll
ModLoad: 00007ffe`83780000 00007ffe`8379e000   C:\WINDOWS\SYSTEM32\windows.staterepositorycore.dll
ModLoad: 00007ffe`9a280000 00007ffe`9a2c4000   C:\WINDOWS\SYSTEM32\dxcore.dll
ModLoad: 00007ffe`9a4c0000 00007ffe`9a4d4000   C:\WINDOWS\SYSTEM32\resourcepolicyclient.dll
ModLoad: 00007ffe`95580000 00007ffe`955de000   C:\WINDOWS\SYSTEM32\directxdatabasehelper.dll
ModLoad: 00007ffe`9d250000 00007ffe`9d2fc000   C:\WINDOWS\System32\bcryptPrimitives.dll
ModLoad: 00007ffd`d93d0000 00007ffd`dbcf5000   C:\WINDOWS\System32\DriverStore\FileRepository\nv_dispig.inf_amd64_f4c7a2fd13e0f763\nvoglv64.dll
ModLoad: 00007ffe`9eb90000 00007ffe`9f017000   C:\WINDOWS\System32\SETUPAPI.dll
ModLoad: 00007ffe`99d70000 00007ffe`99d9a000   C:\WINDOWS\SYSTEM32\WTSAPI32.dll
ModLoad: 00007ffe`961b0000 00007ffe`961bb000   C:\WINDOWS\SYSTEM32\VERSION.dll
ModLoad: 00007ffe`9d310000 00007ffe`9d48e000   C:\WINDOWS\System32\CRYPT32.dll
ModLoad: 00007ffe`9c170000 00007ffe`9c1b9000   C:\WINDOWS\SYSTEM32\SspiCli.dll
ModLoad: 00007ffe`9c8e0000 00007ffe`9c8f3000   C:\WINDOWS\SYSTEM32\msasn1.dll
ModLoad: 00007ffe`931c0000 00007ffe`931fb000   C:\WINDOWS\SYSTEM32\cryptnet.dll
ModLoad: 00007ffe`9c6b0000 00007ffe`9c6bc000   C:\WINDOWS\SYSTEM32\cryptbase.dll
ModLoad: 00007ffe`9c770000 00007ffe`9c7da000   C:\WINDOWS\SYSTEM32\wldp.dll
ModLoad: 00007ffe`93040000 00007ffe`931ba000   C:\WINDOWS\SYSTEM32\drvstore.dll
ModLoad: 00007ffe`9cdb0000 00007ffe`9cddf000   C:\WINDOWS\SYSTEM32\devobj.dll
ModLoad: 00007ffe`9d7e0000 00007ffe`9d862000   C:\WINDOWS\System32\WINTRUST.dll
ModLoad: 00007ffe`9bfe0000 00007ffe`9c016000   C:\WINDOWS\SYSTEM32\ntmarta.dll
ModLoad: 00007ffe`9ffb0000 00007ffe`9ffd0000   C:\WINDOWS\System32\imagehlp.dll
ModLoad: 00007ffe`9c870000 00007ffe`9c88b000   C:\WINDOWS\SYSTEM32\CRYPTSP.dll
ModLoad: 00007ffe`9be10000 00007ffe`9be49000   C:\WINDOWS\system32\rsaenh.dll
ModLoad: 00007ffe`9d110000 00007ffe`9d13a000   C:\WINDOWS\SYSTEM32\bcrypt.dll
ModLoad: 00007ffe`8cd60000 00007ffe`91a5f000   C:\WINDOWS\System32\DriverStore\FileRepository\nv_dispig.inf_amd64_f4c7a2fd13e0f763\nvgpucomp64.dll
ModLoad: 00007ffe`9e1a0000 00007ffe`9e24e000   C:\WINDOWS\System32\clbcatq.dll
ModLoad: 00007ffe`96840000 00007ffe`969aa000   C:\Windows\System32\WinTypes.dll
ModLoad: 00007ffe`97e00000 00007ffe`97e39000   C:\WINDOWS\SYSTEM32\rometadata.dll
ModLoad: 0000029f`bc8f0000 0000029f`bc9cd000   image0000029f`bc8f0000
ModLoad: 00007ffd`d5040000 00007ffd`d6172000   D:\VulkanSDK\1.3.290.0\Bin\VkLayer_khronos_validation.dll
ModLoad: 00007ffe`79350000 00007ffe`793ed000   C:\WINDOWS\SYSTEM32\MSVCP140.dll
ModLoad: 00007ffe`89440000 00007ffe`8944c000   C:\WINDOWS\SYSTEM32\VCRUNTIME140_1.dll
ModLoad: 00007ffe`793f0000 00007ffe`7941c000   C:\WINDOWS\SYSTEM32\VCRUNTIME140.dll
ModLoad: 0000029f`bc9d0000 0000029f`bc9fc000   C:\WINDOWS\SYSTEM32\VCRUNTIME140.dll
ModLoad: 00007ffe`7c930000 00007ffe`7c97d000   C:\ProgramData\obs-studio-hook\graphics-hook64.dll
ModLoad: 00007ffe`9ac60000 00007ffe`9b50e000   C:\WINDOWS\SYSTEM32\windows.storage.dll
ModLoad: 00007ffe`42920000 00007ffe`42a67000   C:\WINDOWS\system32\nvspcap64.dll
ModLoad: 00007ffe`9d140000 00007ffe`9d169000   C:\WINDOWS\SYSTEM32\profapi.dll
ModLoad: 00007ffe`99fa0000 00007ffe`9a048000   C:\WINDOWS\system32\uxtheme.dll
[OBS] graphics-hook.dll loaded against process: xLION.exe
[OBS] (half life scientist) everything..  seems to be in order
ModLoad: 00007ffe`9e4f0000 00007ffe`9e64b000   C:\WINDOWS\System32\MSCTF.dll
ModLoad: 00007ffe`9fa10000 00007ffe`9fa18000   C:\WINDOWS\System32\PSAPI.DLL
ModLoad: 00007ffd`c7200000 00007ffd`ccea1000   C:\WINDOWS\System32\DriverStore\FileRepository\nv_dispig.inf_amd64_f4c7a2fd13e0f763\nvrtum64.dll
ModLoad: 00007ffe`725c0000 00007ffe`72702000   C:\WINDOWS\SYSTEM32\textinputframework.dll
ModLoad: 00007ffe`99be0000 00007ffe`99d0b000   C:\WINDOWS\SYSTEM32\CoreMessaging.dll
ModLoad: 00007ffe`948b0000 00007ffe`94b94000   C:\WINDOWS\SYSTEM32\CoreUIComponents.dll
ModLoad: 00007ffe`82580000 00007ffe`82b15000   C:\WINDOWS\SYSTEM32\nvapi64.dll
ModLoad: 00007ffe`781d0000 00007ffe`7825e000   C:\Windows\System32\DispBroker.dll
ModLoad: 00007ffe`06e00000 00007ffe`06f0c000   C:\WINDOWS\SYSTEM32\opengl32.dll
ModLoad: 00007ffe`7ada0000 00007ffe`7adcd000   C:\WINDOWS\SYSTEM32\GLU32.dll
ModLoad: 00007ffe`63650000 00007ffe`63807000   C:\WINDOWS\System32\DriverStore\FileRepository\nv_dispig.inf_amd64_f4c7a2fd13e0f763\nvppex.dll
ModLoad: 00007ffe`9cb20000 00007ffe`9cb84000   C:\WINDOWS\SYSTEM32\WINSTA.dll
[MultiLib] ENTER EnsureLibraryLoaded path='D:\LIONant\xLION\example.lionprj' root=1
[MultiLib] before process_info_job for guid=ADEB2E3BF97B6E03
[MultiLib] after process_info_job for guid=ADEB2E3BF97B6E03
[MultiLib] before root NewAsset, bHasRootFolder=1
[MultiLib] after root NewAsset
[MultiLib] before trash NewAsset, bHasTrashcan=1
[MultiLib] after trash NewAsset
[MultiLib] EXIT root/trash bootstrap for guid=ADEB2E3BF97B6E03
ModLoad: 00007ffd`e07b0000 00007ffd`e0a68000   D:\LIONant\xLION\example.lionprj\Cache\Script\Loaded\Game_loaded_1.dll
File was modified but is not part of our asset list: cache\resources\logs\materialinstance\03\80\fc567067614d8003.log\log.txt In library D:\LIONant\xLION\example.lionprj
File was modified but is not part of our asset list: cache\resources\logs\materialinstance\03\80\fc567067614d8003.log\log.txt In library D:\LIONant\xLION\example.lionprj
Game.dll: sources changed - rebuilding in the background, the current build stays loaded until then
Game.dll: source newer than DLL - rebuilding via cmake...
Window Focus: Gained
[SC] scan START chunk=D:\LIONant\xLION\example.lionprj|all
-- Selecting Windows SDK version 10.0.26100.0 to target Windows 10.0.26200.
-- Configuring done (0.0s)
-- Generating done (0.0s)
-- Build files have been written to: D:/LIONant/xLION/example.lionprj/Cache/Script/Build
MSBuild version 17.14.51+25f168cee for .NET Framework
File was modified but is not part of our asset list: cache\resources\logs\materialinstance\09\00\1efca8675ff20009.log\log.txt In library D:\LIONant\xLION\example.lionprj
File was modified but is not part of our asset list: cache\resources\logs\materialinstance\09\00\1efca8675ff20009.log\log.txt In library D:\LIONant\xLION\example.lionprj

  cmake_pch.cxx
[SC] scan END   chunk=D:\LIONant\xLION\example.lionprj|all (1371.5 ms)
Window Focus: Lost
File was modified but is not part of our asset list: assets\imgui_level_editor.ini In library D:\LIONant\xLION\example.lionprj
File was modified but is not part of our asset list: assets\imgui_level_editor.ini In library D:\LIONant\xLION\example.lionprj
  soccer_game.cpp
  xscript_game_entry.cpp
  Game.vcxproj -> D:\LIONant\xLION\example.lionprj\Cache\Resources\Platforms\WINDOWS\Debug\Game.dll
Game.dll: rebuild succeeded
ModLoad: 00007ffd`e04f0000 00007ffd`e07a8000   D:\LIONant\xLION\example.lionprj\Cache\Script\Loaded\Game_loaded_2.dll
Game.dll: [Vn capture] 0 of 0 open scene(s) captured
[Prefab::EnsureLoaded] Guid=433EBA751EC6DDFD : begin
[Prefab::EnsureLoaded] Guid=433EBA751EC6DDFD : PrefabGroupInfo read OK, nMembers=1 RootLocalId=1306939611
[Prefab::EnsureLoaded] Guid=433EBA751EC6DDFD : all 1 member(s) loaded, resolving root
[Prefab::EnsureLoaded] Guid=433EBA751EC6DDFD : remapping references across 1 member(s)
[Prefab::EnsureLoaded] Guid=433EBA751EC6DDFD : end (success)
[Prefab::EnsureLoaded] Guid=68B511D7A4E4CB4D : begin
[Prefab::EnsureLoaded] Guid=68B511D7A4E4CB4D : PrefabGroupInfo read OK, nMembers=1 RootLocalId=2112278751
[Prefab::EnsureLoaded] Guid=68B511D7A4E4CB4D : all 1 member(s) loaded, resolving root
[Prefab::EnsureLoaded] Guid=68B511D7A4E4CB4D : remapping references across 1 member(s)
[Prefab::EnsureLoaded] Guid=68B511D7A4E4CB4D : end (success)
[Prefab::EnsureLoaded] Guid=68B511D7A4E4CB4D : begin
[Prefab::EnsureLoaded] Guid=68B511D7A4E4CB4D : already resident
[Prefab::EnsureLoaded] Guid=68B511D7A4E4CB4D : begin
[Prefab::EnsureLoaded] Guid=68B511D7A4E4CB4D : already resident
[Prefab::EnsureLoaded] Guid=68B511D7A4E4CB4D : begin
[Prefab::EnsureLoaded] Guid=68B511D7A4E4CB4D : already resident
[Prefab::EnsureLoaded] Guid=267C4C533488E711 : begin
[Prefab::EnsureLoaded] Guid=267C4C533488E711 : PrefabGroupInfo read OK, nMembers=1 RootLocalId=3454521539
[Prefab::EnsureLoaded] Guid=267C4C533488E711 : all 1 member(s) loaded, resolving root
[Prefab::EnsureLoaded] Guid=267C4C533488E711 : remapping references across 1 member(s)
[Prefab::EnsureLoaded] Guid=267C4C533488E711 : end (success)
[Prefab::EnsureLoaded] Guid=6325BCD600D8F273 : begin
[Prefab::EnsureLoaded] Guid=6325BCD600D8F273 : PrefabGroupInfo read OK, nMembers=1 RootLocalId=2887258311
[Prefab::EnsureLoaded] Guid=6325BCD600D8F273 : all 1 member(s) loaded, resolving root
[Prefab::EnsureLoaded] Guid=6325BCD600D8F273 : remapping references across 1 member(s)
[Prefab::EnsureLoaded] Guid=6325BCD600D8F273 : end (success)
[Prefab::EnsureLoaded] Guid=6325BCD600D8F273 : begin
[Prefab::EnsureLoaded] Guid=6325BCD600D8F273 : already resident
[Prefab::EnsureLoaded] Guid=6325BCD600D8F273 : begin
[Prefab::EnsureLoaded] Guid=6325BCD600D8F273 : already resident
[Prefab::EnsureLoaded] Guid=6325BCD600D8F273 : begin
[Prefab::EnsureLoaded] Guid=6325BCD600D8F273 : already resident
[Prefab::EnsureLoaded] Guid=4ADE8CD4AB58924D : begin
[Prefab::EnsureLoaded] Guid=4ADE8CD4AB58924D : PrefabGroupInfo read OK, nMembers=1 RootLocalId=3424194763
[Prefab::EnsureLoaded] Guid=4ADE8CD4AB58924D : all 1 member(s) loaded, resolving root
[Prefab::EnsureLoaded] Guid=4ADE8CD4AB58924D : remapping references across 1 member(s)
[Prefab::EnsureLoaded] Guid=4ADE8CD4AB58924D : end (success)
[Prefab::EnsureLoaded] Guid=6FDCAD6EB1505295 : begin
[Prefab::EnsureLoaded] Guid=6FDCAD6EB1505295 : PrefabGroupInfo read OK, nMembers=1 RootLocalId=1305841873
[Prefab::EnsureLoaded] Guid=6FDCAD6EB1505295 : all 1 member(s) loaded, resolving root
[Prefab::EnsureLoaded] Guid=6FDCAD6EB1505295 : remapping references across 1 member(s)
[Prefab::EnsureLoaded] Guid=6FDCAD6EB1505295 : end (success)
[Prefab::EnsureLoaded] Guid=66879B27D9D067FB : begin
[Prefab::EnsureLoaded] Guid=66879B27D9D067FB : PrefabGroupInfo read OK, nMembers=1 RootLocalId=605655247
[Prefab::EnsureLoaded] Guid=66879B27D9D067FB : all 1 member(s) loaded, resolving root
[Prefab::EnsureLoaded] Guid=66879B27D9D067FB : remapping references across 1 member(s)
[Prefab::EnsureLoaded] Guid=66879B27D9D067FB : end (success)
[Prefab::EnsureLoaded] Guid=66879B27D9D067FB : begin
[Prefab::EnsureLoaded] Guid=66879B27D9D067FB : already resident
[Prefab::EnsureLoaded] Guid=66879B27D9D067FB : begin
[Prefab::EnsureLoaded] Guid=66879B27D9D067FB : already resident
[Prefab::EnsureLoaded] Guid=66879B27D9D067FB : begin
[Prefab::EnsureLoaded] Guid=66879B27D9D067FB : already resident
[Prefab::EnsureLoaded] Guid=66879B27D9D067FB : begin
[Prefab::EnsureLoaded] Guid=66879B27D9D067FB : already resident
[Prefab::EnsureLoaded] Guid=66879B27D9D067FB : begin
[Prefab::EnsureLoaded] Guid=66879B27D9D067FB : already resident
[Prefab::EnsureLoaded] Guid=66879B27D9D067FB : begin
[Prefab::EnsureLoaded] Guid=66879B27D9D067FB : already resident
[Prefab::EnsureLoaded] Guid=66879B27D9D067FB : begin
[Prefab::EnsureLoaded] Guid=66879B27D9D067FB : already resident
[Prefab::EnsureLoaded] Guid=66879B27D9D067FB : begin
[Prefab::EnsureLoaded] Guid=66879B27D9D067FB : already resident
[Prefab::EnsureLoaded] Guid=66879B27D9D067FB : begin
[Prefab::EnsureLoaded] Guid=66879B27D9D067FB : already resident
[Prefab::EnsureLoaded] Guid=66879B27D9D067FB : begin
[Prefab::EnsureLoaded] Guid=66879B27D9D067FB : already resident
[Prefab::EnsureLoaded] Guid=66879B27D9D067FB : begin
[Prefab::EnsureLoaded] Guid=66879B27D9D067FB : already resident
Game.dll: up to date, no rebuild needed
File was modified but is not part of our asset list: descriptors\level\f3\f3\166fae5eb82f3f3.desc\descriptor.txt In library D:\LIONant\xLION\example.lionprj
[SaveEverything] scene has 0 pending entity change(s)
File was modified but is not part of our asset list: descriptors\level\f3\f3\166fae5eb82f3f3.desc\descriptor.txt In library D:\LIONant\xLION\example.lionprj
File was modified but is not part of our asset list: descriptors\scene\6f\ec\5b388efc2203ec6f.desc\descriptor.txt.tmp In library D:\LIONant\xLION\example.lionprj
File was modified but is not part of our asset list: descriptors\scene\6f\ec\5b388efc2203ec6f.desc In library D:\LIONant\xLION\example.lionprj
File was modified but is not part of our asset list: descriptors\scene\6f\ec\5b388efc2203ec6f.desc In library D:\LIONant\xLION\example.lionprj
File was modified but is not part of our asset list: descriptors\scene\6f\ec\5b388efc2203ec6f.desc\componentdeps.txt.tmp In library D:\LIONant\xLION\example.lionprj
File was modified but is not part of our asset list: descriptors\scene\6f\ec\5b388efc2203ec6f.desc In library D:\LIONant\xLION\example.lionprj
File was modified but is not part of our asset list: descriptors\scene\6f\ec\5b388efc2203ec6f.desc In library D:\LIONant\xLION\example.lionprj
Game.dll: up to date, no rebuild needed
File was modified but is not part of our asset list: descriptors\level\f3\f3\166fae5eb82f3f3.desc\descriptor.txt In library D:\LIONant\xLION\example.lionprj
[SaveEverything] scene has 0 pending entity change(s)
File was modified but is not part of our asset list: descriptors\level\f3\f3\166fae5eb82f3f3.desc\descriptor.txt In library D:\LIONant\xLION\example.lionprj
File was modified but is not part of our asset list: descriptors\scene\6f\ec\5b388efc2203ec6f.desc\descriptor.txt.tmp In library D:\LIONant\xLION\example.lionprj
File was modified but is not part of our asset list: descriptors\scene\6f\ec\5b388efc2203ec6f.desc In library D:\LIONant\xLION\example.lionprj
File was modified but is not part of our asset list: descriptors\scene\6f\ec\5b388efc2203ec6f.desc In library D:\LIONant\xLION\example.lionprj
File was modified but is not part of our asset list: descriptors\scene\6f\ec\5b388efc2203ec6f.desc\componentdeps.txt.tmp In library D:\LIONant\xLION\example.lionprj
File was modified but is not part of our asset list: descriptors\scene\6f\ec\5b388efc2203ec6f.desc In library D:\LIONant\xLION\example.lionprj
File was modified but is not part of our asset list: descriptors\scene\6f\ec\5b388efc2203ec6f.desc In library D:\LIONant\xLION\example.lionprj
[Prefab::EnsureLoaded] Guid=433EBA751EC6DDFD : begin
[Prefab::EnsureLoaded] Guid=433EBA751EC6DDFD : PrefabGroupInfo read OK, nMembers=1 RootLocalId=1306939611
[Prefab::EnsureLoaded] Guid=433EBA751EC6DDFD : all 1 member(s) loaded, resolving root
[Prefab::EnsureLoaded] Guid=433EBA751EC6DDFD : remapping references across 1 member(s)
[Prefab::EnsureLoaded] Guid=433EBA751EC6DDFD : end (success)
[Prefab::EnsureLoaded] Guid=68B511D7A4E4CB4D : begin
[Prefab::EnsureLoaded] Guid=68B511D7A4E4CB4D : PrefabGroupInfo read OK, nMembers=1 RootLocalId=2112278751
[Prefab::EnsureLoaded] Guid=68B511D7A4E4CB4D : all 1 member(s) loaded, resolving root
[Prefab::EnsureLoaded] Guid=68B511D7A4E4CB4D : remapping references across 1 member(s)
[Prefab::EnsureLoaded] Guid=68B511D7A4E4CB4D : end (success)
[Prefab::EnsureLoaded] Guid=68B511D7A4E4CB4D : begin
[Prefab::EnsureLoaded] Guid=68B511D7A4E4CB4D : already resident
[Prefab::EnsureLoaded] Guid=68B511D7A4E4CB4D : begin
[Prefab::EnsureLoaded] Guid=68B511D7A4E4CB4D : already resident
[Prefab::EnsureLoaded] Guid=68B511D7A4E4CB4D : begin
[Prefab::EnsureLoaded] Guid=68B511D7A4E4CB4D : already resident
[Prefab::EnsureLoaded] Guid=267C4C533488E711 : begin
[Prefab::EnsureLoaded] Guid=267C4C533488E711 : PrefabGroupInfo read OK, nMembers=1 RootLocalId=3454521539
[Prefab::EnsureLoaded] Guid=267C4C533488E711 : all 1 member(s) loaded, resolving root
[Prefab::EnsureLoaded] Guid=267C4C533488E711 : remapping references across 1 member(s)
[Prefab::EnsureLoaded] Guid=267C4C533488E711 : end (success)
[Prefab::EnsureLoaded] Guid=6325BCD600D8F273 : begin
[Prefab::EnsureLoaded] Guid=6325BCD600D8F273 : PrefabGroupInfo read OK, nMembers=1 RootLocalId=2887258311
[Prefab::EnsureLoaded] Guid=6325BCD600D8F273 : all 1 member(s) loaded, resolving root
[Prefab::EnsureLoaded] Guid=6325BCD600D8F273 : remapping references across 1 member(s)
[Prefab::EnsureLoaded] Guid=6325BCD600D8F273 : end (success)
[Prefab::EnsureLoaded] Guid=6325BCD600D8F273 : begin
[Prefab::EnsureLoaded] Guid=6325BCD600D8F273 : already resident
[Prefab::EnsureLoaded] Guid=6325BCD600D8F273 : begin
[Prefab::EnsureLoaded] Guid=6325BCD600D8F273 : already resident
[Prefab::EnsureLoaded] Guid=6325BCD600D8F273 : begin
[Prefab::EnsureLoaded] Guid=6325BCD600D8F273 : already resident
[Prefab::EnsureLoaded] Guid=4ADE8CD4AB58924D : begin
[Prefab::EnsureLoaded] Guid=4ADE8CD4AB58924D : PrefabGroupInfo read OK, nMembers=1 RootLocalId=3424194763
[Prefab::EnsureLoaded] Guid=4ADE8CD4AB58924D : all 1 member(s) loaded, resolving root
[Prefab::EnsureLoaded] Guid=4ADE8CD4AB58924D : remapping references across 1 member(s)
[Prefab::EnsureLoaded] Guid=4ADE8CD4AB58924D : end (success)
[Prefab::EnsureLoaded] Guid=6FDCAD6EB1505295 : begin
[Prefab::EnsureLoaded] Guid=6FDCAD6EB1505295 : PrefabGroupInfo read OK, nMembers=1 RootLocalId=1305841873
[Prefab::EnsureLoaded] Guid=6FDCAD6EB1505295 : all 1 member(s) loaded, resolving root
[Prefab::EnsureLoaded] Guid=6FDCAD6EB1505295 : remapping references across 1 member(s)
[Prefab::EnsureLoaded] Guid=6FDCAD6EB1505295 : end (success)
[Prefab::EnsureLoaded] Guid=66879B27D9D067FB : begin
[Prefab::EnsureLoaded] Guid=66879B27D9D067FB : PrefabGroupInfo read OK, nMembers=1 RootLocalId=605655247
[Prefab::EnsureLoaded] Guid=66879B27D9D067FB : all 1 member(s) loaded, resolving root
[Prefab::EnsureLoaded] Guid=66879B27D9D067FB : remapping references across 1 member(s)
[Prefab::EnsureLoaded] Guid=66879B27D9D067FB : end (success)
[Prefab::EnsureLoaded] Guid=66879B27D9D067FB : begin
[Prefab::EnsureLoaded] Guid=66879B27D9D067FB : already resident
[Prefab::EnsureLoaded] Guid=66879B27D9D067FB : begin
[Prefab::EnsureLoaded] Guid=66879B27D9D067FB : already resident
[Prefab::EnsureLoaded] Guid=66879B27D9D067FB : begin
[Prefab::EnsureLoaded] Guid=66879B27D9D067FB : already resident
[Prefab::EnsureLoaded] Guid=66879B27D9D067FB : begin
[Prefab::EnsureLoaded] Guid=66879B27D9D067FB : already resident
[Prefab::EnsureLoaded] Guid=66879B27D9D067FB : begin
[Prefab::EnsureLoaded] Guid=66879B27D9D067FB : already resident
[Prefab::EnsureLoaded] Guid=66879B27D9D067FB : begin
[Prefab::EnsureLoaded] Guid=66879B27D9D067FB : already resident
[Prefab::EnsureLoaded] Guid=66879B27D9D067FB : begin
[Prefab::EnsureLoaded] Guid=66879B27D9D067FB : already resident
[Prefab::EnsureLoaded] Guid=66879B27D9D067FB : begin
[Prefab::EnsureLoaded] Guid=66879B27D9D067FB : already resident
[Prefab::EnsureLoaded] Guid=66879B27D9D067FB : begin
[Prefab::EnsureLoaded] Guid=66879B27D9D067FB : already resident
[Prefab::EnsureLoaded] Guid=66879B27D9D067FB : begin
[Prefab::EnsureLoaded] Guid=66879B27D9D067FB : already resident
[Prefab::EnsureLoaded] Guid=66879B27D9D067FB : begin
[Prefab::EnsureLoaded] Guid=66879B27D9D067FB : already resident
[PhysicsMaterial] ERROR: could not read material 0D132D643A138AF1 - using defaults
Game.dll: [V1/disk restore] world now has 13 archetype(s), 59 live entit(y/ies)
[System] Tick Logger A
[System] Tick Logger B
[Physics] tick=1 ents=12 hasDyn=12 types(d/k)=12/0 null=0 yRange=[0.210,0.856] yDyn0=0.804 pendingDestroy=0
[soccer] id7 pos=(7.00,-3.00) bodyvel=(0.00,0.00) desired=(0.00,0.00) force=(0.0,0.0) round=0/0 phase=0
[System] Tick Logger A
[System] Tick Logger B
[Physics] tick=2 ents=12 hasDyn=12 types(d/k)=12/0 null=0 yRange=[0.210,0.856] yDyn0=0.804 pendingDestroy=0
[System] Tick Logger A
[System] Tick Logger B
[Physics] tick=3 ents=12 hasDyn=12 types(d/k)=12/0 null=0 yRange=[0.210,0.856] yDyn0=0.804 pendingDestroy=0
[System] Tick Logger A
[System] Tick Logger B
[System] Tick Logger A
[System] Tick Logger B
[System] Tick Logger A
[System] Tick Logger B
[System] Tick Logger A
[System] Tick Logger B
[System] Tick Logger A
[System] Tick Logger B
[System] Tick Logger A
[System] Tick Logger B
[System] Tick Logger A
[System] Tick Logger B
[System] Tick Logger A
[System] Tick Logger B
[System] Tick Logger A
[System] Tick Logger B
[System] Tick Logger A
[System] Tick Logger B
[System] Tick Logger A
[System] Tick Logger B
[System] Tick Logger A
[System] Tick Logger B
[System] Tick Logger A
[System] Tick Logger B
[System] Tick Logger A
[System] Tick Logger B
[System] Tick Logger A
[System] Tick Logger B
[System] Tick Logger A
[System] Tick Logger B
[System] Tick Logger A
[System] Tick Logger B
[System] Tick Logger A
[System] Tick Logger B
[System] Tick Logger A
[System] Tick Logger B
[System] Tick Logger A
[System] Tick Logger B
[System] Tick Logger A
[System] Tick Logger B
[System] Tick Logger A
[System] Tick Logger B
[System] Tick Logger A
[System] Tick Logger B
[System] Tick Logger A
[System] Tick Logger B
[System] Tick Logger A
[System] Tick Logger B
[System] Tick Logger A
[System] Tick Logger B
[System] Tick Logger A
[System] Tick Logger B
[System] Tick Logger A
[System] Tick Logger B
[System] Tick Logger A
[System] Tick Logger B
[System] Tick Logger A
[System] Tick Logger B
[System] Tick Logger A
[System] Tick Logger B
[System] Tick Logger A
[System] Tick Logger B
[System] Tick Logger A
[System] Tick Logger B
[System] Tick Logger A
[System] Tick Logger B
[System] Tick Logger A
[System] Tick Logger B
[System] Tick Logger A
[System] Tick Logger B
[System] Tick Logger A
[System] Tick Logger B
[System] Tick Logger A
[System] Tick Logger B
[System] Tick Logger A
[System] Tick Logger B
[System] Tick Logger A
[System] Tick Logger B
[System] Tick Logger A
[System] Tick Logger B
[System] Tick Logger A
[System] Tick Logger B
[System] Tick Logger A
[System] Tick Logger B
[System] Tick Logger A
[System] Tick Logger B
[System] Tick Logger A
[System] Tick Logger B
[System] Tick Logger A
[System] Tick Logger B
[System] Tick Logger A
[System] Tick Logger B
[System] Tick Logger A
[System] Tick Logger B
[System] Tick Logger A
[System] Tick Logger B
[System] Tick Logger A
[System] Tick Logger B
[System] Tick Logger A
[System] Tick Logger B
[System] Tick Logger A
[System] Tick Logger B
[System] Tick Logger A
[System] Tick Logger B
[System] Tick Logger A
[System] Tick Logger B
[System] Tick Logger A
[System] Tick Logger B
[System] Tick Logger A
[System] Tick Logger B
[System] Tick Logger A
[System] Tick Logger B
[Physics] tick=60 ents=12 hasDyn=12 types(d/k)=12/0 null=0 yRange=[0.210,0.864] yDyn0=0.808 pendingDestroy=0
[System] Tick Logger A
[System] Tick Logger B
[System] Tick Logger A
[System] Tick Logger B
[System] Tick Logger A
[System] Tick Logger B
[System] Tick Logger A
[System] Tick Logger B
[System] Tick Logger A
[System] Tick Logger B
[System] Tick Logger A
[System] Tick Logger B
[System] Tick Logger A
[System] Tick Logger B
[System] Tick Logger A
[System] Tick Logger B
[System] Tick Logger A
[System] Tick Logger B
[System] Tick Logger A
[System] Tick Logger B
[System] Tick Logger A
[System] Tick Logger B
[System] Tick Logger A
[System] Tick Logger B
[System] Tick Logger A
[System] Tick Logger B
[System] Tick Logger A
[System] Tick Logger B
[System] Tick Logger A
[System] Tick Logger B
[System] Tick Logger A
[System] Tick Logger B
[System] Tick Logger A
[System] Tick Logger B
[System] Tick Logger A
[System] Tick Logger B
[System] Tick Logger A
[System] Tick Logger B
[System] Tick Logger A
[System] Tick Logger B
[System] Tick Logger A
[System] Tick Logger B
[System] Tick Logger A
[System] Tick Logger B
[System] Tick Logger A
[System] Tick Logger B
[System] Tick Logger A
[System] Tick Logger B
[System] Tick Logger A
[System] Tick Logger B
[System] Tick Logger A
[System] Tick Logger B
[System] Tick Logger A
[System] Tick Logger B
[System] Tick Logger A
[System] Tick Logger B
[System] Tick Logger A
[System] Tick Logger B
[System] Tick Logger A
[System] Tick Logger B
[System] Tick Logger A
[System] Tick Logger B
[System] Tick Logger A
[System] Tick Logger B
[System] Tick Logger A
[System] Tick Logger B
[System] Tick Logger A
[System] Tick Logger B
[System] Tick Logger A
[System] Tick Logger B
[System] Tick Logger A
[System] Tick Logger B
[System] Tick Logger A
[System] Tick Logger B
[System] Tick Logger A
[System] Tick Logger B
[System] Tick Logger A
[System] Tick Logger B
[System] Tick Logger A
[System] Tick Logger B
[System] Tick Logger A
[System] Tick Logger B
[System] Tick Logger A
[System] Tick Logger B
[System] Tick Logger A
[System] Tick Logger B
[System] Tick Logger A
[System] Tick Logger B
[System] Tick Logger A
[System] Tick Logger B
[System] Tick Logger A
[System] Tick Logger B
[System] Tick Logger A
[System] Tick Logger B
[System] Tick Logger A
[System] Tick Logger B
[System] Tick Logger A
[System] Tick Logger B
[System] Tick Logger A
[System] Tick Logger B
[System] Tick Logger A
[System] Tick Logger B
[System] Tick Logger A
[System] Tick Logger B
[System] Tick Logger A
[System] Tick Logger B
[System] Tick Logger A
[System] Tick Logger B
[System] Tick Logger A
[System] Tick Logger B
[System] Tick Logger A
[System] Tick Logger B
[System] Tick Logger A
[System] Tick Logger B
[System] Tick Logger A
[System] Tick Logger B
[System] Tick Logger A
[System] Tick Logger B
[System] Tick Logger A
[System] Tick Logger B
[Physics] tick=120 ents=12 hasDyn=12 types(d/k)=12/0 null=0 yRange=[0.210,0.865] yDyn0=0.809 pendingDestroy=0
[System] Tick Logger A
[System] Tick Logger B
[System] Tick Logger A
[System] Tick Logger B
[System] Tick Logger A
[System] Tick Logger B
[System] Tick Logger A
[System] Tick Logger B
[System] Tick Logger A
[System] Tick Logger B
[System] Tick Logger A
[System] Tick Logger B
[System] Tick Logger A
[System] Tick Logger B
[System] Tick Logger A
[System] Tick Logger B
[System] Tick Logger A
[System] Tick Logger B
[System] Tick Logger A
[System] Tick Logger B
[System] Tick Logger A
[System] Tick Logger B
[System] Tick Logger A
[System] Tick Logger B
[System] Tick Logger A
[System] Tick Logger B
[System] Tick Logger A
[System] Tick Logger B
[System] Tick Logger A
[System] Tick Logger B
[System] Tick Logger A
[System] Tick Logger B
[System] Tick Logger A
[System] Tick Logger B
[System] Tick Logger A
[System] Tick Logger B
[System] Tick Logger A
[System] Tick Logger B
[System] Tick Logger A
[System] Tick Logger B
[System] Tick Logger A
[System] Tick Logger B
[System] Tick Logger A
[System] Tick Logger B
[System] Tick Logger A
[System] Tick Logger B
[System] Tick Logger A
[System] Tick Logger B
[System] Tick Logger A
[System] Tick Logger B
[System] Tick Logger A
[System] Tick Logger B
[System] Tick Logger A
[System] Tick Logger B
[System] Tick Logger A
[System] Tick Logger B
[System] Tick Logger A
[System] Tick Logger B
[System] Tick Logger A
[System] Tick Logger B
[System] Tick Logger A
[System] Tick Logger B
[System] Tick Logger A
[System] Tick Logger B
[System] Tick Logger A
[System] Tick Logger B
[System] Tick Logger A
[System] Tick Logger B
[System] Tick Logger A
[System] Tick Logger B
[System] Tick Logger A
[System] Tick Logger B
[System] Tick Logger A
[System] Tick Logger B
[System] Tick Logger A
[System] Tick Logger B
[System] Tick Logger A
[System] Tick Logger B
[System] Tick Logger A
[System] Tick Logger B
[System] Tick Logger A
[System] Tick Logger B
[System] Tick Logger A
[System] Tick Logger B
[System] Tick Logger A
[System] Tick Logger B
[System] Tick Logger A
[System] Tick Logger B
[System] Tick Logger A
[System] Tick Logger B
[System] Tick Logger A
[System] Tick Logger B
[System] Tick Logger A
[System] Tick Logger B
[System] Tick Logger A
[System] Tick Logger B
[System] Tick Logger A
[System] Tick Logger B
[System] Tick Logger A
[System] Tick Logger B
[System] Tick Logger A
[System] Tick Logger B
[System] Tick Logger A
[System] Tick Logger B
[System] Tick Logger A
[System] Tick Logger B
[System] Tick Logger A
[System] Tick Logger B
[System] Tick Logger A
[System] Tick Logger B
[System] Tick Logger A
[System] Tick Logger B
[System] Tick Logger A
[System] Tick Logger B
[System] Tick Logger A
[System] Tick Logger B
[System] Tick Logger A
[System] Tick Logger B
[System] Tick Logger A
[System] Tick Logger B
[Physics] tick=180 ents=12 hasDyn=12 types(d/k)=12/0 null=0 yRange=[0.210,0.865] yDyn0=0.809 pendingDestroy=0
[System] Tick Logger A
[System] Tick Logger B
[System] Tick Logger A
[System] Tick Logger B
[System] Tick Logger A
[System] Tick Logger B
[System] Tick Logger A
[System] Tick Logger B
[System] Tick Logger A
[System] Tick Logger B
[System] Tick Logger A
[System] Tick Logger B
[System] Tick Logger A
[System] Tick Logger B
[System] Tick Logger A
[System] Tick Logger B
[System] Tick Logger A
[System] Tick Logger B
[System] Tick Logger A
[System] Tick Logger B
[System] Tick Logger A
[System] Tick Logger B
[System] Tick Logger A
[System] Tick Logger B
[System] Tick Logger A
[System] Tick Logger B
[System] Tick Logger A
[System] Tick Logger B
[System] Tick Logger A
[System] Tick Logger B
[System] Tick Logger A
[System] Tick Logger B
[System] Tick Logger A
[System] Tick Logger B
[System] Tick Logger A
[System] Tick Logger B
[System] Tick Logger A
[System] Tick Logger B
[System] Tick Logger A
[System] Tick Logger B
[System] Tick Logger A
[System] Tick Logger B
[System] Tick Logger A
[System] Tick Logger B
[System] Tick Logger A
[System] Tick Logger B
[System] Tick Logger A
[System] Tick Logger B
[System] Tick Logger A
[System] Tick Logger B
[System] Tick Logger A
[System] Tick Logger B
[System] Tick Logger A
[System] Tick Logger B
[System] Tick Logger A
[System] Tick Logger B
[System] Tick Logger A
[System] Tick Logger B
[System] Tick Logger A
[System] Tick Logger B
[System] Tick Logger A
[System] Tick Logger B
[System] Tick Logger A
[System] Tick Logger B
[System] Tick Logger A
[System] Tick Logger B
[System] Tick Logger A
[System] Tick Logger B
[System] Tick Logger A
[System] Tick Logger B
[System] Tick Logger A
[System] Tick Logger B
[System] Tick Logger A
[System] Tick Logger B
[System] Tick Logger A
[System] Tick Logger B
[System] Tick Logger A
[System] Tick Logger B
[System] Tick Logger A
[System] Tick Logger B
[System] Tick Logger A
[System] Tick Logger B
[System] Tick Logger A
[System] Tick Logger B
[System] Tick Logger A
[System] Tick Logger B
[System] Tick Logger A
[System] Tick Logger B
[System] Tick Logger A
[System] Tick Logger B
[System] Tick Logger A
[System] Tick Logger B
[System] Tick Logger A
[System] Tick Logger B
[System] Tick Logger A
[System] Tick Logger B
[System] Tick Logger A
[System] Tick Logger B
[System] Tick Logger A
[System] Tick Logger B
[System] Tick Logger A
[System] Tick Logger B
[System] Tick Logger A
[System] Tick Logger B
[System] Tick Logger A
[System] Tick Logger B
[System] Tick Logger A
[System] Tick Logger B
[System] Tick Logger A
[System] Tick Logger B
[System] Tick Logger A
[System] Tick Logger B
[System] Tick Logger A
[System] Tick Logger B
[System] Tick Logger A
[System] Tick Logger B
[System] Tick Logger A
[System] Tick Logger B
[System] Tick Logger A
[System] Tick Logger B
[Physics] tick=240 ents=12 hasDyn=12 types(d/k)=12/0 null=0 yRange=[0.210,0.865] yDyn0=0.809 pendingDestroy=0
[System] Tick Logger A
[System] Tick Logger B
[System] Tick Logger A
[System] Tick Logger B
[System] Tick Logger A
[System] Tick Logger B
[System] Tick Logger A
[System] Tick Logger B
[System] Tick Logger A
[System] Tick Logger B
[System] Tick Logger A
[System] Tick Logger B
[System] Tick Logger A
[System] Tick Logger B
[System] Tick Logger A
[System] Tick Logger B
[System] Tick Logger A
[System] Tick Logger B
[System] Tick Logger A
[System] Tick Logger B
[System] Tick Logger A
[System] Tick Logger B
[System] Tick Logger A
[System] Tick Logger B
[System] Tick Logger A
[System] Tick Logger B
[System] Tick Logger A
[System] Tick Logger B
[System] Tick Logger A
[System] Tick Logger B
[System] Tick Logger A
[System] Tick Logger B
[System] Tick Logger A
[System] Tick Logger B
[System] Tick Logger A
[System] Tick Logger B
[System] Tick Logger A
[System] Tick Logger B
[System] Tick Logger A
[System] Tick Logger B
[System] Tick Logger A
[System] Tick Logger B
[System] Tick Logger A
[System] Tick Logger B
[System] Tick Logger A
[System] Tick Logger B
[System] Tick Logger A
[System] Tick Logger B
[System] Tick Logger A
[System] Tick Logger B
[System] Tick Logger A
[System] Tick Logger B
[System] Tick Logger A
[System] Tick Logger B
[System] Tick Logger A
[System] Tick Logger B
[System] Tick Logger A
[System] Tick Logger B
[System] Tick Logger A
[System] Tick Logger B
[System] Tick Logger A
[System] Tick Logger B
[System] Tick Logger A
[System] Tick Logger B
[System] Tick Logger A
[System] Tick Logger B
[System] Tick Logger A
[System] Tick Logger B
[System] Tick Logger A
[System] Tick Logger B
[System] Tick Logger A
[System] Tick Logger B
[System] Tick Logger A
[System] Tick Logger B
[System] Tick Logger A
[System] Tick Logger B
[System] Tick Logger A
[System] Tick Logger B
[System] Tick Logger A
[System] Tick Logger B
[System] Tick Logger A
[System] Tick Logger B
[System] Tick Logger A
[System] Tick Logger B
[System] Tick Logger A
[System] Tick Logger B
[System] Tick Logger A
[System] Tick Logger B
[System] Tick Logger A
[System] Tick Logger B
[System] Tick Logger A
[System] Tick Logger B
[System] Tick Logger A
[System] Tick Logger B
[System] Tick Logger A
[System] Tick Logger B
[System] Tick Logger A
[System] Tick Logger B
[System] Tick Logger A
[System] Tick Logger B
[System] Tick Logger A
[System] Tick Logger B
[System] Tick Logger A
[System] Tick Logger B
[System] Tick Logger A
[System] Tick Logger B
[System] Tick Logger A
[System] Tick Logger B
[System] Tick Logger A
[System] Tick Logger B
[System] Tick Logger A
[System] Tick Logger B
[System] Tick Logger A
[System] Tick Logger B
[System] Tick Logger A
[System] Tick Logger B
[System] Tick Logger A
[System] Tick Logger B
[System] Tick Logger A
[System] Tick Logger B
[Physics] tick=300 ents=12 hasDyn=12 types(d/k)=12/0 null=0 yRange=[0.210,0.865] yDyn0=0.809 pendingDestroy=0
[System] Tick Logger A
[System] Tick Logger B
[System] Tick Logger A
[System] Tick Logger B
[System] Tick Logger A
[System] Tick Logger B
[System] Tick Logger A
[System] Tick Logger B
[System] Tick Logger A
[System] Tick Logger B
[System] Tick Logger A
[System] Tick Logger B
[System] Tick Logger A
[System] Tick Logger B
[System] Tick Logger A
[System] Tick Logger B
[System] Tick Logger A
[System] Tick Logger B
[System] Tick Logger A
[System] Tick Logger B
[System] Tick Logger A
[System] Tick Logger B
[System] Tick Logger A
[System] Tick Logger B
[System] Tick Logger A
[System] Tick Logger B
[System] Tick Logger A
[System] Tick Logger B
[System] Tick Logger A
[System] Tick Logger B
[System] Tick Logger A
[System] Tick Logger B
[System] Tick Logger A
[System] Tick Logger B
[System] Tick Logger A
[System] Tick Logger B
[System] Tick Logger A
[System] Tick Logger B
[System] Tick Logger A
[System] Tick Logger B
[System] Tick Logger A
[System] Tick Logger B
[System] Tick Logger A
[System] Tick Logger B
[System] Tick Logger A
[System] Tick Logger B
[System] Tick Logger A
[System] Tick Logger B
[System] Tick Logger A
[System] Tick Logger B
[System] Tick Logger A
[System] Tick Logger B
[System] Tick Logger A
[System] Tick Logger B
[System] Tick Logger A
[System] Tick Logger B
[System] Tick Logger A
[System] Tick Logger B
[System] Tick Logger A
[System] Tick Logger B
[System] Tick Logger A
[System] Tick Logger B
[System] Tick Logger A
[System] Tick Logger B
[System] Tick Logger A
[System] Tick Logger B
[System] Tick Logger A
[System] Tick Logger B
[System] Tick Logger A
[System] Tick Logger B
[System] Tick Logger A
[System] Tick Logger B
[System] Tick Logger A
[System] Tick Logger B
[System] Tick Logger A
[System] Tick Logger B
[System] Tick Logger A
[System] Tick Logger B
[System] Tick Logger A
[System] Tick Logger B
[System] Tick Logger A
[System] Tick Logger B
[System] Tick Logger A
[System] Tick Logger B
[System] Tick Logger A
[System] Tick Logger B
[System] Tick Logger A
[System] Tick Logger B
[System] Tick Logger A
[System] Tick Logger B
[System] Tick Logger A
[System] Tick Logger B
[System] Tick Logger A
[System] Tick Logger B
[System] Tick Logger A
[System] Tick Logger B
[System] Tick Logger A
[System] Tick Logger B
[System] Tick Logger A
[System] Tick Logger B
[System] Tick Logger A
[System] Tick Logger B
[System] Tick Logger A
[System] Tick Logger B
[System] Tick Logger A
[System] Tick Logger B
[System] Tick Logger A
[System] Tick Logger B
[System] Tick Logger A
[System] Tick Logger B
[soccer] id7 pos=(7.00,-3.00) bodyvel=(0.00,0.00) desired=(0.00,0.00) force=(0.0,0.0) round=0/0 phase=0
[System] Tick Logger A
[System] Tick Logger B
[System] Tick Logger A
[System] Tick Logger B
[System] Tick Logger A
[System] Tick Logger B
[System] Tick Logger A
[System] Tick Logger B
[System] Tick Logger A
[System] Tick Logger B
[Physics] tick=360 ents=12 hasDyn=12 types(d/k)=12/0 null=0 yRange=[0.210,0.865] yDyn0=0.809 pendingDestroy=0
[System] Tick Logger A
[System] Tick Logger B
[System] Tick Logger A
[System] Tick Logger B
[System] Tick Logger A
[System] Tick Logger B
[System] Tick Logger A
[System] Tick Logger B
[System] Tick Logger A
[System] Tick Logger B
[System] Tick Logger A
[System] Tick Logger B
[System] Tick Logger A
[System] Tick Logger B
[System] Tick Logger A
[System] Tick Logger B
[System] Tick Logger A
[System] Tick Logger B
[System] Tick Logger A
[System] Tick Logger B
[System] Tick Logger A
[System] Tick Logger B
[System] Tick Logger A
[System] Tick Logger B
[System] Tick Logger A
[System] Tick Logger B
[System] Tick Logger A
[System] Tick Logger B
[System] Tick Logger A
[System] Tick Logger B
[System] Tick Logger A
[System] Tick Logger B
[System] Tick Logger A
[System] Tick Logger B
[System] Tick Logger A
[System] Tick Logger B
[System] Tick Logger A
[System] Tick Logger B
[System] Tick Logger A
[System] Tick Logger B
[System] Tick Logger A
[System] Tick Logger B
[System] Tick Logger A
[System] Tick Logger B
[System] Tick Logger A
[System] Tick Logger B
[System] Tick Logger A
[System] Tick Logger B
[System] Tick Logger A
[System] Tick Logger B
[System] Tick Logger A
[System] Tick Logger B
[System] Tick Logger A
[System] Tick Logger B
[System] Tick Logger A
[System] Tick Logger B
[System] Tick Logger A
[System] Tick Logger B
[System] Tick Logger A
[System] Tick Logger B
[System] Tick Logger A
[System] Tick Logger B
[System] Tick Logger A
[System] Tick Logger B
[System] Tick Logger A
[System] Tick Logger B
[System] Tick Logger A
[System] Tick Logger B
[System] Tick Logger A
[System] Tick Logger B
[System] Tick Logger A
[System] Tick Logger B
[System] Tick Logger A
[System] Tick Logger B
[System] Tick Logger A
[System] Tick Logger B
[System] Tick Logger A
[System] Tick Logger B
[System] Tick Logger A
[System] Tick Logger B
[System] Tick Logger A
[System] Tick Logger B
[System] Tick Logger A
[System] Tick Logger B
[System] Tick Logger A
[System] Tick Logger B
[System] Tick Logger A
[System] Tick Logger B
[System] Tick Logger A
[System] Tick Logger B
[System] Tick Logger A
[System] Tick Logger B
[System] Tick Logger A
[System] Tick Logger B
[System] Tick Logger A
[System] Tick Logger B
[System] Tick Logger A
[System] Tick Logger B
[System] Tick Logger A
[System] Tick Logger B
[System] Tick Logger A
[System] Tick Logger B
[System] Tick Logger A
[System] Tick Logger B
[System] Tick Logger A
[System] Tick Logger B
[System] Tick Logger A
[System] Tick Logger B
[System] Tick Logger A
[System] Tick Logger B
[System] Tick Logger A
[System] Tick Logger B
[System] Tick Logger A
[System] Tick Logger B
[System] Tick Logger A
[System] Tick Logger B
[System] Tick Logger A
[System] Tick Logger B
[System] Tick Logger A
[System] Tick Logger B
[Physics] tick=420 ents=12 hasDyn=12 types(d/k)=12/0 null=0 yRange=[0.210,0.865] yDyn0=0.809 pendingDestroy=0
[System] Tick Logger A
[System] Tick Logger B
[System] Tick Logger A
[System] Tick Logger B
[System] Tick Logger A
[System] Tick Logger B
[System] Tick Logger A
[System] Tick Logger B
[System] Tick Logger A
[System] Tick Logger B
[System] Tick Logger A
[System] Tick Logger B
[System] Tick Logger A
[System] Tick Logger B
[System] Tick Logger A
[System] Tick Logger B
[System] Tick Logger A
[System] Tick Logger B
[System] Tick Logger A
[System] Tick Logger B
[System] Tick Logger A
[System] Tick Logger B
[System] Tick Logger A
[System] Tick Logger B
[System] Tick Logger A
[System] Tick Logger B
[System] Tick Logger A
[System] Tick Logger B
[System] Tick Logger A
[System] Tick Logger B
[System] Tick Logger A
[System] Tick Logger B
[System] Tick Logger A
[System] Tick Logger B
[System] Tick Logger A
[System] Tick Logger B
[System] Tick Logger A
[System] Tick Logger B
[System] Tick Logger A
[System] Tick Logger B
[System] Tick Logger A
[System] Tick Logger B
[System] Tick Logger A
[System] Tick Logger B
[System] Tick Logger A
[System] Tick Logger B
[System] Tick Logger A
[System] Tick Logger B
[System] Tick Logger A
[System] Tick Logger B
[System] Tick Logger A
[System] Tick Logger B
[System] Tick Logger A
[System] Tick Logger B
[System] Tick Logger A
[System] Tick Logger B
[System] Tick Logger A
[System] Tick Logger B
[System] Tick Logger A
[System] Tick Logger B
[System] Tick Logger A
[System] Tick Logger B
[System] Tick Logger A
[System] Tick Logger B
[System] Tick Logger A
[System] Tick Logger B
[System] Tick Logger A
[System] Tick Logger B
[System] Tick Logger A
[System] Tick Logger B
[System] Tick Logger A
[System] Tick Logger B
[System] Tick Logger A
[System] Tick Logger B
[System] Tick Logger A
[System] Tick Logger B
[System] Tick Logger A
[System] Tick Logger B
[System] Tick Logger A
[System] Tick Logger B
[System] Tick Logger A
[System] Tick Logger B
[System] Tick Logger A
[System] Tick Logger B
[System] Tick Logger A
[System] Tick Logger B
[System] Tick Logger A
[System] Tick Logger B
[System] Tick Logger A
[System] Tick Logger B
[System] Tick Logger A
[System] Tick Logger B
[System] Tick Logger A
[System] Tick Logger B
[System] Tick Logger A
[System] Tick Logger B
[System] Tick Logger A
[System] Tick Logger B
[System] Tick Logger A
[System] Tick Logger B
[System] Tick Logger A
[System] Tick Logger B
[System] Tick Logger A
[System] Tick Logger B
[System] Tick Logger A
[System] Tick Logger B
[System] Tick Logger A
[System] Tick Logger B
[System] Tick Logger A
[System] Tick Logger B
[System] Tick Logger A
[System] Tick Logger B
[System] Tick Logger A
[System] Tick Logger B
[System] Tick Logger A
[System] Tick Logger B
[System] Tick Logger A
[System] Tick Logger B
[System] Tick Logger A
[System] Tick Logger B
[Physics] tick=480 ents=12 hasDyn=12 types(d/k)=12/0 null=0 yRange=[0.210,0.865] yDyn0=0.809 pendingDestroy=0
[System] Tick Logger A
[System] Tick Logger B
[System] Tick Logger A
[System] Tick Logger B
[System] Tick Logger A
[System] Tick Logger B
[System] Tick Logger A
[System] Tick Logger B
[System] Tick Logger A
[System] Tick Logger B
[System] Tick Logger A
[System] Tick Logger B
[System] Tick Logger A
[System] Tick Logger B
[System] Tick Logger A
[System] Tick Logger B
[System] Tick Logger A
[System] Tick Logger B
[System] Tick Logger A
[System] Tick Logger B
[System] Tick Logger A
[System] Tick Logger B
[System] Tick Logger A
[System] Tick Logger B
[System] Tick Logger A
[System] Tick Logger B
[System] Tick Logger A
[System] Tick Logger B
[System] Tick Logger A
[System] Tick Logger B
[System] Tick Logger A
[System] Tick Logger B
[System] Tick Logger A
[System] Tick Logger B
[System] Tick Logger A
[System] Tick Logger B
[System] Tick Logger A
[System] Tick Logger B
[System] Tick Logger A
[System] Tick Logger B
[System] Tick Logger A
[System] Tick Logger B
[System] Tick Logger A
[System] Tick Logger B
[System] Tick Logger A
[System] Tick Logger B
[System] Tick Logger A
[System] Tick Logger B
[System] Tick Logger A
[System] Tick Logger B
[System] Tick Logger A
[System] Tick Logger B
[System] Tick Logger A
[System] Tick Logger B
[System] Tick Logger A
[System] Tick Logger B
[System] Tick Logger A
[System] Tick Logger B
[System] Tick Logger A
[System] Tick Logger B
[System] Tick Logger A
[System] Tick Logger B
[System] Tick Logger A
[System] Tick Logger B
[System] Tick Logger A
[System] Tick Logger B
[System] Tick Logger A
[System] Tick Logger B
[System] Tick Logger A
[System] Tick Logger B
[System] Tick Logger A
[System] Tick Logger B
[System] Tick Logger A
[System] Tick Logger B
[System] Tick Logger A
[System] Tick Logger B
[System] Tick Logger A
[System] Tick Logger B
[System] Tick Logger A
[System] Tick Logger B
[System] Tick Logger A
[System] Tick Logger B
[System] Tick Logger A
[System] Tick Logger B
[System] Tick Logger A
[System] Tick Logger B
[System] Tick Logger A
[System] Tick Logger B
[System] Tick Logger A
[System] Tick Logger B
[System] Tick Logger A
[System] Tick Logger B
[System] Tick Logger A
[System] Tick Logger B
[System] Tick Logger A
[System] Tick Logger B
[System] Tick Logger A
[System] Tick Logger B
[System] Tick Logger A
[System] Tick Logger B
[System] Tick Logger A
[System] Tick Logger B
[System] Tick Logger A
[System] Tick Logger B
[System] Tick Logger A
[System] Tick Logger B
[System] Tick Logger A
[System] Tick Logger B
[System] Tick Logger A
[System] Tick Logger B
[System] Tick Logger A
[System] Tick Logger B
[System] Tick Logger A
[System] Tick Logger B
[System] Tick Logger A
[System] Tick Logger B
[System] Tick Logger A
[System] Tick Logger B
[System] Tick Logger A
[System] Tick Logger B
[Physics] tick=540 ents=12 hasDyn=12 types(d/k)=12/0 null=0 yRange=[0.210,0.865] yDyn0=0.809 pendingDestroy=0
[System] Tick Logger A
[System] Tick Logger B
[System] Tick Logger A
[System] Tick Logger B
[System] Tick Logger A
[System] Tick Logger B
[System] Tick Logger A
[System] Tick Logger B
[System] Tick Logger A
[System] Tick Logger B
[System] Tick Logger A
[System] Tick Logger B
[System] Tick Logger A
[System] Tick Logger B
[System] Tick Logger A
[System] Tick Logger B
[System] Tick Logger A
[System] Tick Logger B
[System] Tick Logger A
[System] Tick Logger B
[System] Tick Logger A
[System] Tick Logger B
[System] Tick Logger A
[System] Tick Logger B
[System] Tick Logger A
[System] Tick Logger B
[System] Tick Logger A
[System] Tick Logger B
[System] Tick Logger A
[System] Tick Logger B
[System] Tick Logger A
[System] Tick Logger B
[System] Tick Logger A
[System] Tick Logger B
[System] Tick Logger A
[System] Tick Logger B
[System] Tick Logger A
[System] Tick Logger B
[System] Tick Logger A
[System] Tick Logger B
[System] Tick Logger A
[System] Tick Logger B
[System] Tick Logger A
[System] Tick Logger B
[System] Tick Logger A
[System] Tick Logger B
[System] Tick Logger A
[System] Tick Logger B
[System] Tick Logger A
[System] Tick Logger B
[System] Tick Logger A
[System] Tick Logger B
[System] Tick Logger A
[System] Tick Logger B
[System] Tick Logger A
[System] Tick Logger B
[System] Tick Logger A
[System] Tick Logger B
[System] Tick Logger A
[System] Tick Logger B
[System] Tick Logger A
[System] Tick Logger B
[System] Tick Logger A
[System] Tick Logger B
[System] Tick Logger A
[System] Tick Logger B
[System] Tick Logger A
[System] Tick Logger B
[System] Tick Logger A
[System] Tick Logger B
[System] Tick Logger A
[System] Tick Logger B
[System] Tick Logger A
[System] Tick Logger B
[System] Tick Logger A
[System] Tick Logger B
[System] Tick Logger A
[System] Tick Logger B
[System] Tick Logger A
[System] Tick Logger B
[System] Tick Logger A
[System] Tick Logger B
[System] Tick Logger A
[System] Tick Logger B
[System] Tick Logger A
[System] Tick Logger B
[System] Tick Logger A
[System] Tick Logger B
[System] Tick Logger A
[System] Tick Logger B
[System] Tick Logger A
[System] Tick Logger B
[System] Tick Logger A
[System] Tick Logger B
[System] Tick Logger A
[System] Tick Logger B
[System] Tick Logger A
[System] Tick Logger B
[System] Tick Logger A
[System] Tick Logger B
[System] Tick Logger A
[System] Tick Logger B
[System] Tick Logger A
[System] Tick Logger B
[System] Tick Logger A
[System] Tick Logger B
[System] Tick Logger A
[System] Tick Logger B
[System] Tick Logger A
[System] Tick Logger B
[System] Tick Logger A
[System] Tick Logger B
[System] Tick Logger A
[System] Tick Logger B
[System] Tick Logger A
[System] Tick Logger B
[System] Tick Logger A
[System] Tick Logger B
[System] Tick Logger A
[System] Tick Logger B
[Physics] tick=600 ents=12 hasDyn=12 types(d/k)=12/0 null=0 yRange=[0.210,0.865] yDyn0=0.809 pendingDestroy=0
[System] Tick Logger A
[System] Tick Logger B
[System] Tick Logger A
[System] Tick Logger B
[System] Tick Logger A
[System] Tick Logger B
[System] Tick Logger A
[System] Tick Logger B
[System] Tick Logger A
[System] Tick Logger B
[System] Tick Logger A
[System] Tick Logger B
[System] Tick Logger A
[System] Tick Logger B
[System] Tick Logger A
[System] Tick Logger B
[System] Tick Logger A
[System] Tick Logger B
[System] Tick Logger A
[System] Tick Logger B
[System] Tick Logger A
[System] Tick Logger B
[System] Tick Logger A
[System] Tick Logger B
[System] Tick Logger A
[System] Tick Logger B
[System] Tick Logger A
[System] Tick Logger B
[System] Tick Logger A
[System] Tick Logger B
[System] Tick Logger A
[System] Tick Logger B
[System] Tick Logger A
[System] Tick Logger B
[System] Tick Logger A
[System] Tick Logger B
[System] Tick Logger A
[System] Tick Logger B
[System] Tick Logger A
[System] Tick Logger B
[System] Tick Logger A
[System] Tick Logger B
[System] Tick Logger A
[System] Tick Logger B
[System] Tick Logger A
[System] Tick Logger B
[System] Tick Logger A
[System] Tick Logger B
[System] Tick Logger A
[System] Tick Logger B
[System] Tick Logger A
[System] Tick Logger B
[System] Tick Logger A
[System] Tick Logger B
[System] Tick Logger A
[System] Tick Logger B
[System] Tick Logger A
[System] Tick Logger B
[System] Tick Logger A
[System] Tick Logger B
[System] Tick Logger A
[System] Tick Logger B
[System] Tick Logger A
[System] Tick Logger B
[System] Tick Logger A
[System] Tick Logger B
[System] Tick Logger A
[System] Tick Logger B
[System] Tick Logger A
[System] Tick Logger B
[System] Tick Logger A
[System] Tick Logger B
[System] Tick Logger A
[System] Tick Logger B
[System] Tick Logger A
[System] Tick Logger B
[System] Tick Logger A
[System] Tick Logger B
[System] Tick Logger A
[System] Tick Logger B
[System] Tick Logger A
[System] Tick Logger B
[System] Tick Logger A
[System] Tick Logger B
[System] Tick Logger A
[System] Tick Logger B
[System] Tick Logger A
[System] Tick Logger B
[System] Tick Logger A
[System] Tick Logger B
[System] Tick Logger A
[System] Tick Logger B
[System] Tick Logger A
[System] Tick Logger B
[System] Tick Logger A
[System] Tick Logger B
[System] Tick Logger A
[System] Tick Logger B
[System] Tick Logger A
[System] Tick Logger B
[System] Tick Logger A
[System] Tick Logger B
[System] Tick Logger A
[System] Tick Logger B
[System] Tick Logger A
[System] Tick Logger B
[System] Tick Logger A
[System] Tick Logger B
[System] Tick Logger A
[System] Tick Logger B
[System] Tick Logger A
[System] Tick Logger B
[System] Tick Logger A
[System] Tick Logger B
[System] Tick Logger A
[System] Tick Logger B
[System] Tick Logger A
[System] Tick Logger B
[System] Tick Logger A
[System] Tick Logger B
[Physics] tick=660 ents=12 hasDyn=12 types(d/k)=12/0 null=0 yRange=[0.210,0.865] yDyn0=0.809 pendingDestroy=0
[System] Tick Logger A
[System] Tick Logger B
[System] Tick Logger A
[System] Tick Logger B
[System] Tick Logger A
[System] Tick Logger B
[System] Tick Logger A
[System] Tick Logger B
[System] Tick Logger A
[System] Tick Logger B
[System] Tick Logger A
[System] Tick Logger B
[System] Tick Logger A
[System] Tick Logger B
[System] Tick Logger A
[System] Tick Logger B
[System] Tick Logger A
[System] Tick Logger B
[System] Tick Logger A
[System] Tick Logger B
[System] Tick Logger A
[System] Tick Logger B
[System] Tick Logger A
[System] Tick Logger B
[System] Tick Logger A
[System] Tick Logger B
[System] Tick Logger A
[System] Tick Logger B
[System] Tick Logger A
[System] Tick Logger B
[System] Tick Logger A
[System] Tick Logger B
[System] Tick Logger A
[System] Tick Logger B
[System] Tick Logger A
[System] Tick Logger B
[System] Tick Logger A
[System] Tick Logger B
[System] Tick Logger A
[System] Tick Logger B
[System] Tick Logger A
[System] Tick Logger B
[System] Tick Logger A
[System] Tick Logger B
[System] Tick Logger A
[System] Tick Logger B
[System] Tick Logger A
[System] Tick Logger B
[System] Tick Logger A
[System] Tick Logger B
[System] Tick Logger A
[System] Tick Logger B
[System] Tick Logger A
[System] Tick Logger B
[System] Tick Logger A
[System] Tick Logger B
[System] Tick Logger A
[System] Tick Logger B
[System] Tick Logger A
[System] Tick Logger B
[System] Tick Logger A
[System] Tick Logger B
[System] Tick Logger A
[System] Tick Logger B
[System] Tick Logger A
[System] Tick Logger B
[System] Tick Logger A
[System] Tick Logger B
[System] Tick Logger A
[System] Tick Logger B
[System] Tick Logger A
[System] Tick Logger B
[System] Tick Logger A
[System] Tick Logger B
[System] Tick Logger A
[System] Tick Logger B
[System] Tick Logger A
[System] Tick Logger B
[System] Tick Logger A
[System] Tick Logger B
[System] Tick Logger A
[System] Tick Logger B
[System] Tick Logger A
[System] Tick Logger B
[System] Tick Logger A
[System] Tick Logger B
[System] Tick Logger A
[System] Tick Logger B
[System] Tick Logger A
[System] Tick Logger B
[System] Tick Logger A
[System] Tick Logger B
[System] Tick Logger A
[System] Tick Logger B
[System] Tick Logger A
[System] Tick Logger B
[System] Tick Logger A
[System] Tick Logger B
[System] Tick Logger A
[System] Tick Logger B
[System] Tick Logger A
[System] Tick Logger B
[System] Tick Logger A
[System] Tick Logger B
[System] Tick Logger A
[System] Tick Logger B
[System] Tick Logger A
[System] Tick Logger B
[System] Tick Logger A
[System] Tick Logger B
[System] Tick Logger A
[System] Tick Logger B
[System] Tick Logger A
[System] Tick Logger B
[System] Tick Logger A
[System] Tick Logger B
[System] Tick Logger A
[System] Tick Logger B
[System] Tick Logger A
[System] Tick Logger B
[Physics] tick=720 ents=12 hasDyn=12 types(d/k)=12/0 null=0 yRange=[0.210,0.865] yDyn0=0.809 pendingDestroy=0
[System] Tick Logger A
[System] Tick Logger B
[soccer] id7 pos=(7.00,-3.00) bodyvel=(0.00,0.00) desired=(0.00,0.00) force=(0.0,0.0) round=0/0 phase=0
[System] Tick Logger A
[System] Tick Logger B
[System] Tick Logger A
[System] Tick Logger B
[System] Tick Logger A
[System] Tick Logger B
[System] Tick Logger A
[System] Tick Logger B
[System] Tick Logger A
[System] Tick Logger B
[System] Tick Logger A
[System] Tick Logger B
[System] Tick Logger A
[System] Tick Logger B
[System] Tick Logger A
[System] Tick Logger B
[System] Tick Logger A
[System] Tick Logger B
[System] Tick Logger A
[System] Tick Logger B
[System] Tick Logger A
[System] Tick Logger B
[System] Tick Logger A
[System] Tick Logger B
[System] Tick Logger A
[System] Tick Logger B
[System] Tick Logger A
[System] Tick Logger B
[System] Tick Logger A
[System] Tick Logger B
[System] Tick Logger A
[System] Tick Logger B
[System] Tick Logger A
[System] Tick Logger B
[System] Tick Logger A
[System] Tick Logger B
[System] Tick Logger A
[System] Tick Logger B
[System] Tick Logger A
[System] Tick Logger B
[System] Tick Logger A
[System] Tick Logger B
[System] Tick Logger A
[System] Tick Logger B
[System] Tick Logger A
[System] Tick Logger B
[System] Tick Logger A
[System] Tick Logger B
[System] Tick Logger A
[System] Tick Logger B
[System] Tick Logger A
[System] Tick Logger B
[System] Tick Logger A
[System] Tick Logger B
[System] Tick Logger A
[System] Tick Logger B
[System] Tick Logger A
[System] Tick Logger B
[System] Tick Logger A
[System] Tick Logger B
[System] Tick Logger A
[System] Tick Logger B
[System] Tick Logger A
[System] Tick Logger B
[System] Tick Logger A
[System] Tick Logger B
[System] Tick Logger A
[System] Tick Logger B
[System] Tick Logger A
[System] Tick Logger B
[System] Tick Logger A
[System] Tick Logger B
[System] Tick Logger A
[System] Tick Logger B
[System] Tick Logger A
[System] Tick Logger B
[System] Tick Logger A
[System] Tick Logger B
[System] Tick Logger A
[System] Tick Logger B
[System] Tick Logger A
[System] Tick Logger B
[System] Tick Logger A
[System] Tick Logger B
[System] Tick Logger A
[System] Tick Logger B
[System] Tick Logger A
[System] Tick Logger B
[System] Tick Logger A
[System] Tick Logger B
[System] Tick Logger A
[System] Tick Logger B
[System] Tick Logger A
[System] Tick Logger B
[System] Tick Logger A
[System] Tick Logger B
[System] Tick Logger A
[System] Tick Logger B
[System] Tick Logger A
[System] Tick Logger B
[System] Tick Logger A
[System] Tick Logger B
[System] Tick Logger A
[System] Tick Logger B
[System] Tick Logger A
[System] Tick Logger B
[System] Tick Logger A
[System] Tick Logger B
[System] Tick Logger A
[System] Tick Logger B
[System] Tick Logger A
[System] Tick Logger B
[System] Tick Logger A
[System] Tick Logger B
[System] Tick Logger A
[System] Tick Logger B
[System] Tick Logger A
[System] Tick Logger B
[Physics] tick=780 ents=12 hasDyn=12 types(d/k)=12/0 null=0 yRange=[0.210,0.865] yDyn0=0.809 pendingDestroy=0
[System] Tick Logger A
[System] Tick Logger B
[System] Tick Logger A
[System] Tick Logger B
[System] Tick Logger A
[System] Tick Logger B
[System] Tick Logger A
[System] Tick Logger B
[System] Tick Logger A
[System] Tick Logger B
[System] Tick Logger A
[System] Tick Logger B
[System] Tick Logger A
[System] Tick Logger B
[System] Tick Logger A
[System] Tick Logger B
[System] Tick Logger A
[System] Tick Logger B
[System] Tick Logger A
[System] Tick Logger B
[System] Tick Logger A
[System] Tick Logger B
[System] Tick Logger A
[System] Tick Logger B
[System] Tick Logger A
[System] Tick Logger B
[System] Tick Logger A
[System] Tick Logger B
[System] Tick Logger A
[System] Tick Logger B
[System] Tick Logger A
[System] Tick Logger B
[System] Tick Logger A
[System] Tick Logger B
[System] Tick Logger A
[System] Tick Logger B
[System] Tick Logger A
[System] Tick Logger B
[System] Tick Logger A
[System] Tick Logger B
[System] Tick Logger A
[System] Tick Logger B
[System] Tick Logger A
[System] Tick Logger B
[System] Tick Logger A
[System] Tick Logger B
[System] Tick Logger A
[System] Tick Logger B
[System] Tick Logger A
[System] Tick Logger B
[System] Tick Logger A
[System] Tick Logger B
[System] Tick Logger A
[System] Tick Logger B
[System] Tick Logger A
[System] Tick Logger B
[System] Tick Logger A
[System] Tick Logger B
[System] Tick Logger A
[System] Tick Logger B
[System] Tick Logger A
[System] Tick Logger B
[System] Tick Logger A
[System] Tick Logger B
[System] Tick Logger A
[System] Tick Logger B
[System] Tick Logger A
[System] Tick Logger B
[System] Tick Logger A
[System] Tick Logger B
[System] Tick Logger A
[System] Tick Logger B
[System] Tick Logger A
[System] Tick Logger B
[System] Tick Logger A
[System] Tick Logger B
[System] Tick Logger A
[System] Tick Logger B
[System] Tick Logger A
[System] Tick Logger B
[System] Tick Logger A
[System] Tick Logger B
[System] Tick Logger A
[System] Tick Logger B
[System] Tick Logger A
[System] Tick Logger B
[System] Tick Logger A
[System] Tick Logger B
[System] Tick Logger A
[System] Tick Logger B
[System] Tick Logger A
[System] Tick Logger B
[System] Tick Logger A
[System] Tick Logger B
[System] Tick Logger A
[System] Tick Logger B
[System] Tick Logger A
[System] Tick Logger B
[System] Tick Logger A
[System] Tick Logger B
[System] Tick Logger A
[System] Tick Logger B
[System] Tick Logger A
[System] Tick Logger B
[System] Tick Logger A
[System] Tick Logger B
[System] Tick Logger A
[System] Tick Logger B
[System] Tick Logger A
[System] Tick Logger B
[System] Tick Logger A
[System] Tick Logger B
[System] Tick Logger A
[System] Tick Logger B
[System] Tick Logger A
[System] Tick Logger B
[System] Tick Logger A
[System] Tick Logger B
[System] Tick Logger A
[System] Tick Logger B
[Physics] tick=840 ents=12 hasDyn=12 types(d/k)=12/0 null=0 yRange=[0.210,0.865] yDyn0=0.809 pendingDestroy=0
[System] Tick Logger A
[System] Tick Logger B
[System] Tick Logger A
[System] Tick Logger B
[System] Tick Logger A
[System] Tick Logger B
[System] Tick Logger A
[System] Tick Logger B
[System] Tick Logger A
[System] Tick Logger B
[System] Tick Logger A
[System] Tick Logger B
[System] Tick Logger A
[System] Tick Logger B
[System] Tick Logger A
[System] Tick Logger B
[System] Tick Logger A
[System] Tick Logger B
[System] Tick Logger A
[System] Tick Logger B
[System] Tick Logger A
[System] Tick Logger B
[System] Tick Logger A
[System] Tick Logger B
[System] Tick Logger A
[System] Tick Logger B
[System] Tick Logger A
[System] Tick Logger B
[System] Tick Logger A
[System] Tick Logger B
[System] Tick Logger A
[System] Tick Logger B
[System] Tick Logger A
[System] Tick Logger B
[System] Tick Logger A
[System] Tick Logger B
[System] Tick Logger A
[System] Tick Logger B
[System] Tick Logger A
[System] Tick Logger B
[System] Tick Logger A
[System] Tick Logger B
[System] Tick Logger A
[System] Tick Logger B
[System] Tick Logger A
[System] Tick Logger B
[System] Tick Logger A
[System] Tick Logger B
[System] Tick Logger A
[System] Tick Logger B
[System] Tick Logger A
[System] Tick Logger B
[System] Tick Logger A
[System] Tick Logger B
[System] Tick Logger A
[System] Tick Logger B
[System] Tick Logger A
[System] Tick Logger B
[System] Tick Logger A
[System] Tick Logger B
[System] Tick Logger A
[System] Tick Logger B
[System] Tick Logger A
[System] Tick Logger B
[System] Tick Logger A
[System] Tick Logger B
[System] Tick Logger A
[System] Tick Logger B
[System] Tick Logger A
[System] Tick Logger B
[System] Tick Logger A
[System] Tick Logger B
[System] Tick Logger A
[System] Tick Logger B
[System] Tick Logger A
[System] Tick Logger B
[System] Tick Logger A
[System] Tick Logger B
[System] Tick Logger A
[System] Tick Logger B
[System] Tick Logger A
[System] Tick Logger B
[System] Tick Logger A
[System] Tick Logger B
[System] Tick Logger A
[System] Tick Logger B
[System] Tick Logger A
[System] Tick Logger B
[System] Tick Logger A
[System] Tick Logger B
[System] Tick Logger A
[System] Tick Logger B
[System] Tick Logger A
[System] Tick Logger B
[System] Tick Logger A
[System] Tick Logger B
[System] Tick Logger A
[System] Tick Logger B
[System] Tick Logger A
[System] Tick Logger B
[System] Tick Logger A
[System] Tick Logger B
[System] Tick Logger A
[System] Tick Logger B
[System] Tick Logger A
[System] Tick Logger B
[System] Tick Logger A
[System] Tick Logger B
[System] Tick Logger A
[System] Tick Logger B
[System] Tick Logger A
[System] Tick Logger B
[System] Tick Logger A
[System] Tick Logger B
[System] Tick Logger A
[System] Tick Logger B
[System] Tick Logger A
[System] Tick Logger B
[System] Tick Logger A
[System] Tick Logger B
[Physics] tick=900 ents=12 hasDyn=12 types(d/k)=12/0 null=0 yRange=[0.210,0.865] yDyn0=0.809 pendingDestroy=0
[System] Tick Logger A
[System] Tick Logger B
[System] Tick Logger A
[System] Tick Logger B
[System] Tick Logger A
[System] Tick Logger B
[System] Tick Logger A
[System] Tick Logger B
[System] Tick Logger A
[System] Tick Logger B
[System] Tick Logger A
[System] Tick Logger B
[System] Tick Logger A
[System] Tick Logger B
[System] Tick Logger A
[System] Tick Logger B
[System] Tick Logger A
[System] Tick Logger B
[System] Tick Logger A
[System] Tick Logger B
[System] Tick Logger A
[System] Tick Logger B
[System] Tick Logger A
[System] Tick Logger B
[System] Tick Logger A
[System] Tick Logger B
[System] Tick Logger A
[System] Tick Logger B
[System] Tick Logger A
[System] Tick Logger B
[System] Tick Logger A
[System] Tick Logger B
[System] Tick Logger A
[System] Tick Logger B
[System] Tick Logger A
[System] Tick Logger B
[System] Tick Logger A
[System] Tick Logger B
[System] Tick Logger A
[System] Tick Logger B
[System] Tick Logger A
[System] Tick Logger B
[System] Tick Logger A
[System] Tick Logger B
[System] Tick Logger A
[System] Tick Logger B
[System] Tick Logger A
[System] Tick Logger B
[System] Tick Logger A
[System] Tick Logger B
[System] Tick Logger A
[System] Tick Logger B
[System] Tick Logger A
[System] Tick Logger B
[System] Tick Logger A
[System] Tick Logger B
[System] Tick Logger A
[System] Tick Logger B
[System] Tick Logger A
[System] Tick Logger B
[System] Tick Logger A
[System] Tick Logger B
[System] Tick Logger A
[System] Tick Logger B
[System] Tick Logger A
[System] Tick Logger B
[System] Tick Logger A
[System] Tick Logger B
[System] Tick Logger A
[System] Tick Logger B
[System] Tick Logger A
[System] Tick Logger B
[System] Tick Logger A
[System] Tick Logger B
[System] Tick Logger A
[System] Tick Logger B
[System] Tick Logger A
[System] Tick Logger B
[System] Tick Logger A
[System] Tick Logger B
[System] Tick Logger A
[System] Tick Logger B
[System] Tick Logger A
[System] Tick Logger B
[System] Tick Logger A
[System] Tick Logger B
[System] Tick Logger A
[System] Tick Logger B
[System] Tick Logger A
[System] Tick Logger B
[System] Tick Logger A
[System] Tick Logger B
[System] Tick Logger A
[System] Tick Logger B
[System] Tick Logger A
[System] Tick Logger B
[System] Tick Logger A
[System] Tick Logger B
[System] Tick Logger A
[System] Tick Logger B
[System] Tick Logger A
[System] Tick Logger B
[System] Tick Logger A
[System] Tick Logger B
[System] Tick Logger A
[System] Tick Logger B
[System] Tick Logger A
[System] Tick Logger B
[System] Tick Logger A
[System] Tick Logger B
[System] Tick Logger A
[System] Tick Logger B
[System] Tick Logger A
[System] Tick Logger B
[System] Tick Logger A
[System] Tick Logger B
[System] Tick Logger A
[System] Tick Logger B
[System] Tick Logger A
[System] Tick Logger B
[Physics] tick=960 ents=12 hasDyn=12 types(d/k)=12/0 null=0 yRange=[0.210,0.865] yDyn0=0.809 pendingDestroy=0
[System] Tick Logger A
[System] Tick Logger B
[System] Tick Logger A
[System] Tick Logger B
[System] Tick Logger A
[System] Tick Logger B
[System] Tick Logger A
[System] Tick Logger B
[System] Tick Logger A
[System] Tick Logger B
[System] Tick Logger A
[System] Tick Logger B
[System] Tick Logger A
[System] Tick Logger B
[System] Tick Logger A
[System] Tick Logger B
[System] Tick Logger A
[System] Tick Logger B
[System] Tick Logger A
[System] Tick Logger B
[System] Tick Logger A
[System] Tick Logger B
[System] Tick Logger A
[System] Tick Logger B
[System] Tick Logger A
[System] Tick Logger B
[System] Tick Logger A
[System] Tick Logger B
[System] Tick Logger A
[System] Tick Logger B
[System] Tick Logger A
[System] Tick Logger B
[System] Tick Logger A
[System] Tick Logger B
[System] Tick Logger A
[System] Tick Logger B
[System] Tick Logger A
[System] Tick Logger B
[System] Tick Logger A
[System] Tick Logger B
[System] Tick Logger A
[System] Tick Logger B
[System] Tick Logger A
[System] Tick Logger B
[System] Tick Logger A
[System] Tick Logger B
[System] Tick Logger A
[System] Tick Logger B
[System] Tick Logger A
[System] Tick Logger B
[System] Tick Logger A
[System] Tick Logger B
[System] Tick Logger A
[System] Tick Logger B
[System] Tick Logger A
[System] Tick Logger B
[System] Tick Logger A
[System] Tick Logger B
[System] Tick Logger A
[System] Tick Logger B
[System] Tick Logger A
[System] Tick Logger B
[System] Tick Logger A
[System] Tick Logger B
[System] Tick Logger A
[System] Tick Logger B
[System] Tick Logger A
[System] Tick Logger B
[System] Tick Logger A
[System] Tick Logger B
[System] Tick Logger A
[System] Tick Logger B
[System] Tick Logger A
[System] Tick Logger B
[System] Tick Logger A
[System] Tick Logger B
[System] Tick Logger A
[System] Tick Logger B
[System] Tick Logger A
[System] Tick Logger B
[System] Tick Logger A
[System] Tick Logger B
[System] Tick Logger A
[System] Tick Logger B
[System] Tick Logger A
[System] Tick Logger B
[System] Tick Logger A
[System] Tick Logger B
[System] Tick Logger A
[System] Tick Logger B
[System] Tick Logger A
[System] Tick Logger B
[System] Tick Logger A
[System] Tick Logger B
[System] Tick Logger A
[System] Tick Logger B
[System] Tick Logger A
[System] Tick Logger B
[System] Tick Logger A
[System] Tick Logger B
[System] Tick Logger A
[System] Tick Logger B
[System] Tick Logger A
[System] Tick Logger B
[System] Tick Logger A
[System] Tick Logger B
[System] Tick Logger A
[System] Tick Logger B
[System] Tick Logger A
[System] Tick Logger B
[System] Tick Logger A
[System] Tick Logger B
[System] Tick Logger A
[System] Tick Logger B
[System] Tick Logger A
[System] Tick Logger B
[System] Tick Logger A
[System] Tick Logger B
[System] Tick Logger A
[System] Tick Logger B
[Physics] tick=1020 ents=12 hasDyn=12 types(d/k)=12/0 null=0 yRange=[0.210,0.865] yDyn0=0.809 pendingDestroy=0
[System] Tick Logger A
[System] Tick Logger B
[System] Tick Logger A
[System] Tick Logger B
[System] Tick Logger A
[System] Tick Logger B
[System] Tick Logger A
[System] Tick Logger B
[System] Tick Logger A
[System] Tick Logger B
[System] Tick Logger A
[System] Tick Logger B
[System] Tick Logger A
[System] Tick Logger B
[System] Tick Logger A
[System] Tick Logger B
[System] Tick Logger A
[System] Tick Logger B
[System] Tick Logger A
[System] Tick Logger B
[System] Tick Logger A
[System] Tick Logger B
[System] Tick Logger A
[System] Tick Logger B
[System] Tick Logger A
[System] Tick Logger B
[System] Tick Logger A
[System] Tick Logger B
[System] Tick Logger A
[System] Tick Logger B
[System] Tick Logger A
[System] Tick Logger B
[System] Tick Logger A
[System] Tick Logger B
[System] Tick Logger A
[System] Tick Logger B
[System] Tick Logger A
[System] Tick Logger B
[System] Tick Logger A
[System] Tick Logger B
[System] Tick Logger A
[System] Tick Logger B
[System] Tick Logger A
[System] Tick Logger B
[System] Tick Logger A
[System] Tick Logger B
[System] Tick Logger A
[System] Tick Logger B
[System] Tick Logger A
[System] Tick Logger B
[System] Tick Logger A
[System] Tick Logger B
[System] Tick Logger A
[System] Tick Logger B
[System] Tick Logger A
[System] Tick Logger B
[System] Tick Logger A
[System] Tick Logger B
[System] Tick Logger A
[System] Tick Logger B
[System] Tick Logger A
[System] Tick Logger B
[System] Tick Logger A
[System] Tick Logger B
[System] Tick Logger A
[System] Tick Logger B
[System] Tick Logger A
[System] Tick Logger B
[System] Tick Logger A
[System] Tick Logger B
[System] Tick Logger A
[System] Tick Logger B
[System] Tick Logger A
[System] Tick Logger B
[System] Tick Logger A
[System] Tick Logger B
[System] Tick Logger A
[System] Tick Logger B
[System] Tick Logger A
[System] Tick Logger B
[System] Tick Logger A
[System] Tick Logger B
[System] Tick Logger A
[System] Tick Logger B
[System] Tick Logger A
[System] Tick Logger B
[System] Tick Logger A
[System] Tick Logger B
[System] Tick Logger A
[System] Tick Logger B
[System] Tick Logger A
[System] Tick Logger B
[System] Tick Logger A
[System] Tick Logger B
[System] Tick Logger A
[System] Tick Logger B
[System] Tick Logger A
[System] Tick Logger B
[System] Tick Logger A
[System] Tick Logger B
[System] Tick Logger A
[System] Tick Logger B
[System] Tick Logger A
[System] Tick Logger B
[System] Tick Logger A
[System] Tick Logger B
[System] Tick Logger A
[System] Tick Logger B
[System] Tick Logger A
[System] Tick Logger B
[System] Tick Logger A
[System] Tick Logger B
[System] Tick Logger A
[System] Tick Logger B
[System] Tick Logger A
[System] Tick Logger B
[System] Tick Logger A
[System] Tick Logger B
[System] Tick Logger A
[System] Tick Logger B
[Physics] tick=1080 ents=12 hasDyn=12 types(d/k)=12/0 null=0 yRange=[0.210,0.865] yDyn0=0.809 pendingDestroy=0
[System] Tick Logger A
[System] Tick Logger B
[System] Tick Logger A
[System] Tick Logger B
[System] Tick Logger A
[System] Tick Logger B
[System] Tick Logger A
[System] Tick Logger B
[System] Tick Logger A
[System] Tick Logger B
[soccer] id7 pos=(7.00,-3.00) bodyvel=(0.00,0.00) desired=(0.00,0.00) force=(0.0,0.0) round=0/0 phase=0
[System] Tick Logger A
[System] Tick Logger B
[System] Tick Logger A
[System] Tick Logger B
[System] Tick Logger A
[System] Tick Logger B
[System] Tick Logger A
[System] Tick Logger B
[System] Tick Logger A
[System] Tick Logger B
[System] Tick Logger A
[System] Tick Logger B
[System] Tick Logger A
[System] Tick Logger B
[System] Tick Logger A
[System] Tick Logger B
[System] Tick Logger A
[System] Tick Logger B
[System] Tick Logger A
[System] Tick Logger B
[System] Tick Logger A
[System] Tick Logger B
[System] Tick Logger A
[System] Tick Logger B
[System] Tick Logger A
[System] Tick Logger B
[System] Tick Logger A
[System] Tick Logger B
[System] Tick Logger A
[System] Tick Logger B
[System] Tick Logger A
[System] Tick Logger B
[System] Tick Logger A
[System] Tick Logger B
[System] Tick Logger A
[System] Tick Logger B
[System] Tick Logger A
[System] Tick Logger B
[System] Tick Logger A
[System] Tick Logger B
[System] Tick Logger A
[System] Tick Logger B
[System] Tick Logger A
[System] Tick Logger B
[System] Tick Logger A
[System] Tick Logger B
[System] Tick Logger A
[System] Tick Logger B
[System] Tick Logger A
[System] Tick Logger B
[System] Tick Logger A
[System] Tick Logger B
[System] Tick Logger A
[System] Tick Logger B
[System] Tick Logger A
[System] Tick Logger B
[System] Tick Logger A
[System] Tick Logger B
[System] Tick Logger A
[System] Tick Logger B
[System] Tick Logger A
[System] Tick Logger B
[System] Tick Logger A
[System] Tick Logger B
[System] Tick Logger A
[System] Tick Logger B
[System] Tick Logger A
[System] Tick Logger B
[System] Tick Logger A
[System] Tick Logger B
[System] Tick Logger A
[System] Tick Logger B
[System] Tick Logger A
[System] Tick Logger B
[System] Tick Logger A
[System] Tick Logger B
[System] Tick Logger A
[System] Tick Logger B
[System] Tick Logger A
[System] Tick Logger B
[System] Tick Logger A
[System] Tick Logger B
[System] Tick Logger A
[System] Tick Logger B
[System] Tick Logger A
[System] Tick Logger B
[System] Tick Logger A
[System] Tick Logger B
[System] Tick Logger A
[System] Tick Logger B
[System] Tick Logger A
[System] Tick Logger B
[System] Tick Logger A
[System] Tick Logger B
[System] Tick Logger A
[System] Tick Logger B
[System] Tick Logger A
[System] Tick Logger B
[System] Tick Logger A
[System] Tick Logger B
[System] Tick Logger A
[System] Tick Logger B
[System] Tick Logger A
[System] Tick Logger B
[System] Tick Logger A
[System] Tick Logger B
[System] Tick Logger A
[System] Tick Logger B
[System] Tick Logger A
[System] Tick Logger B
[Physics] tick=1140 ents=12 hasDyn=12 types(d/k)=12/0 null=0 yRange=[0.210,0.865] yDyn0=0.809 pendingDestroy=0
[System] Tick Logger A
[System] Tick Logger B
[System] Tick Logger A
[System] Tick Logger B
[System] Tick Logger A
[System] Tick Logger B
[System] Tick Logger A
[System] Tick Logger B
[System] Tick Logger A
[System] Tick Logger B
[System] Tick Logger A
[System] Tick Logger B
[System] Tick Logger A
[System] Tick Logger B
[System] Tick Logger A
[System] Tick Logger B
[System] Tick Logger A
[System] Tick Logger B
[System] Tick Logger A
[System] Tick Logger B
[System] Tick Logger A
[System] Tick Logger B
[System] Tick Logger A
[System] Tick Logger B
[System] Tick Logger A
[System] Tick Logger B
[System] Tick Logger A
[System] Tick Logger B
[System] Tick Logger A
[System] Tick Logger B
[System] Tick Logger A
[System] Tick Logger B
[System] Tick Logger A
[System] Tick Logger B
[System] Tick Logger A
[System] Tick Logger B
[System] Tick Logger A
[System] Tick Logger B
[System] Tick Logger A
[System] Tick Logger B
[System] Tick Logger A
[System] Tick Logger B
[System] Tick Logger A
[System] Tick Logger B
[System] Tick Logger A
[System] Tick Logger B
[System] Tick Logger A
[System] Tick Logger B
[System] Tick Logger A
[System] Tick Logger B
[System] Tick Logger A
[System] Tick Logger B
[System] Tick Logger A
[System] Tick Logger B
[System] Tick Logger A
[System] Tick Logger B
[System] Tick Logger A
[System] Tick Logger B
[System] Tick Logger A
[System] Tick Logger B
[System] Tick Logger A
[System] Tick Logger B
[System] Tick Logger A
[System] Tick Logger B
[System] Tick Logger A
[System] Tick Logger B
[System] Tick Logger A
[System] Tick Logger B
[System] Tick Logger A
[System] Tick Logger B
[System] Tick Logger A
[System] Tick Logger B
[System] Tick Logger A
[System] Tick Logger B
[System] Tick Logger A
[System] Tick Logger B
[System] Tick Logger A
[System] Tick Logger B
[System] Tick Logger A
[System] Tick Logger B
[System] Tick Logger A
[System] Tick Logger B
[System] Tick Logger A
[System] Tick Logger B
[System] Tick Logger A
[System] Tick Logger B
[System] Tick Logger A
[System] Tick Logger B
[System] Tick Logger A
[System] Tick Logger B
[System] Tick Logger A
[System] Tick Logger B
[System] Tick Logger A
[System] Tick Logger B
[System] Tick Logger A
[System] Tick Logger B
[System] Tick Logger A
[System] Tick Logger B
[System] Tick Logger A
[System] Tick Logger B
[System] Tick Logger A
[System] Tick Logger B
[System] Tick Logger A
[System] Tick Logger B
[System] Tick Logger A
[System] Tick Logger B
[System] Tick Logger A
[System] Tick Logger B
[System] Tick Logger A
[System] Tick Logger B
[System] Tick Logger A
[System] Tick Logger B
[System] Tick Logger A
[System] Tick Logger B
[System] Tick Logger A
[System] Tick Logger B
[System] Tick Logger A
[System] Tick Logger B
[System] Tick Logger A
[System] Tick Logger B
[Physics] tick=1200 ents=12 hasDyn=12 types(d/k)=12/0 null=0 yRange=[0.210,0.865] yDyn0=0.809 pendingDestroy=0
[System] Tick Logger A
[System] Tick Logger B
[System] Tick Logger A
[System] Tick Logger B
[System] Tick Logger A
[System] Tick Logger B
[System] Tick Logger A
[System] Tick Logger B
[System] Tick Logger A
[System] Tick Logger B
[System] Tick Logger A
[System] Tick Logger B
[System] Tick Logger A
[System] Tick Logger B
[System] Tick Logger A
[System] Tick Logger B
[System] Tick Logger A
[System] Tick Logger B
[System] Tick Logger A
[System] Tick Logger B
[System] Tick Logger A
[System] Tick Logger B
[System] Tick Logger A
[System] Tick Logger B
[System] Tick Logger A
[System] Tick Logger B
[System] Tick Logger A
[System] Tick Logger B
[System] Tick Logger A
[System] Tick Logger B
[System] Tick Logger A
[System] Tick Logger B
[System] Tick Logger A
[System] Tick Logger B
[System] Tick Logger A
[System] Tick Logger B
[System] Tick Logger A
[System] Tick Logger B
[System] Tick Logger A
[System] Tick Logger B
[System] Tick Logger A
[System] Tick Logger B
[System] Tick Logger A
[System] Tick Logger B
[System] Tick Logger A
[System] Tick Logger B
[System] Tick Logger A
[System] Tick Logger B
[System] Tick Logger A
[System] Tick Logger B
[System] Tick Logger A
[System] Tick Logger B
[System] Tick Logger A
[System] Tick Logger B
[System] Tick Logger A
[System] Tick Logger B
[System] Tick Logger A
[System] Tick Logger B
[System] Tick Logger A
[System] Tick Logger B
[System] Tick Logger A
[System] Tick Logger B
[System] Tick Logger A
[System] Tick Logger B
[System] Tick Logger A
[System] Tick Logger B
[System] Tick Logger A
[System] Tick Logger B
[System] Tick Logger A
[System] Tick Logger B
[System] Tick Logger A
[System] Tick Logger B
[System] Tick Logger A
[System] Tick Logger B
[System] Tick Logger A
[System] Tick Logger B
[System] Tick Logger A
[System] Tick Logger B
[System] Tick Logger A
[System] Tick Logger B
[System] Tick Logger A
[System] Tick Logger B
[System] Tick Logger A
[System] Tick Logger B
[System] Tick Logger A
[System] Tick Logger B
[System] Tick Logger A
[System] Tick Logger B
[System] Tick Logger A
[System] Tick Logger B
[System] Tick Logger A
[System] Tick Logger B
[System] Tick Logger A
[System] Tick Logger B
[System] Tick Logger A
[System] Tick Logger B
[System] Tick Logger A
[System] Tick Logger B
[System] Tick Logger A
[System] Tick Logger B
[System] Tick Logger A
[System] Tick Logger B
[System] Tick Logger A
[System] Tick Logger B
[System] Tick Logger A
[System] Tick Logger B
[System] Tick Logger A
[System] Tick Logger B
[System] Tick Logger A
[System] Tick Logger B
[System] Tick Logger A
[System] Tick Logger B
[System] Tick Logger A
[System] Tick Logger B
[System] Tick Logger A
[System] Tick Logger B
[System] Tick Logger A
[System] Tick Logger B
[System] Tick Logger A
[System] Tick Logger B
[Physics] tick=1260 ents=12 hasDyn=12 types(d/k)=12/0 null=0 yRange=[0.210,0.865] yDyn0=0.809 pendingDestroy=0
[System] Tick Logger A
[System] Tick Logger B
[System] Tick Logger A
[System] Tick Logger B
[System] Tick Logger A
[System] Tick Logger B
[System] Tick Logger A
[System] Tick Logger B
[System] Tick Logger A
[System] Tick Logger B
[System] Tick Logger A
[System] Tick Logger B
[System] Tick Logger A
[System] Tick Logger B
[System] Tick Logger A
[System] Tick Logger B
[System] Tick Logger A
[System] Tick Logger B
[System] Tick Logger A
[System] Tick Logger B
[System] Tick Logger A
[System] Tick Logger B
[System] Tick Logger A
[System] Tick Logger B
[System] Tick Logger A
[System] Tick Logger B
[System] Tick Logger A
[System] Tick Logger B
[System] Tick Logger A
[System] Tick Logger B
[System] Tick Logger A
[System] Tick Logger B
[System] Tick Logger A
[System] Tick Logger B
[System] Tick Logger A
[System] Tick Logger B
[System] Tick Logger A
[System] Tick Logger B
[System] Tick Logger A
[System] Tick Logger B
[System] Tick Logger A
[System] Tick Logger B
[System] Tick Logger A
[System] Tick Logger B
[System] Tick Logger A
[System] Tick Logger B
[System] Tick Logger A
[System] Tick Logger B
[System] Tick Logger A
[System] Tick Logger B
[System] Tick Logger A
[System] Tick Logger B
[System] Tick Logger A
[System] Tick Logger B
[System] Tick Logger A
[System] Tick Logger B
[System] Tick Logger A
[System] Tick Logger B
[System] Tick Logger A
[System] Tick Logger B
[System] Tick Logger A
[System] Tick Logger B
[System] Tick Logger A
[System] Tick Logger B
[System] Tick Logger A
[System] Tick Logger B
[System] Tick Logger A
[System] Tick Logger B
[System] Tick Logger A
[System] Tick Logger B
[System] Tick Logger A
[System] Tick Logger B
[System] Tick Logger A
[System] Tick Logger B
[System] Tick Logger A
[System] Tick Logger B
[System] Tick Logger A
[System] Tick Logger B
[System] Tick Logger A
[System] Tick Logger B
[System] Tick Logger A
[System] Tick Logger B
[System] Tick Logger A
[System] Tick Logger B
[System] Tick Logger A
[System] Tick Logger B
[System] Tick Logger A
[System] Tick Logger B
[System] Tick Logger A
[System] Tick Logger B
File was modified but is not part of our asset list: assets\imgui_level_editor.ini In library D:\LIONant\xLION\example.lionprj
File was modified but is not part of our asset list: assets\imgui_level_editor.ini In library D:\LIONant\xLION\example.lionprj
[System] Tick Logger A
[System] Tick Logger B
[System] Tick Logger A
[System] Tick Logger B
[System] Tick Logger A
[System] Tick Logger B
[System] Tick Logger A
[System] Tick Logger B
[System] Tick Logger A
[System] Tick Logger B
[System] Tick Logger A
[System] Tick Logger B
[System] Tick Logger A
[System] Tick Logger B
[System] Tick Logger A
[System] Tick Logger B
[System] Tick Logger A
[System] Tick Logger B
[System] Tick Logger A
[System] Tick Logger B
[System] Tick Logger A
[System] Tick Logger B
[System] Tick Logger A
[System] Tick Logger B
[System] Tick Logger A
[System] Tick Logger B
[System] Tick Logger A
[System] Tick Logger B
[System] Tick Logger A
[System] Tick Logger B
[Physics] tick=1320 ents=12 hasDyn=12 types(d/k)=12/0 null=0 yRange=[0.210,0.865] yDyn0=0.809 pendingDestroy=0
[System] Tick Logger A
[System] Tick Logger B
[System] Tick Logger A
[System] Tick Logger B
[System] Tick Logger A
[System] Tick Logger B
[System] Tick Logger A
[System] Tick Logger B
[System] Tick Logger A
[System] Tick Logger B
[System] Tick Logger A
[System] Tick Logger B
[System] Tick Logger A
[System] Tick Logger B
[System] Tick Logger A
[System] Tick Logger B
[System] Tick Logger A
[System] Tick Logger B
[System] Tick Logger A
[System] Tick Logger B
[System] Tick Logger A
[System] Tick Logger B
[System] Tick Logger A
[System] Tick Logger B
[System] Tick Logger A
[System] Tick Logger B
[System] Tick Logger A
[System] Tick Logger B
[System] Tick Logger A
[System] Tick Logger B
[System] Tick Logger A
[System] Tick Logger B
[System] Tick Logger A
[System] Tick Logger B
[System] Tick Logger A
[System] Tick Logger B
[System] Tick Logger A
[System] Tick Logger B
[System] Tick Logger A
[System] Tick Logger B
[System] Tick Logger A
[System] Tick Logger B
[System] Tick Logger A
[System] Tick Logger B
[System] Tick Logger A
[System] Tick Logger B
[System] Tick Logger A
[System] Tick Logger B
[System] Tick Logger A
[System] Tick Logger B
[System] Tick Logger A
[System] Tick Logger B
[System] Tick Logger A
[System] Tick Logger B
[System] Tick Logger A
[System] Tick Logger B
[System] Tick Logger A
[System] Tick Logger B
[System] Tick Logger A
[System] Tick Logger B
[System] Tick Logger A
[System] Tick Logger B
[System] Tick Logger A
[System] Tick Logger B
[System] Tick Logger A
[System] Tick Logger B
[System] Tick Logger A
[System] Tick Logger B
[System] Tick Logger A
[System] Tick Logger B
[System] Tick Logger A
[System] Tick Logger B
[System] Tick Logger A
[System] Tick Logger B
[System] Tick Logger A
[System] Tick Logger B
[System] Tick Logger A
[System] Tick Logger B
[System] Tick Logger A
[System] Tick Logger B
[System] Tick Logger A
[System] Tick Logger B
[System] Tick Logger A
[System] Tick Logger B
[System] Tick Logger A
[System] Tick Logger B
[System] Tick Logger A
[System] Tick Logger B
[System] Tick Logger A
[System] Tick Logger B
[System] Tick Logger A
[System] Tick Logger B
[System] Tick Logger A
[System] Tick Logger B
[System] Tick Logger A
[System] Tick Logger B
[System] Tick Logger A
[System] Tick Logger B
[System] Tick Logger A
[System] Tick Logger B
[System] Tick Logger A
[System] Tick Logger B
[System] Tick Logger A
[System] Tick Logger B
[System] Tick Logger A
[System] Tick Logger B
[System] Tick Logger A
[System] Tick Logger B
[System] Tick Logger A
[System] Tick Logger B
[System] Tick Logger A
[System] Tick Logger B
[System] Tick Logger A
[System] Tick Logger B
[System] Tick Logger A
[System] Tick Logger B
[System] Tick Logger A
[System] Tick Logger B
[System] Tick Logger A
[System] Tick Logger B
[Physics] tick=1380 ents=12 hasDyn=12 types(d/k)=12/0 null=0 yRange=[0.210,0.865] yDyn0=0.809 pendingDestroy=0
[System] Tick Logger A
[System] Tick Logger B
[System] Tick Logger A
[System] Tick Logger B
[System] Tick Logger A
[System] Tick Logger B
[System] Tick Logger A
[System] Tick Logger B
[System] Tick Logger A
[System] Tick Logger B
[System] Tick Logger A
[System] Tick Logger B
[System] Tick Logger A
[System] Tick Logger B
[System] Tick Logger A
[System] Tick Logger B
[System] Tick Logger A
[System] Tick Logger B
[System] Tick Logger A
[System] Tick Logger B
[System] Tick Logger A
[System] Tick Logger B
[System] Tick Logger A
[System] Tick Logger B
[System] Tick Logger A
[System] Tick Logger B
[System] Tick Logger A
[System] Tick Logger B
[System] Tick Logger A
[System] Tick Logger B
[System] Tick Logger A
[System] Tick Logger B
[System] Tick Logger A
[System] Tick Logger B
[System] Tick Logger A
[System] Tick Logger B
[System] Tick Logger A
[System] Tick Logger B
[System] Tick Logger A
[System] Tick Logger B
[System] Tick Logger A
[System] Tick Logger B
[System] Tick Logger A
[System] Tick Logger B
[System] Tick Logger A
[System] Tick Logger B
[System] Tick Logger A
[System] Tick Logger B
[System] Tick Logger A
[System] Tick Logger B
[System] Tick Logger A
[System] Tick Logger B
[System] Tick Logger A
[System] Tick Logger B
[System] Tick Logger A
[System] Tick Logger B
[System] Tick Logger A
[System] Tick Logger B
[System] Tick Logger A
[System] Tick Logger B
[System] Tick Logger A
[System] Tick Logger B
[System] Tick Logger A
[System] Tick Logger B
[System] Tick Logger A
[System] Tick Logger B
[System] Tick Logger A
[System] Tick Logger B
[System] Tick Logger A
[System] Tick Logger B
[System] Tick Logger A
[System] Tick Logger B
[System] Tick Logger A
[System] Tick Logger B
[System] Tick Logger A
[System] Tick Logger B
[System] Tick Logger A
[System] Tick Logger B
[System] Tick Logger A
[System] Tick Logger B
[System] Tick Logger A
[System] Tick Logger B
[System] Tick Logger A
[System] Tick Logger B
[System] Tick Logger A
[System] Tick Logger B
[System] Tick Logger A
[System] Tick Logger B
[System] Tick Logger A
[System] Tick Logger B
[System] Tick Logger A
[System] Tick Logger B
[System] Tick Logger A
[System] Tick Logger B
[System] Tick Logger A
[System] Tick Logger B
[System] Tick Logger A
[System] Tick Logger B
[System] Tick Logger A
[System] Tick Logger B
[System] Tick Logger A
[System] Tick Logger B
[System] Tick Logger A
[System] Tick Logger B
[System] Tick Logger A
[System] Tick Logger B
[System] Tick Logger A
[System] Tick Logger B
[System] Tick Logger A
[System] Tick Logger B
[System] Tick Logger A
[System] Tick Logger B
[System] Tick Logger A
[System] Tick Logger B
[System] Tick Logger A
[System] Tick Logger B
[System] Tick Logger A
[System] Tick Logger B
[System] Tick Logger A
[System] Tick Logger B
[Physics] tick=1440 ents=12 hasDyn=12 types(d/k)=12/0 null=0 yRange=[0.210,0.865] yDyn0=0.809 pendingDestroy=0
[System] Tick Logger A
[System] Tick Logger B
[System] Tick Logger A
[System] Tick Logger B
[System] Tick Logger A
[System] Tick Logger B
[System] Tick Logger A
[System] Tick Logger B
[soccer] id7 pos=(7.00,-3.00) bodyvel=(-0.05,0.02) desired=(-5.06,2.17) force=(-620.4,265.9) round=0/0 phase=1
[System] Tick Logger A
[System] Tick Logger B
[System] Tick Logger A
[System] Tick Logger B
[System] Tick Logger A
[System] Tick Logger B
[System] Tick Logger A
[System] Tick Logger B
[System] Tick Logger A
[System] Tick Logger B
[System] Tick Logger A
[System] Tick Logger B
[System] Tick Logger A
[System] Tick Logger B
[System] Tick Logger A
[System] Tick Logger B
[System] Tick Logger A
[System] Tick Logger B
[System] Tick Logger A
[System] Tick Logger B
[System] Tick Logger A
[System] Tick Logger B
[System] Tick Logger A
[System] Tick Logger B
[System] Tick Logger A
[System] Tick Logger B
[System] Tick Logger A
[System] Tick Logger B
[System] Tick Logger A
[System] Tick Logger B
[System] Tick Logger A
[System] Tick Logger B
[System] Tick Logger A
[System] Tick Logger B
[System] Tick Logger A
[System] Tick Logger B
[System] Tick Logger A
[System] Tick Logger B
[System] Tick Logger A
[System] Tick Logger B
[System] Tick Logger A
[System] Tick Logger B
[System] Tick Logger A
[System] Tick Logger B
[System] Tick Logger A
[System] Tick Logger B
[System] Tick Logger A
[System] Tick Logger B
[System] Tick Logger A
[System] Tick Logger B
[System] Tick Logger A
[System] Tick Logger B
[System] Tick Logger A
[System] Tick Logger B
[System] Tick Logger A
[System] Tick Logger B
[System] Tick Logger A
[System] Tick Logger B
[System] Tick Logger A
[System] Tick Logger B
[System] Tick Logger A
[System] Tick Logger B
[System] Tick Logger A
[System] Tick Logger B
[System] Tick Logger A
[System] Tick Logger B
[System] Tick Logger A
[System] Tick Logger B
[System] Tick Logger A
[System] Tick Logger B
[System] Tick Logger A
[System] Tick Logger B
[System] Tick Logger A
[System] Tick Logger B
[System] Tick Logger A
[System] Tick Logger B
[System] Tick Logger A
[System] Tick Logger B
[System] Tick Logger A
[System] Tick Logger B
[System] Tick Logger A
[System] Tick Logger B
[System] Tick Logger A
[System] Tick Logger B
[System] Tick Logger A
[System] Tick Logger B
[System] Tick Logger A
[System] Tick Logger B
[System] Tick Logger A
[System] Tick Logger B
[System] Tick Logger A
[System] Tick Logger B
[System] Tick Logger A
[System] Tick Logger B
[System] Tick Logger A
[System] Tick Logger B
[System] Tick Logger A
[System] Tick Logger B
[System] Tick Logger A
[System] Tick Logger B
[System] Tick Logger A
[System] Tick Logger B
[System] Tick Logger A
[System] Tick Logger B
[System] Tick Logger A
[System] Tick Logger B
[System] Tick Logger A
[System] Tick Logger B
[System] Tick Logger A
[System] Tick Logger B
[System] Tick Logger A
[System] Tick Logger B
[Physics] tick=1500 ents=12 hasDyn=12 types(d/k)=12/0 null=0 yRange=[0.210,0.865] yDyn0=0.809 pendingDestroy=0
[System] Tick Logger A
[System] Tick Logger B
[System] Tick Logger A
[System] Tick Logger B
[System] Tick Logger A
[System] Tick Logger B
[System] Tick Logger A
[System] Tick Logger B
[System] Tick Logger A
[System] Tick Logger B
[System] Tick Logger A
[System] Tick Logger B
[System] Tick Logger A
[System] Tick Logger B
[System] Tick Logger A
[System] Tick Logger B
[System] Tick Logger A
[System] Tick Logger B
[System] Tick Logger A
[System] Tick Logger B
[System] Tick Logger A
[System] Tick Logger B
[System] Tick Logger A
[System] Tick Logger B
[System] Tick Logger A
[System] Tick Logger B
[System] Tick Logger A
[System] Tick Logger B
[System] Tick Logger A
[System] Tick Logger B
[System] Tick Logger A
[System] Tick Logger B
[System] Tick Logger A
[System] Tick Logger B
[System] Tick Logger A
[System] Tick Logger B
[System] Tick Logger A
[System] Tick Logger B
[System] Tick Logger A
[System] Tick Logger B
[System] Tick Logger A
[System] Tick Logger B
[System] Tick Logger A
[System] Tick Logger B
[System] Tick Logger A
[System] Tick Logger B
[System] Tick Logger A
[System] Tick Logger B
[System] Tick Logger A
[System] Tick Logger B
[System] Tick Logger A
[System] Tick Logger B
[System] Tick Logger A
[System] Tick Logger B
[System] Tick Logger A
[System] Tick Logger B
[System] Tick Logger A
[System] Tick Logger B
[System] Tick Logger A
[System] Tick Logger B
[System] Tick Logger A
[System] Tick Logger B
[System] Tick Logger A
[System] Tick Logger B
[System] Tick Logger A
[System] Tick Logger B
[System] Tick Logger A
[System] Tick Logger B
[System] Tick Logger A
[System] Tick Logger B
[System] Tick Logger A
[System] Tick Logger B
[System] Tick Logger A
[System] Tick Logger B
[System] Tick Logger A
[System] Tick Logger B
[System] Tick Logger A
[System] Tick Logger B
[System] Tick Logger A
[System] Tick Logger B
[System] Tick Logger A
[System] Tick Logger B
[System] Tick Logger A
[System] Tick Logger B
[System] Tick Logger A
[System] Tick Logger B
[System] Tick Logger A
[System] Tick Logger B
[System] Tick Logger A
[System] Tick Logger B
[System] Tick Logger A
[System] Tick Logger B
[System] Tick Logger A
[System] Tick Logger B
[System] Tick Logger A
[System] Tick Logger B
[System] Tick Logger A
[System] Tick Logger B
[System] Tick Logger A
[System] Tick Logger B
[System] Tick Logger A
[System] Tick Logger B
[System] Tick Logger A
[System] Tick Logger B
[System] Tick Logger A
[System] Tick Logger B
[System] Tick Logger A
[System] Tick Logger B
[System] Tick Logger A
[System] Tick Logger B
[System] Tick Logger A
[System] Tick Logger B
[System] Tick Logger A
[System] Tick Logger B
[System] Tick Logger A
[System] Tick Logger B
[System] Tick Logger A
[System] Tick Logger B
[System] Tick Logger A
[System] Tick Logger B
[Physics] tick=1560 ents=12 hasDyn=12 types(d/k)=12/0 null=0 yRange=[0.210,0.865] yDyn0=0.809 pendingDestroy=0
[System] Tick Logger A
[System] Tick Logger B
[System] Tick Logger A
[System] Tick Logger B
[System] Tick Logger A
[System] Tick Logger B
[System] Tick Logger A
[System] Tick Logger B
[System] Tick Logger A
[System] Tick Logger B
[System] Tick Logger A
[System] Tick Logger B
[System] Tick Logger A
[System] Tick Logger B
[System] Tick Logger A
[System] Tick Logger B
[System] Tick Logger A
[System] Tick Logger B
[System] Tick Logger A
[System] Tick Logger B
[System] Tick Logger A
[System] Tick Logger B
[System] Tick Logger A
[System] Tick Logger B
[System] Tick Logger A
[System] Tick Logger B
[System] Tick Logger A
[System] Tick Logger B
[System] Tick Logger A
[System] Tick Logger B
[System] Tick Logger A
[System] Tick Logger B
[System] Tick Logger A
[System] Tick Logger B
[System] Tick Logger A
[System] Tick Logger B
[System] Tick Logger A
[System] Tick Logger B
[System] Tick Logger A
[System] Tick Logger B
[System] Tick Logger A
[System] Tick Logger B
[System] Tick Logger A
[System] Tick Logger B
[System] Tick Logger A
[System] Tick Logger B
[System] Tick Logger A
[System] Tick Logger B
[System] Tick Logger A
[System] Tick Logger B
[System] Tick Logger A
[System] Tick Logger B
[System] Tick Logger A
[System] Tick Logger B
[System] Tick Logger A
[System] Tick Logger B
[System] Tick Logger A
[System] Tick Logger B
[System] Tick Logger A
[System] Tick Logger B
[System] Tick Logger A
[System] Tick Logger B
[System] Tick Logger A
[System] Tick Logger B
[System] Tick Logger A
[System] Tick Logger B
[System] Tick Logger A
[System] Tick Logger B
[System] Tick Logger A
[System] Tick Logger B
[System] Tick Logger A
[System] Tick Logger B
[System] Tick Logger A
[System] Tick Logger B
[System] Tick Logger A
[System] Tick Logger B
[System] Tick Logger A
[System] Tick Logger B
[System] Tick Logger A
[System] Tick Logger B
[System] Tick Logger A
[System] Tick Logger B
[System] Tick Logger A
[System] Tick Logger B
[System] Tick Logger A
[System] Tick Logger B
[System] Tick Logger A
[System] Tick Logger B
[System] Tick Logger A
[System] Tick Logger B
[System] Tick Logger A
[System] Tick Logger B
[System] Tick Logger A
[System] Tick Logger B
[System] Tick Logger A
[System] Tick Logger B
[System] Tick Logger A
[System] Tick Logger B
[System] Tick Logger A
[System] Tick Logger B
[System] Tick Logger A
[System] Tick Logger B
[System] Tick Logger A
[System] Tick Logger B
[System] Tick Logger A
[System] Tick Logger B
[System] Tick Logger A
[System] Tick Logger B
[System] Tick Logger A
[System] Tick Logger B
[System] Tick Logger A
[System] Tick Logger B
[System] Tick Logger A
[System] Tick Logger B
[System] Tick Logger A
[System] Tick Logger B
[System] Tick Logger A
[System] Tick Logger B
[System] Tick Logger A
[System] Tick Logger B
[Physics] tick=1620 ents=12 hasDyn=12 types(d/k)=12/0 null=0 yRange=[0.210,0.865] yDyn0=0.809 pendingDestroy=0
[System] Tick Logger A
[System] Tick Logger B
[System] Tick Logger A
[System] Tick Logger B
[System] Tick Logger A
[System] Tick Logger B
[System] Tick Logger A
[System] Tick Logger B
[System] Tick Logger A
[System] Tick Logger B
[System] Tick Logger A
[System] Tick Logger B
[System] Tick Logger A
[System] Tick Logger B
[System] Tick Logger A
[System] Tick Logger B
[System] Tick Logger A
[System] Tick Logger B
[System] Tick Logger A
[System] Tick Logger B
[System] Tick Logger A
[System] Tick Logger B
[System] Tick Logger A
[System] Tick Logger B
[System] Tick Logger A
[System] Tick Logger B
[System] Tick Logger A
[System] Tick Logger B
[System] Tick Logger A
[System] Tick Logger B
[System] Tick Logger A
[System] Tick Logger B
[System] Tick Logger A
[System] Tick Logger B
[System] Tick Logger A
[System] Tick Logger B
[System] Tick Logger A
[System] Tick Logger B
[System] Tick Logger A
[System] Tick Logger B
[System] Tick Logger A
[System] Tick Logger B
[System] Tick Logger A
[System] Tick Logger B
[System] Tick Logger A
[System] Tick Logger B
[System] Tick Logger A
[System] Tick Logger B
[System] Tick Logger A
[System] Tick Logger B
[System] Tick Logger A
[System] Tick Logger B
[System] Tick Logger A
[System] Tick Logger B
[System] Tick Logger A
[System] Tick Logger B
[System] Tick Logger A
[System] Tick Logger B
[System] Tick Logger A
[System] Tick Logger B
[System] Tick Logger A
[System] Tick Logger B
[System] Tick Logger A
[System] Tick Logger B
[System] Tick Logger A
[System] Tick Logger B
[System] Tick Logger A
[System] Tick Logger B
[System] Tick Logger A
[System] Tick Logger B
[System] Tick Logger A
[System] Tick Logger B
[System] Tick Logger A
[System] Tick Logger B
[System] Tick Logger A
[System] Tick Logger B
[System] Tick Logger A
[System] Tick Logger B
[System] Tick Logger A
[System] Tick Logger B
[System] Tick Logger A
[System] Tick Logger B
[System] Tick Logger A
[System] Tick Logger B
[System] Tick Logger A
[System] Tick Logger B
[System] Tick Logger A
[System] Tick Logger B
[System] Tick Logger A
[System] Tick Logger B
[System] Tick Logger A
[System] Tick Logger B
[System] Tick Logger A
[System] Tick Logger B
[System] Tick Logger A
[System] Tick Logger B
[System] Tick Logger A
[System] Tick Logger B
[System] Tick Logger A
[System] Tick Logger B
[System] Tick Logger A
[System] Tick Logger B
[System] Tick Logger A
[System] Tick Logger B
[System] Tick Logger A
[System] Tick Logger B
[System] Tick Logger A
[System] Tick Logger B
[System] Tick Logger A
[System] Tick Logger B
[System] Tick Logger A
[System] Tick Logger B
[System] Tick Logger A
[System] Tick Logger B
[System] Tick Logger A
[System] Tick Logger B
[System] Tick Logger A
[System] Tick Logger B
[System] Tick Logger A
[System] Tick Logger B
[Physics] tick=1680 ents=12 hasDyn=12 types(d/k)=12/0 null=0 yRange=[0.210,0.865] yDyn0=0.809 pendingDestroy=0
[System] Tick Logger A
[System] Tick Logger B
[System] Tick Logger A
[System] Tick Logger B
[System] Tick Logger A
[System] Tick Logger B
[System] Tick Logger A
[System] Tick Logger B
[System] Tick Logger A
[System] Tick Logger B
[System] Tick Logger A
[System] Tick Logger B
[System] Tick Logger A
[System] Tick Logger B
[System] Tick Logger A
[System] Tick Logger B
[System] Tick Logger A
[System] Tick Logger B
[System] Tick Logger A
[System] Tick Logger B
[System] Tick Logger A
[System] Tick Logger B
[System] Tick Logger A
[System] Tick Logger B
[System] Tick Logger A
[System] Tick Logger B
[System] Tick Logger A
[System] Tick Logger B
[System] Tick Logger A
[System] Tick Logger B
[System] Tick Logger A
[System] Tick Logger B
[System] Tick Logger A
[System] Tick Logger B
[System] Tick Logger A
[System] Tick Logger B
[System] Tick Logger A
[System] Tick Logger B
[System] Tick Logger A
[System] Tick Logger B
[System] Tick Logger A
[System] Tick Logger B
[System] Tick Logger A
[System] Tick Logger B
[System] Tick Logger A
[System] Tick Logger B
[System] Tick Logger A
[System] Tick Logger B
[System] Tick Logger A
[System] Tick Logger B
[System] Tick Logger A
[System] Tick Logger B
[System] Tick Logger A
[System] Tick Logger B
[System] Tick Logger A
[System] Tick Logger B
[System] Tick Logger A
[System] Tick Logger B
[System] Tick Logger A
[System] Tick Logger B
[System] Tick Logger A
[System] Tick Logger B
[System] Tick Logger A
[System] Tick Logger B
[System] Tick Logger A
[System] Tick Logger B
[System] Tick Logger A
[System] Tick Logger B
[System] Tick Logger A
[System] Tick Logger B
[System] Tick Logger A
[System] Tick Logger B
[System] Tick Logger A
[System] Tick Logger B
[System] Tick Logger A
[System] Tick Logger B
[System] Tick Logger A
[System] Tick Logger B
[System] Tick Logger A
[System] Tick Logger B
[System] Tick Logger A
[System] Tick Logger B
[System] Tick Logger A
[System] Tick Logger B
[System] Tick Logger A
[System] Tick Logger B
[System] Tick Logger A
[System] Tick Logger B
[System] Tick Logger A
[System] Tick Logger B
[System] Tick Logger A
[System] Tick Logger B
[System] Tick Logger A
[System] Tick Logger B
[System] Tick Logger A
[System] Tick Logger B
[System] Tick Logger A
[System] Tick Logger B
[System] Tick Logger A
[System] Tick Logger B
[System] Tick Logger A
[System] Tick Logger B
[System] Tick Logger A
[System] Tick Logger B
[System] Tick Logger A
[System] Tick Logger B
[System] Tick Logger A
[System] Tick Logger B
[System] Tick Logger A
[System] Tick Logger B
[System] Tick Logger A
[System] Tick Logger B
[System] Tick Logger A
[System] Tick Logger B
[System] Tick Logger A
[System] Tick Logger B
[System] Tick Logger A
[System] Tick Logger B
[System] Tick Logger A
[System] Tick Logger B
[Physics] tick=1740 ents=12 hasDyn=12 types(d/k)=12/0 null=0 yRange=[0.210,0.865] yDyn0=0.809 pendingDestroy=0
[System] Tick Logger A
[System] Tick Logger B
[System] Tick Logger A
[System] Tick Logger B
[System] Tick Logger A
[System] Tick Logger B
[System] Tick Logger A
[System] Tick Logger B
[System] Tick Logger A
[System] Tick Logger B
[System] Tick Logger A
[System] Tick Logger B
[System] Tick Logger A
[System] Tick Logger B
[System] Tick Logger A
[System] Tick Logger B
[System] Tick Logger A
[System] Tick Logger B
[System] Tick Logger A
[System] Tick Logger B
[System] Tick Logger A
[System] Tick Logger B
[System] Tick Logger A
[System] Tick Logger B
[System] Tick Logger A
[System] Tick Logger B
[System] Tick Logger A
[System] Tick Logger B
[System] Tick Logger A
[System] Tick Logger B
[System] Tick Logger A
[System] Tick Logger B
[System] Tick Logger A
[System] Tick Logger B
[System] Tick Logger A
[System] Tick Logger B
[System] Tick Logger A
[System] Tick Logger B
[System] Tick Logger A
[System] Tick Logger B
[System] Tick Logger A
[System] Tick Logger B
[System] Tick Logger A
[System] Tick Logger B
[System] Tick Logger A
[System] Tick Logger B
[System] Tick Logger A
[System] Tick Logger B
[System] Tick Logger A
[System] Tick Logger B
[System] Tick Logger A
[System] Tick Logger B
[System] Tick Logger A
[System] Tick Logger B
[System] Tick Logger A
[System] Tick Logger B
[System] Tick Logger A
[System] Tick Logger B
[System] Tick Logger A
[System] Tick Logger B
[System] Tick Logger A
[System] Tick Logger B
[System] Tick Logger A
[System] Tick Logger B
[System] Tick Logger A
[System] Tick Logger B
[System] Tick Logger A
[System] Tick Logger B
[System] Tick Logger A
[System] Tick Logger B
[System] Tick Logger A
[System] Tick Logger B
[System] Tick Logger A
[System] Tick Logger B
[System] Tick Logger A
[System] Tick Logger B
[System] Tick Logger A
[System] Tick Logger B
[System] Tick Logger A
[System] Tick Logger B
[System] Tick Logger A
[System] Tick Logger B
[System] Tick Logger A
[System] Tick Logger B
[System] Tick Logger A
[System] Tick Logger B
[System] Tick Logger A
[System] Tick Logger B
[System] Tick Logger A
[System] Tick Logger B
[System] Tick Logger A
[System] Tick Logger B
[System] Tick Logger A
[System] Tick Logger B
[System] Tick Logger A
[System] Tick Logger B
[System] Tick Logger A
[System] Tick Logger B
[System] Tick Logger A
[System] Tick Logger B
[System] Tick Logger A
[System] Tick Logger B
[System] Tick Logger A
[System] Tick Logger B
[System] Tick Logger A
[System] Tick Logger B
[System] Tick Logger A
[System] Tick Logger B
[System] Tick Logger A
[System] Tick Logger B
[System] Tick Logger A
[System] Tick Logger B
[System] Tick Logger A
[System] Tick Logger B
[System] Tick Logger A
[System] Tick Logger B
[System] Tick Logger A
[System] Tick Logger B
[System] Tick Logger A
[System] Tick Logger B
[Physics] tick=1800 ents=12 hasDyn=12 types(d/k)=12/0 null=0 yRange=[0.210,0.865] yDyn0=0.809 pendingDestroy=0
[System] Tick Logger A
[System] Tick Logger B
[System] Tick Logger A
[System] Tick Logger B
[System] Tick Logger A
[System] Tick Logger B
[System] Tick Logger A
[System] Tick Logger B
[soccer] id7 pos=(6.63,-2.84) bodyvel=(-1.42,0.61) desired=(-5.06,2.17) force=(-620.4,265.9) round=0/0 phase=1
[System] Tick Logger A
[System] Tick Logger B
[System] Tick Logger A
[System] Tick Logger B
[System] Tick Logger A
[System] Tick Logger B
[System] Tick Logger A
[System] Tick Logger B
[System] Tick Logger A
[System] Tick Logger B
[System] Tick Logger A
[System] Tick Logger B
[System] Tick Logger A
[System] Tick Logger B
[System] Tick Logger A
[System] Tick Logger B
[System] Tick Logger A
[System] Tick Logger B
[System] Tick Logger A
[System] Tick Logger B
[System] Tick Logger A
[System] Tick Logger B
[System] Tick Logger A
[System] Tick Logger B
[System] Tick Logger A
[System] Tick Logger B
[System] Tick Logger A
[System] Tick Logger B
[System] Tick Logger A
[System] Tick Logger B
[System] Tick Logger A
[System] Tick Logger B
[System] Tick Logger A
[System] Tick Logger B
[System] Tick Logger A
[System] Tick Logger B
[System] Tick Logger A
[System] Tick Logger B
[System] Tick Logger A
[System] Tick Logger B
[System] Tick Logger A
[System] Tick Logger B
[System] Tick Logger A
[System] Tick Logger B
[System] Tick Logger A
[System] Tick Logger B
[System] Tick Logger A
[System] Tick Logger B
[System] Tick Logger A
[System] Tick Logger B
[System] Tick Logger A
[System] Tick Logger B
[System] Tick Logger A
[System] Tick Logger B
[System] Tick Logger A
[System] Tick Logger B
[System] Tick Logger A
[System] Tick Logger B
[System] Tick Logger A
[System] Tick Logger B
[System] Tick Logger A
[System] Tick Logger B
[System] Tick Logger A
[System] Tick Logger B
[System] Tick Logger A
[System] Tick Logger B
[System] Tick Logger A
[System] Tick Logger B
[System] Tick Logger A
[System] Tick Logger B
[System] Tick Logger A
[System] Tick Logger B
[System] Tick Logger A
[System] Tick Logger B
[System] Tick Logger A
[System] Tick Logger B
[System] Tick Logger A
[System] Tick Logger B
[System] Tick Logger A
[System] Tick Logger B
[System] Tick Logger A
[System] Tick Logger B
[System] Tick Logger A
[System] Tick Logger B
[System] Tick Logger A
[System] Tick Logger B
[System] Tick Logger A
[System] Tick Logger B
[System] Tick Logger A
[System] Tick Logger B
[System] Tick Logger A
[System] Tick Logger B
[System] Tick Logger A
[System] Tick Logger B
[System] Tick Logger A
[System] Tick Logger B
[System] Tick Logger A
[System] Tick Logger B
[System] Tick Logger A
[System] Tick Logger B
[System] Tick Logger A
[System] Tick Logger B
[System] Tick Logger A
[System] Tick Logger B
[System] Tick Logger A
[System] Tick Logger B
[System] Tick Logger A
[System] Tick Logger B
[System] Tick Logger A
[System] Tick Logger B
[System] Tick Logger A
[System] Tick Logger B
[Physics] tick=1860 ents=12 hasDyn=12 types(d/k)=12/0 null=0 yRange=[0.210,0.865] yDyn0=0.809 pendingDestroy=0
[System] Tick Logger A
[System] Tick Logger B
[System] Tick Logger A
[System] Tick Logger B
[System] Tick Logger A
[System] Tick Logger B
[System] Tick Logger A
[System] Tick Logger B
[System] Tick Logger A
[System] Tick Logger B
[System] Tick Logger A
[System] Tick Logger B
[System] Tick Logger A
[System] Tick Logger B
[System] Tick Logger A
[System] Tick Logger B
[System] Tick Logger A
[System] Tick Logger B
[System] Tick Logger A
[System] Tick Logger B
[System] Tick Logger A
[System] Tick Logger B
[System] Tick Logger A
[System] Tick Logger B
[System] Tick Logger A
[System] Tick Logger B
[System] Tick Logger A
[System] Tick Logger B
[System] Tick Logger A
[System] Tick Logger B
[System] Tick Logger A
[System] Tick Logger B
[System] Tick Logger A
[System] Tick Logger B
[System] Tick Logger A
[System] Tick Logger B
[System] Tick Logger A
[System] Tick Logger B
[System] Tick Logger A
[System] Tick Logger B
[System] Tick Logger A
[System] Tick Logger B
[System] Tick Logger A
[System] Tick Logger B
[System] Tick Logger A
[System] Tick Logger B
[System] Tick Logger A
[System] Tick Logger B
[System] Tick Logger A
[System] Tick Logger B
[System] Tick Logger A
[System] Tick Logger B
[System] Tick Logger A
[System] Tick Logger B
[System] Tick Logger A
[System] Tick Logger B
[System] Tick Logger A
[System] Tick Logger B
[System] Tick Logger A
[System] Tick Logger B
[System] Tick Logger A
[System] Tick Logger B
[System] Tick Logger A
[System] Tick Logger B
[System] Tick Logger A
[System] Tick Logger B
[System] Tick Logger A
[System] Tick Logger B
[System] Tick Logger A
[System] Tick Logger B
[System] Tick Logger A
[System] Tick Logger B
[System] Tick Logger A
[System] Tick Logger B
[System] Tick Logger A
[System] Tick Logger B
[System] Tick Logger A
[System] Tick Logger B
[System] Tick Logger A
[System] Tick Logger B
[System] Tick Logger A
[System] Tick Logger B
[System] Tick Logger A
[System] Tick Logger B
[System] Tick Logger A
[System] Tick Logger B
[System] Tick Logger A
[System] Tick Logger B
[System] Tick Logger A
[System] Tick Logger B
[System] Tick Logger A
[System] Tick Logger B
[System] Tick Logger A
[System] Tick Logger B
[System] Tick Logger A
[System] Tick Logger B
[System] Tick Logger A
[System] Tick Logger B
[System] Tick Logger A
[System] Tick Logger B
[System] Tick Logger A
[System] Tick Logger B
[System] Tick Logger A
[System] Tick Logger B
[System] Tick Logger A
[System] Tick Logger B
[System] Tick Logger A
[System] Tick Logger B
[System] Tick Logger A
[System] Tick Logger B
[System] Tick Logger A
[System] Tick Logger B
[System] Tick Logger A
[System] Tick Logger B
[System] Tick Logger A
[System] Tick Logger B
[System] Tick Logger A
[System] Tick Logger B
[System] Tick Logger A
[System] Tick Logger B
[Physics] tick=1920 ents=12 hasDyn=12 types(d/k)=12/0 null=0 yRange=[0.210,0.865] yDyn0=0.809 pendingDestroy=0
[System] Tick Logger A
[System] Tick Logger B
[System] Tick Logger A
[System] Tick Logger B
[System] Tick Logger A
[System] Tick Logger B
[System] Tick Logger A
[System] Tick Logger B
[System] Tick Logger A
[System] Tick Logger B
[System] Tick Logger A
[System] Tick Logger B
[System] Tick Logger A
[System] Tick Logger B
[System] Tick Logger A
[System] Tick Logger B
[System] Tick Logger A
[System] Tick Logger B
[System] Tick Logger A
[System] Tick Logger B
[System] Tick Logger A
[System] Tick Logger B
[System] Tick Logger A
[System] Tick Logger B
[System] Tick Logger A
[System] Tick Logger B
[System] Tick Logger A
[System] Tick Logger B
[System] Tick Logger A
[System] Tick Logger B
[System] Tick Logger A
[System] Tick Logger B
[System] Tick Logger A
[System] Tick Logger B
[System] Tick Logger A
[System] Tick Logger B
[System] Tick Logger A
[System] Tick Logger B
[System] Tick Logger A
[System] Tick Logger B
[System] Tick Logger A
[System] Tick Logger B
[System] Tick Logger A
[System] Tick Logger B
[System] Tick Logger A
[System] Tick Logger B
[System] Tick Logger A
[System] Tick Logger B
[System] Tick Logger A
[System] Tick Logger B
[System] Tick Logger A
[System] Tick Logger B
[System] Tick Logger A
[System] Tick Logger B
[System] Tick Logger A
[System] Tick Logger B
[System] Tick Logger A
[System] Tick Logger B
[System] Tick Logger A
[System] Tick Logger B
[System] Tick Logger A
[System] Tick Logger B
[System] Tick Logger A
[System] Tick Logger B
[System] Tick Logger A
[System] Tick Logger B
[System] Tick Logger A
[System] Tick Logger B
[System] Tick Logger A
[System] Tick Logger B
[System] Tick Logger A
[System] Tick Logger B
[System] Tick Logger A
[System] Tick Logger B
[System] Tick Logger A
[System] Tick Logger B
[System] Tick Logger A
[System] Tick Logger B
[System] Tick Logger A
[System] Tick Logger B
[System] Tick Logger A
[System] Tick Logger B
[System] Tick Logger A
[System] Tick Logger B
[System] Tick Logger A
[System] Tick Logger B
[System] Tick Logger A
[System] Tick Logger B
[System] Tick Logger A
[System] Tick Logger B
[System] Tick Logger A
[System] Tick Logger B
[System] Tick Logger A
[System] Tick Logger B
[System] Tick Logger A
[System] Tick Logger B
[System] Tick Logger A
[System] Tick Logger B
[System] Tick Logger A
[System] Tick Logger B
[System] Tick Logger A
[System] Tick Logger B
[System] Tick Logger A
[System] Tick Logger B
[System] Tick Logger A
[System] Tick Logger B
[System] Tick Logger A
[System] Tick Logger B
[System] Tick Logger A
[System] Tick Logger B
[System] Tick Logger A
[System] Tick Logger B
[System] Tick Logger A
[System] Tick Logger B
[System] Tick Logger A
[System] Tick Logger B
[System] Tick Logger A
[System] Tick Logger B
[System] Tick Logger A
[System] Tick Logger B
[Physics] tick=1980 ents=12 hasDyn=12 types(d/k)=12/0 null=0 yRange=[0.210,0.865] yDyn0=0.809 pendingDestroy=0
[System] Tick Logger A
[System] Tick Logger B
[System] Tick Logger A
[System] Tick Logger B
[System] Tick Logger A
[System] Tick Logger B
[System] Tick Logger A
[System] Tick Logger B
[System] Tick Logger A
[System] Tick Logger B
[System] Tick Logger A
[System] Tick Logger B
[System] Tick Logger A
[System] Tick Logger B
[System] Tick Logger A
[System] Tick Logger B
[System] Tick Logger A
[System] Tick Logger B
[System] Tick Logger A
[System] Tick Logger B
[System] Tick Logger A
[System] Tick Logger B
[System] Tick Logger A
[System] Tick Logger B
[System] Tick Logger A
[System] Tick Logger B
[System] Tick Logger A
[System] Tick Logger B
[System] Tick Logger A
[System] Tick Logger B
[System] Tick Logger A
[System] Tick Logger B
[System] Tick Logger A
[System] Tick Logger B
[System] Tick Logger A
[System] Tick Logger B
[System] Tick Logger A
[System] Tick Logger B
[System] Tick Logger A
[System] Tick Logger B
[System] Tick Logger A
[System] Tick Logger B
[System] Tick Logger A
[System] Tick Logger B
[System] Tick Logger A
[System] Tick Logger B
[System] Tick Logger A
[System] Tick Logger B
[System] Tick Logger A
[System] Tick Logger B
[System] Tick Logger A
[System] Tick Logger B
[System] Tick Logger A
[System] Tick Logger B
[System] Tick Logger A
[System] Tick Logger B
[System] Tick Logger A
[System] Tick Logger B
[System] Tick Logger A
[System] Tick Logger B
[System] Tick Logger A
[System] Tick Logger B
[System] Tick Logger A
[System] Tick Logger B
[System] Tick Logger A
[System] Tick Logger B
[System] Tick Logger A
[System] Tick Logger B
[System] Tick Logger A
[System] Tick Logger B
[System] Tick Logger A
[System] Tick Logger B
[System] Tick Logger A
[System] Tick Logger B
[System] Tick Logger A
[System] Tick Logger B
[System] Tick Logger A
[System] Tick Logger B
[System] Tick Logger A
[System] Tick Logger B
[System] Tick Logger A
[System] Tick Logger B
[System] Tick Logger A
[System] Tick Logger B
[System] Tick Logger A
[System] Tick Logger B
[System] Tick Logger A
[System] Tick Logger B
[System] Tick Logger A
[System] Tick Logger B
[System] Tick Logger A
[System] Tick Logger B
[System] Tick Logger A
[System] Tick Logger B
[System] Tick Logger A
[System] Tick Logger B
[System] Tick Logger A
[System] Tick Logger B
[System] Tick Logger A
[System] Tick Logger B
[System] Tick Logger A
[System] Tick Logger B
[System] Tick Logger A
[System] Tick Logger B
[System] Tick Logger A
[System] Tick Logger B
[System] Tick Logger A
[System] Tick Logger B
[System] Tick Logger A
[System] Tick Logger B
[System] Tick Logger A
[System] Tick Logger B
[System] Tick Logger A
[System] Tick Logger B
[System] Tick Logger A
[System] Tick Logger B
[System] Tick Logger A
[System] Tick Logger B
[System] Tick Logger A
[System] Tick Logger B
[Physics] tick=2040 ents=12 hasDyn=12 types(d/k)=12/0 null=0 yRange=[0.210,0.865] yDyn0=0.809 pendingDestroy=0
[System] Tick Logger A
[System] Tick Logger B
[System] Tick Logger A
[System] Tick Logger B
[System] Tick Logger A
[System] Tick Logger B
[System] Tick Logger A
[System] Tick Logger B
[System] Tick Logger A
[System] Tick Logger B
[System] Tick Logger A
[System] Tick Logger B
[System] Tick Logger A
[System] Tick Logger B
[System] Tick Logger A
[System] Tick Logger B
[System] Tick Logger A
[System] Tick Logger B
[System] Tick Logger A
[System] Tick Logger B
[System] Tick Logger A
[System] Tick Logger B
[System] Tick Logger A
[System] Tick Logger B
[System] Tick Logger A
[System] Tick Logger B
[System] Tick Logger A
[System] Tick Logger B
[System] Tick Logger A
[System] Tick Logger B
[System] Tick Logger A
[System] Tick Logger B
[System] Tick Logger A
[System] Tick Logger B
[System] Tick Logger A
[System] Tick Logger B
[System] Tick Logger A
[System] Tick Logger B
[System] Tick Logger A
[System] Tick Logger B
[System] Tick Logger A
[System] Tick Logger B
[System] Tick Logger A
[System] Tick Logger B
[System] Tick Logger A
[System] Tick Logger B
[System] Tick Logger A
[System] Tick Logger B
[System] Tick Logger A
[System] Tick Logger B
[System] Tick Logger A
[System] Tick Logger B
[System] Tick Logger A
[System] Tick Logger B
[System] Tick Logger A
[System] Tick Logger B
[System] Tick Logger A
[System] Tick Logger B
[System] Tick Logger A
[System] Tick Logger B
[System] Tick Logger A
[System] Tick Logger B
[System] Tick Logger A
[System] Tick Logger B
[System] Tick Logger A
[System] Tick Logger B
[System] Tick Logger A
[System] Tick Logger B
[System] Tick Logger A
[System] Tick Logger B
[System] Tick Logger A
[System] Tick Logger B
[System] Tick Logger A
[System] Tick Logger B
[System] Tick Logger A
[System] Tick Logger B
[System] Tick Logger A
[System] Tick Logger B
[System] Tick Logger A
[System] Tick Logger B
[System] Tick Logger A
[System] Tick Logger B
[System] Tick Logger A
[System] Tick Logger B
[System] Tick Logger A
[System] Tick Logger B
[System] Tick Logger A
[System] Tick Logger B
[System] Tick Logger A
[System] Tick Logger B
[System] Tick Logger A
[System] Tick Logger B
[System] Tick Logger A
[System] Tick Logger B
[System] Tick Logger A
[System] Tick Logger B
[System] Tick Logger A
[System] Tick Logger B
[System] Tick Logger A
[System] Tick Logger B
[System] Tick Logger A
[System] Tick Logger B
[System] Tick Logger A
[System] Tick Logger B
[System] Tick Logger A
[System] Tick Logger B
[System] Tick Logger A
[System] Tick Logger B
[System] Tick Logger A
[System] Tick Logger B
[System] Tick Logger A
[System] Tick Logger B
[System] Tick Logger A
[System] Tick Logger B
[System] Tick Logger A
[System] Tick Logger B
[System] Tick Logger A
[System] Tick Logger B
[System] Tick Logger A
[System] Tick Logger B
[Physics] tick=2100 ents=12 hasDyn=12 types(d/k)=12/0 null=0 yRange=[0.210,0.865] yDyn0=0.809 pendingDestroy=0
[System] Tick Logger A
[System] Tick Logger B
[System] Tick Logger A
[System] Tick Logger B
[System] Tick Logger A
[System] Tick Logger B
[System] Tick Logger A
[System] Tick Logger B
[System] Tick Logger A
[System] Tick Logger B
[System] Tick Logger A
[System] Tick Logger B
[System] Tick Logger A
[System] Tick Logger B
[System] Tick Logger A
[System] Tick Logger B
[System] Tick Logger A
[System] Tick Logger B
[System] Tick Logger A
[System] Tick Logger B
[System] Tick Logger A
[System] Tick Logger B
[System] Tick Logger A
[System] Tick Logger B
[System] Tick Logger A
[System] Tick Logger B
[System] Tick Logger A
[System] Tick Logger B
[System] Tick Logger A
[System] Tick Logger B
[System] Tick Logger A
[System] Tick Logger B
[System] Tick Logger A
[System] Tick Logger B
[System] Tick Logger A
[System] Tick Logger B
[System] Tick Logger A
[System] Tick Logger B
[System] Tick Logger A
[System] Tick Logger B
[System] Tick Logger A
[System] Tick Logger B
[System] Tick Logger A
[System] Tick Logger B
[System] Tick Logger A
[System] Tick Logger B
[System] Tick Logger A
[System] Tick Logger B
[System] Tick Logger A
[System] Tick Logger B
[System] Tick Logger A
[System] Tick Logger B
[System] Tick Logger A
[System] Tick Logger B
[System] Tick Logger A
[System] Tick Logger B
[System] Tick Logger A
[System] Tick Logger B
[System] Tick Logger A
[System] Tick Logger B
[System] Tick Logger A
[System] Tick Logger B
[System] Tick Logger A
[System] Tick Logger B
[System] Tick Logger A
[System] Tick Logger B
[System] Tick Logger A
[System] Tick Logger B
[System] Tick Logger A
[System] Tick Logger B
[System] Tick Logger A
[System] Tick Logger B
[System] Tick Logger A
[System] Tick Logger B
[System] Tick Logger A
[System] Tick Logger B
[System] Tick Logger A
[System] Tick Logger B
[System] Tick Logger A
[System] Tick Logger B
[System] Tick Logger A
[System] Tick Logger B
[System] Tick Logger A
[System] Tick Logger B
[System] Tick Logger A
[System] Tick Logger B
[System] Tick Logger A
[System] Tick Logger B
[System] Tick Logger A
[System] Tick Logger B
[System] Tick Logger A
[System] Tick Logger B
[System] Tick Logger A
[System] Tick Logger B
[System] Tick Logger A
[System] Tick Logger B
[System] Tick Logger A
[System] Tick Logger B
[System] Tick Logger A
[System] Tick Logger B
[System] Tick Logger A
[System] Tick Logger B
[System] Tick Logger A
[System] Tick Logger B
[System] Tick Logger A
[System] Tick Logger B
[System] Tick Logger A
[System] Tick Logger B
[System] Tick Logger A
[System] Tick Logger B
[System] Tick Logger A
[System] Tick Logger B
[System] Tick Logger A
[System] Tick Logger B
[System] Tick Logger A
[System] Tick Logger B
[System] Tick Logger A
[System] Tick Logger B
[System] Tick Logger A
[System] Tick Logger B
[Physics] tick=2160 ents=12 hasDyn=12 types(d/k)=12/0 null=0 yRange=[0.210,0.865] yDyn0=0.809 pendingDestroy=0
[System] Tick Logger A
[System] Tick Logger B
[soccer] id7 pos=(5.57,-2.39) bodyvel=(-2.80,1.20) desired=(-5.06,2.17) force=(-620.4,265.9) round=0/0 phase=1
[System] Tick Logger A
[System] Tick Logger B
[System] Tick Logger A
[System] Tick Logger B
[System] Tick Logger A
[System] Tick Logger B
[System] Tick Logger A
[System] Tick Logger B
[System] Tick Logger A
[System] Tick Logger B
[System] Tick Logger A
[System] Tick Logger B
[System] Tick Logger A
[System] Tick Logger B
[System] Tick Logger A
[System] Tick Logger B
[System] Tick Logger A
[System] Tick Logger B
[System] Tick Logger A
[System] Tick Logger B
[System] Tick Logger A
[System] Tick Logger B
[System] Tick Logger A
[System] Tick Logger B
[System] Tick Logger A
[System] Tick Logger B
[System] Tick Logger A
[System] Tick Logger B
[System] Tick Logger A
[System] Tick Logger B
[System] Tick Logger A
[System] Tick Logger B
[System] Tick Logger A
[System] Tick Logger B
[System] Tick Logger A
[System] Tick Logger B
[System] Tick Logger A
[System] Tick Logger B
[System] Tick Logger A
[System] Tick Logger B
[System] Tick Logger A
[System] Tick Logger B
[System] Tick Logger A
[System] Tick Logger B
[System] Tick Logger A
[System] Tick Logger B
[System] Tick Logger A
[System] Tick Logger B
[System] Tick Logger A
[System] Tick Logger B
[System] Tick Logger A
[System] Tick Logger B
[System] Tick Logger A
[System] Tick Logger B
[System] Tick Logger A
[System] Tick Logger B
[System] Tick Logger A
[System] Tick Logger B
[System] Tick Logger A
[System] Tick Logger B
[System] Tick Logger A
[System] Tick Logger B
[System] Tick Logger A
[System] Tick Logger B
[System] Tick Logger A
[System] Tick Logger B
[System] Tick Logger A
[System] Tick Logger B
[System] Tick Logger A
[System] Tick Logger B
[System] Tick Logger A
[System] Tick Logger B
[System] Tick Logger A
[System] Tick Logger B
[System] Tick Logger A
[System] Tick Logger B
[System] Tick Logger A
[System] Tick Logger B
[System] Tick Logger A
[System] Tick Logger B
[System] Tick Logger A
[System] Tick Logger B
[System] Tick Logger A
[System] Tick Logger B
[System] Tick Logger A
[System] Tick Logger B
[System] Tick Logger A
[System] Tick Logger B
[System] Tick Logger A
[System] Tick Logger B
[System] Tick Logger A
[System] Tick Logger B
[System] Tick Logger A
[System] Tick Logger B
[System] Tick Logger A
[System] Tick Logger B
[System] Tick Logger A
[System] Tick Logger B
[System] Tick Logger A
[System] Tick Logger B
[System] Tick Logger A
[System] Tick Logger B
[System] Tick Logger A
[System] Tick Logger B
[System] Tick Logger A
[System] Tick Logger B
[System] Tick Logger A
[System] Tick Logger B
[System] Tick Logger A
[System] Tick Logger B
[System] Tick Logger A
[System] Tick Logger B
[System] Tick Logger A
[System] Tick Logger B
[System] Tick Logger A
[System] Tick Logger B
[System] Tick Logger A
[System] Tick Logger B
[Physics] tick=2220 ents=12 hasDyn=12 types(d/k)=12/0 null=0 yRange=[0.210,0.865] yDyn0=0.809 pendingDestroy=0
[System] Tick Logger A
[System] Tick Logger B
[System] Tick Logger A
[System] Tick Logger B
[System] Tick Logger A
[System] Tick Logger B
[System] Tick Logger A
[System] Tick Logger B
[System] Tick Logger A
[System] Tick Logger B
[System] Tick Logger A
[System] Tick Logger B
[System] Tick Logger A
[System] Tick Logger B
[System] Tick Logger A
[System] Tick Logger B
[System] Tick Logger A
[System] Tick Logger B
[System] Tick Logger A
[System] Tick Logger B
[System] Tick Logger A
[System] Tick Logger B
[System] Tick Logger A
[System] Tick Logger B
[System] Tick Logger A
[System] Tick Logger B
[System] Tick Logger A
[System] Tick Logger B
[System] Tick Logger A
[System] Tick Logger B
[System] Tick Logger A
[System] Tick Logger B
[System] Tick Logger A
[System] Tick Logger B
[System] Tick Logger A
[System] Tick Logger B
[System] Tick Logger A
[System] Tick Logger B
[System] Tick Logger A
[System] Tick Logger B
[System] Tick Logger A
[System] Tick Logger B
[System] Tick Logger A
[System] Tick Logger B
[System] Tick Logger A
[System] Tick Logger B
[System] Tick Logger A
[System] Tick Logger B
[System] Tick Logger A
[System] Tick Logger B
[System] Tick Logger A
[System] Tick Logger B
[System] Tick Logger A
[System] Tick Logger B
[System] Tick Logger A
[System] Tick Logger B
[System] Tick Logger A
[System] Tick Logger B
[System] Tick Logger A
[System] Tick Logger B
[System] Tick Logger A
[System] Tick Logger B
[System] Tick Logger A
[System] Tick Logger B
[System] Tick Logger A
[System] Tick Logger B
[System] Tick Logger A
[System] Tick Logger B
[System] Tick Logger A
[System] Tick Logger B
[System] Tick Logger A
[System] Tick Logger B
[System] Tick Logger A
[System] Tick Logger B
[System] Tick Logger A
[System] Tick Logger B
[System] Tick Logger A
[System] Tick Logger B
[System] Tick Logger A
[System] Tick Logger B
[System] Tick Logger A
[System] Tick Logger B
[System] Tick Logger A
[System] Tick Logger B
[System] Tick Logger A
[System] Tick Logger B
[System] Tick Logger A
[System] Tick Logger B
[System] Tick Logger A
[System] Tick Logger B
[System] Tick Logger A
[System] Tick Logger B
[System] Tick Logger A
[System] Tick Logger B
[System] Tick Logger A
[System] Tick Logger B
[System] Tick Logger A
[System] Tick Logger B
[System] Tick Logger A
[System] Tick Logger B
[System] Tick Logger A
[System] Tick Logger B
[System] Tick Logger A
[System] Tick Logger B
[System] Tick Logger A
[System] Tick Logger B
[System] Tick Logger A
[System] Tick Logger B
[System] Tick Logger A
[System] Tick Logger B
[System] Tick Logger A
[System] Tick Logger B
[System] Tick Logger A
[System] Tick Logger B
[System] Tick Logger A
[System] Tick Logger B
[System] Tick Logger A
[System] Tick Logger B
[System] Tick Logger A
[System] Tick Logger B
[Physics] tick=2280 ents=12 hasDyn=12 types(d/k)=12/0 null=0 yRange=[0.210,0.865] yDyn0=0.809 pendingDestroy=0
[System] Tick Logger A
[System] Tick Logger B
[System] Tick Logger A
[System] Tick Logger B
[System] Tick Logger A
[System] Tick Logger B
[System] Tick Logger A
[System] Tick Logger B
[System] Tick Logger A
[System] Tick Logger B
[System] Tick Logger A
[System] Tick Logger B
[System] Tick Logger A
[System] Tick Logger B
[System] Tick Logger A
[System] Tick Logger B
[System] Tick Logger A
[System] Tick Logger B
[System] Tick Logger A
[System] Tick Logger B
[System] Tick Logger A
[System] Tick Logger B
[System] Tick Logger A
[System] Tick Logger B
[System] Tick Logger A
[System] Tick Logger B
[System] Tick Logger A
[System] Tick Logger B
[System] Tick Logger A
[System] Tick Logger B
[System] Tick Logger A
[System] Tick Logger B
[System] Tick Logger A
[System] Tick Logger B
[System] Tick Logger A
[System] Tick Logger B
[System] Tick Logger A
[System] Tick Logger B
[System] Tick Logger A
[System] Tick Logger B
[System] Tick Logger A
[System] Tick Logger B
[System] Tick Logger A
[System] Tick Logger B
[System] Tick Logger A
[System] Tick Logger B
[System] Tick Logger A
[System] Tick Logger B
[System] Tick Logger A
[System] Tick Logger B
[System] Tick Logger A
[System] Tick Logger B
[System] Tick Logger A
[System] Tick Logger B
[System] Tick Logger A
[System] Tick Logger B
[System] Tick Logger A
[System] Tick Logger B
[System] Tick Logger A
[System] Tick Logger B
[System] Tick Logger A
[System] Tick Logger B
[System] Tick Logger A
[System] Tick Logger B
[System] Tick Logger A
[System] Tick Logger B
[System] Tick Logger A
[System] Tick Logger B
[System] Tick Logger A
[System] Tick Logger B
[System] Tick Logger A
[System] Tick Logger B
[System] Tick Logger A
[System] Tick Logger B
[System] Tick Logger A
[System] Tick Logger B
[System] Tick Logger A
[System] Tick Logger B
[System] Tick Logger A
[System] Tick Logger B
[System] Tick Logger A
[System] Tick Logger B
[System] Tick Logger A
[System] Tick Logger B
[System] Tick Logger A
[System] Tick Logger B
[System] Tick Logger A
[System] Tick Logger B
[System] Tick Logger A
[System] Tick Logger B
[System] Tick Logger A
[System] Tick Logger B
[System] Tick Logger A
[System] Tick Logger B
[System] Tick Logger A
[System] Tick Logger B
[System] Tick Logger A
[System] Tick Logger B
[System] Tick Logger A
[System] Tick Logger B
[System] Tick Logger A
[System] Tick Logger B
[System] Tick Logger A
[System] Tick Logger B
[System] Tick Logger A
[System] Tick Logger B
[System] Tick Logger A
[System] Tick Logger B
[System] Tick Logger A
[System] Tick Logger B
[System] Tick Logger A
[System] Tick Logger B
[System] Tick Logger A
[System] Tick Logger B
[System] Tick Logger A
[System] Tick Logger B
[System] Tick Logger A
[System] Tick Logger B
[System] Tick Logger A
[System] Tick Logger B
[Physics] tick=2340 ents=12 hasDyn=12 types(d/k)=12/0 null=0 yRange=[0.210,0.865] yDyn0=0.809 pendingDestroy=0
[System] Tick Logger A
[System] Tick Logger B
[System] Tick Logger A
[System] Tick Logger B
[System] Tick Logger A
[System] Tick Logger B
[System] Tick Logger A
[System] Tick Logger B
[System] Tick Logger A
[System] Tick Logger B
[System] Tick Logger A
[System] Tick Logger B
[System] Tick Logger A
[System] Tick Logger B
[System] Tick Logger A
[System] Tick Logger B
[System] Tick Logger A
[System] Tick Logger B
[System] Tick Logger A
[System] Tick Logger B
[System] Tick Logger A
[System] Tick Logger B
[System] Tick Logger A
[System] Tick Logger B
[System] Tick Logger A
[System] Tick Logger B
[System] Tick Logger A
[System] Tick Logger B
[System] Tick Logger A
[System] Tick Logger B
[System] Tick Logger A
[System] Tick Logger B
[System] Tick Logger A
[System] Tick Logger B
[System] Tick Logger A
[System] Tick Logger B
[System] Tick Logger A
[System] Tick Logger B
[System] Tick Logger A
[System] Tick Logger B
[System] Tick Logger A
[System] Tick Logger B
[System] Tick Logger A
[System] Tick Logger B
[System] Tick Logger A
[System] Tick Logger B
[System] Tick Logger A
[System] Tick Logger B
[System] Tick Logger A
[System] Tick Logger B
[System] Tick Logger A
[System] Tick Logger B
[System] Tick Logger A
[System] Tick Logger B
[System] Tick Logger A
[System] Tick Logger B
[System] Tick Logger A
[System] Tick Logger B
[System] Tick Logger A
[System] Tick Logger B
[System] Tick Logger A
[System] Tick Logger B
[System] Tick Logger A
[System] Tick Logger B
[System] Tick Logger A
[System] Tick Logger B
[System] Tick Logger A
[System] Tick Logger B
[System] Tick Logger A
[System] Tick Logger B
[System] Tick Logger A
[System] Tick Logger B
[System] Tick Logger A
[System] Tick Logger B
[System] Tick Logger A
[System] Tick Logger B
[System] Tick Logger A
[System] Tick Logger B
[System] Tick Logger A
[System] Tick Logger B
[System] Tick Logger A
[System] Tick Logger B
[System] Tick Logger A
[System] Tick Logger B
[System] Tick Logger A
[System] Tick Logger B
[System] Tick Logger A
[System] Tick Logger B
[System] Tick Logger A
[System] Tick Logger B
[System] Tick Logger A
[System] Tick Logger B
[System] Tick Logger A
[System] Tick Logger B
[System] Tick Logger A
[System] Tick Logger B
[System] Tick Logger A
[System] Tick Logger B
[System] Tick Logger A
[System] Tick Logger B
[System] Tick Logger A
[System] Tick Logger B
[System] Tick Logger A
[System] Tick Logger B
[System] Tick Logger A
[System] Tick Logger B
[System] Tick Logger A
[System] Tick Logger B
[System] Tick Logger A
[System] Tick Logger B
[System] Tick Logger A
[System] Tick Logger B
[System] Tick Logger A
[System] Tick Logger B
[System] Tick Logger A
[System] Tick Logger B
[System] Tick Logger A
[System] Tick Logger B
[System] Tick Logger A
[System] Tick Logger B
[Physics] tick=2400 ents=12 hasDyn=12 types(d/k)=12/0 null=0 yRange=[0.210,0.865] yDyn0=0.809 pendingDestroy=0
[System] Tick Logger A
[System] Tick Logger B
[System] Tick Logger A
[System] Tick Logger B
[System] Tick Logger A
[System] Tick Logger B
[System] Tick Logger A
[System] Tick Logger B
[System] Tick Logger A
[System] Tick Logger B
[System] Tick Logger A
[System] Tick Logger B
[System] Tick Logger A
[System] Tick Logger B
[System] Tick Logger A
[System] Tick Logger B
[System] Tick Logger A
[System] Tick Logger B
[System] Tick Logger A
[System] Tick Logger B
[System] Tick Logger A
[System] Tick Logger B
[System] Tick Logger A
[System] Tick Logger B
[System] Tick Logger A
[System] Tick Logger B
[System] Tick Logger A
[System] Tick Logger B
[System] Tick Logger A
[System] Tick Logger B
[System] Tick Logger A
[System] Tick Logger B
[System] Tick Logger A
[System] Tick Logger B
[System] Tick Logger A
[System] Tick Logger B
[System] Tick Logger A
[System] Tick Logger B
[System] Tick Logger A
[System] Tick Logger B
[System] Tick Logger A
[System] Tick Logger B
[System] Tick Logger A
[System] Tick Logger B
[System] Tick Logger A
[System] Tick Logger B
[System] Tick Logger A
[System] Tick Logger B
[System] Tick Logger A
[System] Tick Logger B
[System] Tick Logger A
[System] Tick Logger B
[System] Tick Logger A
[System] Tick Logger B
[System] Tick Logger A
[System] Tick Logger B
[System] Tick Logger A
[System] Tick Logger B
[System] Tick Logger A
[System] Tick Logger B
[System] Tick Logger A
[System] Tick Logger B
[System] Tick Logger A
[System] Tick Logger B
[System] Tick Logger A
[System] Tick Logger B
[System] Tick Logger A
[System] Tick Logger B
[System] Tick Logger A
[System] Tick Logger B
[System] Tick Logger A
[System] Tick Logger B
[System] Tick Logger A
[System] Tick Logger B
[System] Tick Logger A
[System] Tick Logger B
[System] Tick Logger A
[System] Tick Logger B
[System] Tick Logger A
[System] Tick Logger B
[System] Tick Logger A
[System] Tick Logger B
[System] Tick Logger A
[System] Tick Logger B
[System] Tick Logger A
[System] Tick Logger B
[System] Tick Logger A
[System] Tick Logger B
[System] Tick Logger A
[System] Tick Logger B
[System] Tick Logger A
[System] Tick Logger B
[System] Tick Logger A
[System] Tick Logger B
[System] Tick Logger A
[System] Tick Logger B
[System] Tick Logger A
[System] Tick Logger B
[System] Tick Logger A
[System] Tick Logger B
[System] Tick Logger A
[System] Tick Logger B
[System] Tick Logger A
[System] Tick Logger B
[System] Tick Logger A
[System] Tick Logger B
[System] Tick Logger A
[System] Tick Logger B
[System] Tick Logger A
[System] Tick Logger B
[System] Tick Logger A
[System] Tick Logger B
[System] Tick Logger A
[System] Tick Logger B
[System] Tick Logger A
[System] Tick Logger B
[System] Tick Logger A
[System] Tick Logger B
[System] Tick Logger A
[System] Tick Logger B
[Physics] tick=2460 ents=12 hasDyn=12 types(d/k)=12/0 null=0 yRange=[0.210,0.865] yDyn0=0.809 pendingDestroy=0
[System] Tick Logger A
[System] Tick Logger B
[System] Tick Logger A
[System] Tick Logger B
[System] Tick Logger A
[System] Tick Logger B
[System] Tick Logger A
[System] Tick Logger B
[System] Tick Logger A
[System] Tick Logger B
[System] Tick Logger A
[System] Tick Logger B
[System] Tick Logger A
[System] Tick Logger B
[System] Tick Logger A
[System] Tick Logger B
[System] Tick Logger A
[System] Tick Logger B
[System] Tick Logger A
[System] Tick Logger B
[System] Tick Logger A
[System] Tick Logger B
[System] Tick Logger A
[System] Tick Logger B
[System] Tick Logger A
[System] Tick Logger B
[System] Tick Logger A
[System] Tick Logger B
[System] Tick Logger A
[System] Tick Logger B
[System] Tick Logger A
[System] Tick Logger B
[System] Tick Logger A
[System] Tick Logger B
[System] Tick Logger A
[System] Tick Logger B
[System] Tick Logger A
[System] Tick Logger B
[System] Tick Logger A
[System] Tick Logger B
[System] Tick Logger A
[System] Tick Logger B
[System] Tick Logger A
[System] Tick Logger B
[System] Tick Logger A
[System] Tick Logger B
[System] Tick Logger A
[System] Tick Logger B
[System] Tick Logger A
[System] Tick Logger B
[System] Tick Logger A
[System] Tick Logger B
[System] Tick Logger A
[System] Tick Logger B
[System] Tick Logger A
[System] Tick Logger B
[System] Tick Logger A
[System] Tick Logger B
[System] Tick Logger A
[System] Tick Logger B
[System] Tick Logger A
[System] Tick Logger B
[System] Tick Logger A
[System] Tick Logger B
[System] Tick Logger A
[System] Tick Logger B
[System] Tick Logger A
[System] Tick Logger B
[System] Tick Logger A
[System] Tick Logger B
[System] Tick Logger A
[System] Tick Logger B
[System] Tick Logger A
[System] Tick Logger B
[System] Tick Logger A
[System] Tick Logger B
[System] Tick Logger A
[System] Tick Logger B
[System] Tick Logger A
[System] Tick Logger B
[System] Tick Logger A
[System] Tick Logger B
[System] Tick Logger A
[System] Tick Logger B
[System] Tick Logger A
[System] Tick Logger B
[System] Tick Logger A
[System] Tick Logger B
[System] Tick Logger A
[System] Tick Logger B
[System] Tick Logger A
[System] Tick Logger B
[System] Tick Logger A
[System] Tick Logger B
[System] Tick Logger A
[System] Tick Logger B
[System] Tick Logger A
[System] Tick Logger B
[System] Tick Logger A
[System] Tick Logger B
[System] Tick Logger A
[System] Tick Logger B
[System] Tick Logger A
[System] Tick Logger B
[System] Tick Logger A
[System] Tick Logger B
[System] Tick Logger A
[System] Tick Logger B
[System] Tick Logger A
[System] Tick Logger B
[System] Tick Logger A
[System] Tick Logger B
[System] Tick Logger A
[System] Tick Logger B
[System] Tick Logger A
[System] Tick Logger B
[System] Tick Logger A
[System] Tick Logger B
[System] Tick Logger A
[System] Tick Logger B
[Physics] tick=2520 ents=12 hasDyn=12 types(d/k)=12/0 null=0 yRange=[0.210,0.865] yDyn0=0.809 pendingDestroy=0
[soccer] id7 pos=(4.89,-2.09) bodyvel=(0.04,-0.02) desired=(0.13,-0.05) force=(383.3,-164.3) round=0/0 phase=1
[System] Tick Logger A
[System] Tick Logger B
[System] Tick Logger A
[System] Tick Logger B
[System] Tick Logger A
[System] Tick Logger B
[System] Tick Logger A
[System] Tick Logger B
[System] Tick Logger A
[System] Tick Logger B
[System] Tick Logger A
[System] Tick Logger B
[System] Tick Logger A
[System] Tick Logger B
[System] Tick Logger A
[System] Tick Logger B
[System] Tick Logger A
[System] Tick Logger B
[System] Tick Logger A
[System] Tick Logger B
[System] Tick Logger A
[System] Tick Logger B
[System] Tick Logger A
[System] Tick Logger B
[System] Tick Logger A
[System] Tick Logger B
[System] Tick Logger A
[System] Tick Logger B
[System] Tick Logger A
[System] Tick Logger B
[System] Tick Logger A
[System] Tick Logger B
[System] Tick Logger A
[System] Tick Logger B
[System] Tick Logger A
[System] Tick Logger B
[System] Tick Logger A
[System] Tick Logger B
[System] Tick Logger A
[System] Tick Logger B
[System] Tick Logger A
[System] Tick Logger B
[System] Tick Logger A
[System] Tick Logger B
[System] Tick Logger A
[System] Tick Logger B
[System] Tick Logger A
[System] Tick Logger B
[System] Tick Logger A
[System] Tick Logger B
[System] Tick Logger A
[System] Tick Logger B
[System] Tick Logger A
[System] Tick Logger B
[System] Tick Logger A
[System] Tick Logger B
[System] Tick Logger A
[System] Tick Logger B
[System] Tick Logger A
[System] Tick Logger B
[System] Tick Logger A
[System] Tick Logger B
[System] Tick Logger A
[System] Tick Logger B
[System] Tick Logger A
[System] Tick Logger B
[System] Tick Logger A
[System] Tick Logger B
[System] Tick Logger A
[System] Tick Logger B
[System] Tick Logger A
[System] Tick Logger B
[System] Tick Logger A
[System] Tick Logger B
[System] Tick Logger A
[System] Tick Logger B
[System] Tick Logger A
[System] Tick Logger B
[System] Tick Logger A
[System] Tick Logger B
[System] Tick Logger A
[System] Tick Logger B
[System] Tick Logger A
[System] Tick Logger B
[System] Tick Logger A
[System] Tick Logger B
[System] Tick Logger A
[System] Tick Logger B
[System] Tick Logger A
[System] Tick Logger B
[System] Tick Logger A
[System] Tick Logger B
[System] Tick Logger A
[System] Tick Logger B
[System] Tick Logger A
[System] Tick Logger B
[System] Tick Logger A
[System] Tick Logger B
[System] Tick Logger A
[System] Tick Logger B
[System] Tick Logger A
[System] Tick Logger B
[System] Tick Logger A
[System] Tick Logger B
[System] Tick Logger A
[System] Tick Logger B
[System] Tick Logger A
[System] Tick Logger B
[System] Tick Logger A
[System] Tick Logger B
[System] Tick Logger A
[System] Tick Logger B
[System] Tick Logger A
[System] Tick Logger B
[System] Tick Logger A
[System] Tick Logger B
[System] Tick Logger A
[System] Tick Logger B
[System] Tick Logger A
[System] Tick Logger B
[Physics] tick=2580 ents=12 hasDyn=12 types(d/k)=12/0 null=0 yRange=[0.210,0.865] yDyn0=0.809 pendingDestroy=0
[System] Tick Logger A
[System] Tick Logger B
[System] Tick Logger A
[System] Tick Logger B
[System] Tick Logger A
[System] Tick Logger B
[System] Tick Logger A
[System] Tick Logger B
[System] Tick Logger A
[System] Tick Logger B
[System] Tick Logger A
[System] Tick Logger B
[System] Tick Logger A
[System] Tick Logger B
[System] Tick Logger A
[System] Tick Logger B
[System] Tick Logger A
[System] Tick Logger B
[System] Tick Logger A
[System] Tick Logger B
[System] Tick Logger A
[System] Tick Logger B
[System] Tick Logger A
[System] Tick Logger B
[System] Tick Logger A
[System] Tick Logger B
[System] Tick Logger A
[System] Tick Logger B
[System] Tick Logger A
[System] Tick Logger B
[System] Tick Logger A
[System] Tick Logger B
[System] Tick Logger A
[System] Tick Logger B
[System] Tick Logger A
[System] Tick Logger B
[System] Tick Logger A
[System] Tick Logger B
[System] Tick Logger A
[System] Tick Logger B
[System] Tick Logger A
[System] Tick Logger B
[System] Tick Logger A
[System] Tick Logger B
[System] Tick Logger A
[System] Tick Logger B
[System] Tick Logger A
[System] Tick Logger B
[System] Tick Logger A
[System] Tick Logger B
[System] Tick Logger A
[System] Tick Logger B
[System] Tick Logger A
[System] Tick Logger B
[System] Tick Logger A
[System] Tick Logger B
[System] Tick Logger A
[System] Tick Logger B
[System] Tick Logger A
[System] Tick Logger B
[System] Tick Logger A
[System] Tick Logger B
[System] Tick Logger A
[System] Tick Logger B
[System] Tick Logger A
[System] Tick Logger B
[System] Tick Logger A
[System] Tick Logger B
[System] Tick Logger A
[System] Tick Logger B
[System] Tick Logger A
[System] Tick Logger B
[System] Tick Logger A
[System] Tick Logger B
[System] Tick Logger A
[System] Tick Logger B
[System] Tick Logger A
[System] Tick Logger B
[System] Tick Logger A
[System] Tick Logger B
[System] Tick Logger A
[System] Tick Logger B
[System] Tick Logger A
[System] Tick Logger B
[System] Tick Logger A
[System] Tick Logger B
[System] Tick Logger A
[System] Tick Logger B
[System] Tick Logger A
[System] Tick Logger B
[System] Tick Logger A
[System] Tick Logger B
[System] Tick Logger A
[System] Tick Logger B
[System] Tick Logger A
[System] Tick Logger B
[System] Tick Logger A
[System] Tick Logger B
[System] Tick Logger A
[System] Tick Logger B
[System] Tick Logger A
[System] Tick Logger B
[System] Tick Logger A
[System] Tick Logger B
[System] Tick Logger A
[System] Tick Logger B
[System] Tick Logger A
[System] Tick Logger B
[System] Tick Logger A
[System] Tick Logger B
[System] Tick Logger A
[System] Tick Logger B
[System] Tick Logger A
[System] Tick Logger B
[System] Tick Logger A
[System] Tick Logger B
[System] Tick Logger A
[System] Tick Logger B
[System] Tick Logger A
[System] Tick Logger B
[Physics] tick=2640 ents=12 hasDyn=12 types(d/k)=12/0 null=0 yRange=[0.210,0.865] yDyn0=0.809 pendingDestroy=0
[System] Tick Logger A
[System] Tick Logger B
[System] Tick Logger A
[System] Tick Logger B
[System] Tick Logger A
[System] Tick Logger B
[System] Tick Logger A
[System] Tick Logger B
[System] Tick Logger A
[System] Tick Logger B
[System] Tick Logger A
[System] Tick Logger B
[System] Tick Logger A
[System] Tick Logger B
[System] Tick Logger A
[System] Tick Logger B
[System] Tick Logger A
[System] Tick Logger B
[System] Tick Logger A
[System] Tick Logger B
[System] Tick Logger A
[System] Tick Logger B
[System] Tick Logger A
[System] Tick Logger B
[System] Tick Logger A
[System] Tick Logger B
[System] Tick Logger A
[System] Tick Logger B
[System] Tick Logger A
[System] Tick Logger B
[System] Tick Logger A
[System] Tick Logger B
[System] Tick Logger A
[System] Tick Logger B
[System] Tick Logger A
[System] Tick Logger B
[System] Tick Logger A
[System] Tick Logger B
[System] Tick Logger A
[System] Tick Logger B
[System] Tick Logger A
[System] Tick Logger B
[System] Tick Logger A
[System] Tick Logger B
[System] Tick Logger A
[System] Tick Logger B
[System] Tick Logger A
[System] Tick Logger B
[System] Tick Logger A
[System] Tick Logger B
[System] Tick Logger A
[System] Tick Logger B
[System] Tick Logger A
[System] Tick Logger B
[System] Tick Logger A
[System] Tick Logger B
[System] Tick Logger A
[System] Tick Logger B
[System] Tick Logger A
[System] Tick Logger B
[System] Tick Logger A
[System] Tick Logger B
[System] Tick Logger A
[System] Tick Logger B
[System] Tick Logger A
[System] Tick Logger B
[System] Tick Logger A
[System] Tick Logger B
[System] Tick Logger A
[System] Tick Logger B
[System] Tick Logger A
[System] Tick Logger B
[System] Tick Logger A
[System] Tick Logger B
[System] Tick Logger A
[System] Tick Logger B
[System] Tick Logger A
[System] Tick Logger B
[System] Tick Logger A
[System] Tick Logger B
[System] Tick Logger A
[System] Tick Logger B
[System] Tick Logger A
[System] Tick Logger B
[System] Tick Logger A
[System] Tick Logger B
[System] Tick Logger A
[System] Tick Logger B
[System] Tick Logger A
[System] Tick Logger B
[System] Tick Logger A
[System] Tick Logger B
[System] Tick Logger A
[System] Tick Logger B
[System] Tick Logger A
[System] Tick Logger B
[System] Tick Logger A
[System] Tick Logger B
[System] Tick Logger A
[System] Tick Logger B
[System] Tick Logger A
[System] Tick Logger B
[System] Tick Logger A
[System] Tick Logger B
[System] Tick Logger A
[System] Tick Logger B
[System] Tick Logger A
[System] Tick Logger B
[System] Tick Logger A
[System] Tick Logger B
[System] Tick Logger A
[System] Tick Logger B
[System] Tick Logger A
[System] Tick Logger B
[System] Tick Logger A
[System] Tick Logger B
[System] Tick Logger A
[System] Tick Logger B
[System] Tick Logger A
[System] Tick Logger B
[Physics] tick=2700 ents=12 hasDyn=12 types(d/k)=12/0 null=0 yRange=[0.210,0.865] yDyn0=0.809 pendingDestroy=0
[System] Tick Logger A
[System] Tick Logger B
[System] Tick Logger A
[System] Tick Logger B
[System] Tick Logger A
[System] Tick Logger B
[System] Tick Logger A
[System] Tick Logger B
[System] Tick Logger A
[System] Tick Logger B
[System] Tick Logger A
[System] Tick Logger B
[System] Tick Logger A
[System] Tick Logger B
[System] Tick Logger A
[System] Tick Logger B
[System] Tick Logger A
[System] Tick Logger B
[System] Tick Logger A
[System] Tick Logger B
[System] Tick Logger A
[System] Tick Logger B
[System] Tick Logger A
[System] Tick Logger B
[System] Tick Logger A
[System] Tick Logger B
[System] Tick Logger A
[System] Tick Logger B
[System] Tick Logger A
[System] Tick Logger B
[System] Tick Logger A
[System] Tick Logger B
[System] Tick Logger A
[System] Tick Logger B
[System] Tick Logger A
[System] Tick Logger B
[System] Tick Logger A
[System] Tick Logger B
[System] Tick Logger A
[System] Tick Logger B
[System] Tick Logger A
[System] Tick Logger B
[System] Tick Logger A
[System] Tick Logger B
[System] Tick Logger A
[System] Tick Logger B
[System] Tick Logger A
[System] Tick Logger B
[System] Tick Logger A
[System] Tick Logger B
[System] Tick Logger A
[System] Tick Logger B
[System] Tick Logger A
[System] Tick Logger B
[System] Tick Logger A
[System] Tick Logger B
[System] Tick Logger A
[System] Tick Logger B
[System] Tick Logger A
[System] Tick Logger B
[System] Tick Logger A
[System] Tick Logger B
[System] Tick Logger A
[System] Tick Logger B
[System] Tick Logger A
[System] Tick Logger B
[System] Tick Logger A
[System] Tick Logger B
[System] Tick Logger A
[System] Tick Logger B
[System] Tick Logger A
[System] Tick Logger B
[System] Tick Logger A
[System] Tick Logger B
[System] Tick Logger A
[System] Tick Logger B
[System] Tick Logger A
[System] Tick Logger B
[System] Tick Logger A
[System] Tick Logger B
[System] Tick Logger A
[System] Tick Logger B
[System] Tick Logger A
[System] Tick Logger B
[System] Tick Logger A
[System] Tick Logger B
[System] Tick Logger A
[System] Tick Logger B
[System] Tick Logger A
[System] Tick Logger B
[System] Tick Logger A
[System] Tick Logger B
[System] Tick Logger A
[System] Tick Logger B
[System] Tick Logger A
[System] Tick Logger B
[System] Tick Logger A
[System] Tick Logger B
[System] Tick Logger A
[System] Tick Logger B
[System] Tick Logger A
[System] Tick Logger B
[System] Tick Logger A
[System] Tick Logger B
[System] Tick Logger A
[System] Tick Logger B
[System] Tick Logger A
[System] Tick Logger B
[System] Tick Logger A
[System] Tick Logger B
[System] Tick Logger A
[System] Tick Logger B
[System] Tick Logger A
[System] Tick Logger B
[System] Tick Logger A
[System] Tick Logger B
[System] Tick Logger A
[System] Tick Logger B
[System] Tick Logger A
[System] Tick Logger B
[Physics] tick=2760 ents=12 hasDyn=12 types(d/k)=12/0 null=0 yRange=[0.210,0.865] yDyn0=0.809 pendingDestroy=0
[System] Tick Logger A
[System] Tick Logger B
[System] Tick Logger A
[System] Tick Logger B
[System] Tick Logger A
[System] Tick Logger B
[System] Tick Logger A
[System] Tick Logger B
[System] Tick Logger A
[System] Tick Logger B
[System] Tick Logger A
[System] Tick Logger B
[System] Tick Logger A
[System] Tick Logger B
[System] Tick Logger A
[System] Tick Logger B
[System] Tick Logger A
[System] Tick Logger B
[System] Tick Logger A
[System] Tick Logger B
[System] Tick Logger A
[System] Tick Logger B
[System] Tick Logger A
[System] Tick Logger B
[System] Tick Logger A
[System] Tick Logger B
[System] Tick Logger A
[System] Tick Logger B
[System] Tick Logger A
[System] Tick Logger B
[System] Tick Logger A
[System] Tick Logger B
[System] Tick Logger A
[System] Tick Logger B
[System] Tick Logger A
[System] Tick Logger B
[System] Tick Logger A
[System] Tick Logger B
[System] Tick Logger A
[System] Tick Logger B
[System] Tick Logger A
[System] Tick Logger B
[System] Tick Logger A
[System] Tick Logger B
[System] Tick Logger A
[System] Tick Logger B
[System] Tick Logger A
[System] Tick Logger B
[System] Tick Logger A
[System] Tick Logger B
[System] Tick Logger A
[System] Tick Logger B
[System] Tick Logger A
[System] Tick Logger B
[System] Tick Logger A
[System] Tick Logger B
[System] Tick Logger A
[System] Tick Logger B
[System] Tick Logger A
[System] Tick Logger B
[System] Tick Logger A
[System] Tick Logger B
[System] Tick Logger A
[System] Tick Logger B
[System] Tick Logger A
[System] Tick Logger B
[System] Tick Logger A
[System] Tick Logger B
[System] Tick Logger A
[System] Tick Logger B
[System] Tick Logger A
[System] Tick Logger B
[System] Tick Logger A
[System] Tick Logger B
[System] Tick Logger A
[System] Tick Logger B
[System] Tick Logger A
[System] Tick Logger B
[System] Tick Logger A
[System] Tick Logger B
[System] Tick Logger A
[System] Tick Logger B
[System] Tick Logger A
[System] Tick Logger B
[System] Tick Logger A
[System] Tick Logger B
[System] Tick Logger A
[System] Tick Logger B
[System] Tick Logger A
[System] Tick Logger B
[System] Tick Logger A
[System] Tick Logger B
[System] Tick Logger A
[System] Tick Logger B
[System] Tick Logger A
[System] Tick Logger B
[System] Tick Logger A
[System] Tick Logger B
[System] Tick Logger A
[System] Tick Logger B
[System] Tick Logger A
[System] Tick Logger B
[System] Tick Logger A
[System] Tick Logger B
[System] Tick Logger A
[System] Tick Logger B
[System] Tick Logger A
[System] Tick Logger B
[System] Tick Logger A
[System] Tick Logger B
[System] Tick Logger A
[System] Tick Logger B
[System] Tick Logger A
[System] Tick Logger B
[System] Tick Logger A
[System] Tick Logger B
[System] Tick Logger A
[System] Tick Logger B
[System] Tick Logger A
[System] Tick Logger B
[Physics] tick=2820 ents=12 hasDyn=12 types(d/k)=12/0 null=0 yRange=[0.210,0.865] yDyn0=0.809 pendingDestroy=0
[System] Tick Logger A
[System] Tick Logger B
[System] Tick Logger A
[System] Tick Logger B
[System] Tick Logger A
[System] Tick Logger B
[System] Tick Logger A
[System] Tick Logger B
[System] Tick Logger A
[System] Tick Logger B
[System] Tick Logger A
[System] Tick Logger B
[System] Tick Logger A
[System] Tick Logger B
[System] Tick Logger A
[System] Tick Logger B
[System] Tick Logger A
[System] Tick Logger B
[System] Tick Logger A
[System] Tick Logger B
[System] Tick Logger A
[System] Tick Logger B
[System] Tick Logger A
[System] Tick Logger B
[System] Tick Logger A
[System] Tick Logger B
[System] Tick Logger A
[System] Tick Logger B
[System] Tick Logger A
[System] Tick Logger B
[System] Tick Logger A
[System] Tick Logger B
[System] Tick Logger A
[System] Tick Logger B
[System] Tick Logger A
[System] Tick Logger B
[System] Tick Logger A
[System] Tick Logger B
[System] Tick Logger A
[System] Tick Logger B
[System] Tick Logger A
[System] Tick Logger B
[System] Tick Logger A
[System] Tick Logger B
[System] Tick Logger A
[System] Tick Logger B
[System] Tick Logger A
[System] Tick Logger B
[System] Tick Logger A
[System] Tick Logger B
[System] Tick Logger A
[System] Tick Logger B
[System] Tick Logger A
[System] Tick Logger B
[System] Tick Logger A
[System] Tick Logger B
[System] Tick Logger A
[System] Tick Logger B
[System] Tick Logger A
[System] Tick Logger B
[System] Tick Logger A
[System] Tick Logger B
[System] Tick Logger A
[System] Tick Logger B
[System] Tick Logger A
[System] Tick Logger B
[System] Tick Logger A
[System] Tick Logger B
[System] Tick Logger A
[System] Tick Logger B
[System] Tick Logger A
[System] Tick Logger B
[System] Tick Logger A
[System] Tick Logger B
[System] Tick Logger A
[System] Tick Logger B
[System] Tick Logger A
[System] Tick Logger B
[System] Tick Logger A
[System] Tick Logger B
[System] Tick Logger A
[System] Tick Logger B
[System] Tick Logger A
[System] Tick Logger B
[System] Tick Logger A
[System] Tick Logger B
[System] Tick Logger A
[System] Tick Logger B
[System] Tick Logger A
[System] Tick Logger B
[System] Tick Logger A
[System] Tick Logger B
[System] Tick Logger A
[System] Tick Logger B
[System] Tick Logger A
[System] Tick Logger B
[System] Tick Logger A
[System] Tick Logger B
[System] Tick Logger A
[System] Tick Logger B
[System] Tick Logger A
[System] Tick Logger B
[System] Tick Logger A
[System] Tick Logger B
[System] Tick Logger A
[System] Tick Logger B
[System] Tick Logger A
[System] Tick Logger B
[System] Tick Logger A
[System] Tick Logger B
[soccer] id7 pos=(4.79,-2.10) bodyvel=(-0.79,0.02) desired=(1.08,0.43) force=(659.7,143.1) round=0/0 phase=1
[System] Tick Logger A
[System] Tick Logger B
[System] Tick Logger A
[System] Tick Logger B
[System] Tick Logger A
[System] Tick Logger B
[System] Tick Logger A
[System] Tick Logger B
[System] Tick Logger A
[System] Tick Logger B
[Physics] tick=2880 ents=12 hasDyn=12 types(d/k)=12/0 null=0 yRange=[0.210,0.865] yDyn0=0.809 pendingDestroy=0
[System] Tick Logger A
[System] Tick Logger B
[System] Tick Logger A
[System] Tick Logger B
[System] Tick Logger A
[System] Tick Logger B
[System] Tick Logger A
[System] Tick Logger B
[System] Tick Logger A
[System] Tick Logger B
[System] Tick Logger A
[System] Tick Logger B
[System] Tick Logger A
[System] Tick Logger B
[System] Tick Logger A
[System] Tick Logger B
[System] Tick Logger A
[System] Tick Logger B
[System] Tick Logger A
[System] Tick Logger B
[System] Tick Logger A
[System] Tick Logger B
[System] Tick Logger A
[System] Tick Logger B
[System] Tick Logger A
[System] Tick Logger B
[System] Tick Logger A
[System] Tick Logger B
[System] Tick Logger A
[System] Tick Logger B
[System] Tick Logger A
[System] Tick Logger B
[System] Tick Logger A
[System] Tick Logger B
[System] Tick Logger A
[System] Tick Logger B
[System] Tick Logger A
[System] Tick Logger B
[System] Tick Logger A
[System] Tick Logger B
[System] Tick Logger A
[System] Tick Logger B
[System] Tick Logger A
[System] Tick Logger B
[System] Tick Logger A
[System] Tick Logger B
[System] Tick Logger A
[System] Tick Logger B
[System] Tick Logger A
[System] Tick Logger B
[System] Tick Logger A
[System] Tick Logger B
[System] Tick Logger A
[System] Tick Logger B
[System] Tick Logger A
[System] Tick Logger B
[System] Tick Logger A
[System] Tick Logger B
[System] Tick Logger A
[System] Tick Logger B
[System] Tick Logger A
[System] Tick Logger B
[System] Tick Logger A
[System] Tick Logger B
[System] Tick Logger A
[System] Tick Logger B
[System] Tick Logger A
[System] Tick Logger B
[System] Tick Logger A
[System] Tick Logger B
[System] Tick Logger A
[System] Tick Logger B
[System] Tick Logger A
[System] Tick Logger B
[System] Tick Logger A
[System] Tick Logger B
[System] Tick Logger A
[System] Tick Logger B
[System] Tick Logger A
[System] Tick Logger B
[System] Tick Logger A
[System] Tick Logger B
[System] Tick Logger A
[System] Tick Logger B
[System] Tick Logger A
[System] Tick Logger B
[System] Tick Logger A
[System] Tick Logger B
[System] Tick Logger A
[System] Tick Logger B
[System] Tick Logger A
[System] Tick Logger B
[System] Tick Logger A
[System] Tick Logger B
[System] Tick Logger A
[System] Tick Logger B
[System] Tick Logger A
[System] Tick Logger B
[System] Tick Logger A
[System] Tick Logger B
[System] Tick Logger A
[System] Tick Logger B
[System] Tick Logger A
[System] Tick Logger B
[System] Tick Logger A
[System] Tick Logger B
[System] Tick Logger A
[System] Tick Logger B
[System] Tick Logger A
[System] Tick Logger B
[System] Tick Logger A
[System] Tick Logger B
[System] Tick Logger A
[System] Tick Logger B
[System] Tick Logger A
[System] Tick Logger B
[System] Tick Logger A
[System] Tick Logger B
[System] Tick Logger A
[System] Tick Logger B
[Physics] tick=2940 ents=12 hasDyn=12 types(d/k)=12/0 null=0 yRange=[0.210,0.865] yDyn0=0.809 pendingDestroy=0
[System] Tick Logger A
[System] Tick Logger B
[System] Tick Logger A
[System] Tick Logger B
[System] Tick Logger A
[System] Tick Logger B
[System] Tick Logger A
[System] Tick Logger B
[System] Tick Logger A
[System] Tick Logger B
[System] Tick Logger A
[System] Tick Logger B
[System] Tick Logger A
[System] Tick Logger B
[System] Tick Logger A
[System] Tick Logger B
[System] Tick Logger A
[System] Tick Logger B
[System] Tick Logger A
[System] Tick Logger B
[System] Tick Logger A
[System] Tick Logger B
[System] Tick Logger A
[System] Tick Logger B
[System] Tick Logger A
[System] Tick Logger B
[System] Tick Logger A
[System] Tick Logger B
[System] Tick Logger A
[System] Tick Logger B
[System] Tick Logger A
[System] Tick Logger B
[System] Tick Logger A
[System] Tick Logger B
[System] Tick Logger A
[System] Tick Logger B
[System] Tick Logger A
[System] Tick Logger B
[System] Tick Logger A
[System] Tick Logger B
[System] Tick Logger A
[System] Tick Logger B
[System] Tick Logger A
[System] Tick Logger B
[System] Tick Logger A
[System] Tick Logger B
[System] Tick Logger A
[System] Tick Logger B
[System] Tick Logger A
[System] Tick Logger B
[System] Tick Logger A
[System] Tick Logger B
[System] Tick Logger A
[System] Tick Logger B
[System] Tick Logger A
[System] Tick Logger B
[System] Tick Logger A
[System] Tick Logger B
[System] Tick Logger A
[System] Tick Logger B
[System] Tick Logger A
[System] Tick Logger B
[System] Tick Logger A
[System] Tick Logger B
[System] Tick Logger A
[System] Tick Logger B
[System] Tick Logger A
[System] Tick Logger B
[System] Tick Logger A
[System] Tick Logger B
[System] Tick Logger A
[System] Tick Logger B
[System] Tick Logger A
[System] Tick Logger B
[System] Tick Logger A
[System] Tick Logger B
[System] Tick Logger A
[System] Tick Logger B
[System] Tick Logger A
[System] Tick Logger B
[System] Tick Logger A
[System] Tick Logger B
[System] Tick Logger A
[System] Tick Logger B
[System] Tick Logger A
[System] Tick Logger B
[System] Tick Logger A
[System] Tick Logger B
[System] Tick Logger A
[System] Tick Logger B
[System] Tick Logger A
[System] Tick Logger B
[System] Tick Logger A
[System] Tick Logger B
[System] Tick Logger A
[System] Tick Logger B
[System] Tick Logger A
[System] Tick Logger B
[System] Tick Logger A
[System] Tick Logger B
[System] Tick Logger A
[System] Tick Logger B
[System] Tick Logger A
[System] Tick Logger B
[System] Tick Logger A
[System] Tick Logger B
[System] Tick Logger A
[System] Tick Logger B
[System] Tick Logger A
[System] Tick Logger B
[System] Tick Logger A
[System] Tick Logger B
[System] Tick Logger A
[System] Tick Logger B
[System] Tick Logger A
[System] Tick Logger B
[System] Tick Logger A
[System] Tick Logger B
[System] Tick Logger A
[System] Tick Logger B
[Physics] tick=3000 ents=12 hasDyn=12 types(d/k)=12/0 null=0 yRange=[0.209,0.865] yDyn0=0.809 pendingDestroy=0
[System] Tick Logger A
[System] Tick Logger B
[System] Tick Logger A
[System] Tick Logger B
[System] Tick Logger A
[System] Tick Logger B
[System] Tick Logger A
[System] Tick Logger B
[System] Tick Logger A
[System] Tick Logger B
[System] Tick Logger A
[System] Tick Logger B
[System] Tick Logger A
[System] Tick Logger B
[System] Tick Logger A
[System] Tick Logger B
[System] Tick Logger A
[System] Tick Logger B
[System] Tick Logger A
[System] Tick Logger B
[System] Tick Logger A
[System] Tick Logger B
[System] Tick Logger A
[System] Tick Logger B
[System] Tick Logger A
[System] Tick Logger B
[System] Tick Logger A
[System] Tick Logger B
[System] Tick Logger A
[System] Tick Logger B
[System] Tick Logger A
[System] Tick Logger B
[System] Tick Logger A
[System] Tick Logger B
[System] Tick Logger A
[System] Tick Logger B
[System] Tick Logger A
[System] Tick Logger B
[System] Tick Logger A
[System] Tick Logger B
[System] Tick Logger A
[System] Tick Logger B
[System] Tick Logger A
[System] Tick Logger B
[System] Tick Logger A
[System] Tick Logger B
[System] Tick Logger A
[System] Tick Logger B
[System] Tick Logger A
[System] Tick Logger B
[System] Tick Logger A
[System] Tick Logger B
[System] Tick Logger A
[System] Tick Logger B
[System] Tick Logger A
[System] Tick Logger B
[System] Tick Logger A
[System] Tick Logger B
[System] Tick Logger A
[System] Tick Logger B
[System] Tick Logger A
[System] Tick Logger B
[System] Tick Logger A
[System] Tick Logger B
[System] Tick Logger A
[System] Tick Logger B
[System] Tick Logger A
[System] Tick Logger B
[System] Tick Logger A
[System] Tick Logger B
[System] Tick Logger A
[System] Tick Logger B
[System] Tick Logger A
[System] Tick Logger B
[System] Tick Logger A
[System] Tick Logger B
[System] Tick Logger A
[System] Tick Logger B
[System] Tick Logger A
[System] Tick Logger B
[System] Tick Logger A
[System] Tick Logger B
[System] Tick Logger A
[System] Tick Logger B
[System] Tick Logger A
[System] Tick Logger B
[System] Tick Logger A
[System] Tick Logger B
[System] Tick Logger A
[System] Tick Logger B
[System] Tick Logger A
[System] Tick Logger B
[System] Tick Logger A
[System] Tick Logger B
[System] Tick Logger A
[System] Tick Logger B
[System] Tick Logger A
[System] Tick Logger B
[System] Tick Logger A
[System] Tick Logger B
[System] Tick Logger A
[System] Tick Logger B
[System] Tick Logger A
[System] Tick Logger B
[System] Tick Logger A
[System] Tick Logger B
[System] Tick Logger A
[System] Tick Logger B
[System] Tick Logger A
[System] Tick Logger B
[System] Tick Logger A
[System] Tick Logger B
[System] Tick Logger A
[System] Tick Logger B
[System] Tick Logger A
[System] Tick Logger B
[System] Tick Logger A
[System] Tick Logger B
[System] Tick Logger A
[System] Tick Logger B
[Physics] tick=3060 ents=12 hasDyn=12 types(d/k)=12/0 null=0 yRange=[0.209,0.865] yDyn0=0.809 pendingDestroy=0
[System] Tick Logger A
[System] Tick Logger B
[System] Tick Logger A
[System] Tick Logger B
[System] Tick Logger A
[System] Tick Logger B
[System] Tick Logger A
[System] Tick Logger B
[System] Tick Logger A
[System] Tick Logger B
[System] Tick Logger A
[System] Tick Logger B
[System] Tick Logger A
[System] Tick Logger B
[System] Tick Logger A
[System] Tick Logger B
[System] Tick Logger A
[System] Tick Logger B
[System] Tick Logger A
[System] Tick Logger B
[System] Tick Logger A
[System] Tick Logger B
[System] Tick Logger A
[System] Tick Logger B
[System] Tick Logger A
[System] Tick Logger B
[System] Tick Logger A
[System] Tick Logger B
[System] Tick Logger A
[System] Tick Logger B
[System] Tick Logger A
[System] Tick Logger B
[System] Tick Logger A
[System] Tick Logger B
[System] Tick Logger A
[System] Tick Logger B
[System] Tick Logger A
[System] Tick Logger B
[System] Tick Logger A
[System] Tick Logger B
[System] Tick Logger A
[System] Tick Logger B
[System] Tick Logger A
[System] Tick Logger B
[System] Tick Logger A
[System] Tick Logger B
[System] Tick Logger A
[System] Tick Logger B
[System] Tick Logger A
[System] Tick Logger B
[System] Tick Logger A
[System] Tick Logger B
[System] Tick Logger A
[System] Tick Logger B
[System] Tick Logger A
[System] Tick Logger B
[System] Tick Logger A
[System] Tick Logger B
[System] Tick Logger A
[System] Tick Logger B
[System] Tick Logger A
[System] Tick Logger B
[System] Tick Logger A
[System] Tick Logger B
[System] Tick Logger A
[System] Tick Logger B
[System] Tick Logger A
[System] Tick Logger B
[System] Tick Logger A
[System] Tick Logger B
[System] Tick Logger A
[System] Tick Logger B
[System] Tick Logger A
[System] Tick Logger B
[System] Tick Logger A
[System] Tick Logger B
[System] Tick Logger A
[System] Tick Logger B
[System] Tick Logger A
[System] Tick Logger B
[System] Tick Logger A
[System] Tick Logger B
[System] Tick Logger A
[System] Tick Logger B
[System] Tick Logger A
[System] Tick Logger B
[System] Tick Logger A
[System] Tick Logger B
[System] Tick Logger A
[System] Tick Logger B
[System] Tick Logger A
[System] Tick Logger B
[System] Tick Logger A
[System] Tick Logger B
[System] Tick Logger A
[System] Tick Logger B
[System] Tick Logger A
[System] Tick Logger B
[System] Tick Logger A
[System] Tick Logger B
[System] Tick Logger A
[System] Tick Logger B
[System] Tick Logger A
[System] Tick Logger B
[System] Tick Logger A
[System] Tick Logger B
[System] Tick Logger A
[System] Tick Logger B
[System] Tick Logger A
[System] Tick Logger B
[System] Tick Logger A
[System] Tick Logger B
[System] Tick Logger A
[System] Tick Logger B
[System] Tick Logger A
[System] Tick Logger B
[System] Tick Logger A
[System] Tick Logger B
[System] Tick Logger A
[System] Tick Logger B
[Physics] tick=3120 ents=12 hasDyn=12 types(d/k)=12/0 null=0 yRange=[0.208,0.865] yDyn0=0.809 pendingDestroy=0
[System] Tick Logger A
[System] Tick Logger B
[System] Tick Logger A
[System] Tick Logger B
[System] Tick Logger A
[System] Tick Logger B
[System] Tick Logger A
[System] Tick Logger B
[System] Tick Logger A
[System] Tick Logger B
[System] Tick Logger A
[System] Tick Logger B
[System] Tick Logger A
[System] Tick Logger B
[System] Tick Logger A
[System] Tick Logger B
[System] Tick Logger A
[System] Tick Logger B
[System] Tick Logger A
[System] Tick Logger B
[System] Tick Logger A
[System] Tick Logger B
[System] Tick Logger A
[System] Tick Logger B
[System] Tick Logger A
[System] Tick Logger B
[System] Tick Logger A
[System] Tick Logger B
[System] Tick Logger A
[System] Tick Logger B
[System] Tick Logger A
[System] Tick Logger B
[System] Tick Logger A
[System] Tick Logger B
[System] Tick Logger A
[System] Tick Logger B
[System] Tick Logger A
[System] Tick Logger B
[System] Tick Logger A
[System] Tick Logger B
[System] Tick Logger A
[System] Tick Logger B
[System] Tick Logger A
[System] Tick Logger B
[System] Tick Logger A
[System] Tick Logger B
[System] Tick Logger A
[System] Tick Logger B
[System] Tick Logger A
[System] Tick Logger B
[System] Tick Logger A
[System] Tick Logger B
[System] Tick Logger A
[System] Tick Logger B
[System] Tick Logger A
[System] Tick Logger B
[System] Tick Logger A
[System] Tick Logger B
[System] Tick Logger A
[System] Tick Logger B
[System] Tick Logger A
[System] Tick Logger B
[System] Tick Logger A
[System] Tick Logger B
[System] Tick Logger A
[System] Tick Logger B
[System] Tick Logger A
[System] Tick Logger B
[System] Tick Logger A
[System] Tick Logger B
[System] Tick Logger A
[System] Tick Logger B
[System] Tick Logger A
[System] Tick Logger B
[System] Tick Logger A
[System] Tick Logger B
[System] Tick Logger A
[System] Tick Logger B
[System] Tick Logger A
[System] Tick Logger B
[System] Tick Logger A
[System] Tick Logger B
[System] Tick Logger A
[System] Tick Logger B
[System] Tick Logger A
[System] Tick Logger B
[System] Tick Logger A
[System] Tick Logger B
[System] Tick Logger A
[System] Tick Logger B
[System] Tick Logger A
[System] Tick Logger B
[System] Tick Logger A
[System] Tick Logger B
[System] Tick Logger A
[System] Tick Logger B
[System] Tick Logger A
[System] Tick Logger B
[System] Tick Logger A
[System] Tick Logger B
[System] Tick Logger A
[System] Tick Logger B
[System] Tick Logger A
[System] Tick Logger B
[System] Tick Logger A
[System] Tick Logger B
[System] Tick Logger A
[System] Tick Logger B
[System] Tick Logger A
[System] Tick Logger B
[System] Tick Logger A
[System] Tick Logger B
[System] Tick Logger A
[System] Tick Logger B
[System] Tick Logger A
[System] Tick Logger B
[System] Tick Logger A
[System] Tick Logger B
[System] Tick Logger A
[System] Tick Logger B
[Physics] tick=3180 ents=12 hasDyn=12 types(d/k)=12/0 null=0 yRange=[0.208,0.865] yDyn0=0.809 pendingDestroy=0
[System] Tick Logger A
[System] Tick Logger B
[System] Tick Logger A
[System] Tick Logger B
[System] Tick Logger A
[System] Tick Logger B
[System] Tick Logger A
[System] Tick Logger B
[System] Tick Logger A
[System] Tick Logger B
[System] Tick Logger A
[System] Tick Logger B
[System] Tick Logger A
[System] Tick Logger B
[System] Tick Logger A
[System] Tick Logger B
[System] Tick Logger A
[System] Tick Logger B
[System] Tick Logger A
[System] Tick Logger B
[System] Tick Logger A
[System] Tick Logger B
[System] Tick Logger A
[System] Tick Logger B
[System] Tick Logger A
[System] Tick Logger B
[System] Tick Logger A
[System] Tick Logger B
[System] Tick Logger A
[System] Tick Logger B
[System] Tick Logger A
[System] Tick Logger B
[System] Tick Logger A
[System] Tick Logger B
[System] Tick Logger A
[System] Tick Logger B
[System] Tick Logger A
[System] Tick Logger B
[System] Tick Logger A
[System] Tick Logger B
[System] Tick Logger A
[System] Tick Logger B
[System] Tick Logger A
[System] Tick Logger B
[System] Tick Logger A
[System] Tick Logger B
[System] Tick Logger A
[System] Tick Logger B
[System] Tick Logger A
[System] Tick Logger B
[System] Tick Logger A
[System] Tick Logger B
[System] Tick Logger A
[System] Tick Logger B
[System] Tick Logger A
[System] Tick Logger B
[System] Tick Logger A
[System] Tick Logger B
[System] Tick Logger A
[System] Tick Logger B
[System] Tick Logger A
[System] Tick Logger B
[System] Tick Logger A
[System] Tick Logger B
[System] Tick Logger A
[System] Tick Logger B
[System] Tick Logger A
[System] Tick Logger B
[System] Tick Logger A
[System] Tick Logger B
[System] Tick Logger A
[System] Tick Logger B
[System] Tick Logger A
[System] Tick Logger B
[soccer] id7 pos=(4.43,-2.08) bodyvel=(-1.41,0.06) desired=(-5.49,0.25) force=(-674.3,30.9) round=0/0 phase=1
[System] Tick Logger A
[System] Tick Logger B
[System] Tick Logger A
[System] Tick Logger B
[System] Tick Logger A
[System] Tick Logger B
[System] Tick Logger A
[System] Tick Logger B
[System] Tick Logger A
[System] Tick Logger B
[System] Tick Logger A
[System] Tick Logger B
[System] Tick Logger A
[System] Tick Logger B
[System] Tick Logger A
[System] Tick Logger B
[System] Tick Logger A
[System] Tick Logger B
[System] Tick Logger A
[System] Tick Logger B
[System] Tick Logger A
[System] Tick Logger B
[System] Tick Logger A
[System] Tick Logger B
[System] Tick Logger A
[System] Tick Logger B
[System] Tick Logger A
[System] Tick Logger B
[System] Tick Logger A
[System] Tick Logger B
[System] Tick Logger A
[System] Tick Logger B
[System] Tick Logger A
[System] Tick Logger B
[System] Tick Logger A
[System] Tick Logger B
[System] Tick Logger A
[System] Tick Logger B
[System] Tick Logger A
[System] Tick Logger B
[System] Tick Logger A
[System] Tick Logger B
[System] Tick Logger A
[System] Tick Logger B
[System] Tick Logger A
[System] Tick Logger B
[Physics] tick=3240 ents=12 hasDyn=12 types(d/k)=12/0 null=0 yRange=[0.208,0.865] yDyn0=0.809 pendingDestroy=0
[System] Tick Logger A
[System] Tick Logger B
[System] Tick Logger A
[System] Tick Logger B
[System] Tick Logger A
[System] Tick Logger B
[System] Tick Logger A
[System] Tick Logger B
[System] Tick Logger A
[System] Tick Logger B
[System] Tick Logger A
[System] Tick Logger B
[System] Tick Logger A
[System] Tick Logger B
[System] Tick Logger A
[System] Tick Logger B
[System] Tick Logger A
[System] Tick Logger B
[System] Tick Logger A
[System] Tick Logger B
[System] Tick Logger A
[System] Tick Logger B
[System] Tick Logger A
[System] Tick Logger B
[System] Tick Logger A
[System] Tick Logger B
[System] Tick Logger A
[System] Tick Logger B
[System] Tick Logger A
[System] Tick Logger B
[System] Tick Logger A
[System] Tick Logger B
[System] Tick Logger A
[System] Tick Logger B
[System] Tick Logger A
[System] Tick Logger B
[System] Tick Logger A
[System] Tick Logger B
[System] Tick Logger A
[System] Tick Logger B
[System] Tick Logger A
[System] Tick Logger B
[System] Tick Logger A
[System] Tick Logger B
[System] Tick Logger A
[System] Tick Logger B
[System] Tick Logger A
[System] Tick Logger B
[System] Tick Logger A
[System] Tick Logger B
[System] Tick Logger A
[System] Tick Logger B
[System] Tick Logger A
[System] Tick Logger B
[System] Tick Logger A
[System] Tick Logger B
[System] Tick Logger A
[System] Tick Logger B
[System] Tick Logger A
[System] Tick Logger B
[System] Tick Logger A
[System] Tick Logger B
[System] Tick Logger A
[System] Tick Logger B
[System] Tick Logger A
[System] Tick Logger B
[System] Tick Logger A
[System] Tick Logger B
[System] Tick Logger A
[System] Tick Logger B
[System] Tick Logger A
[System] Tick Logger B
[System] Tick Logger A
[System] Tick Logger B
[System] Tick Logger A
[System] Tick Logger B
[System] Tick Logger A
[System] Tick Logger B
[System] Tick Logger A
[System] Tick Logger B
[System] Tick Logger A
[System] Tick Logger B
[System] Tick Logger A
[System] Tick Logger B
[System] Tick Logger A
[System] Tick Logger B
[System] Tick Logger A
[System] Tick Logger B
[System] Tick Logger A
[System] Tick Logger B
[System] Tick Logger A
[System] Tick Logger B
[System] Tick Logger A
[System] Tick Logger B
[System] Tick Logger A
[System] Tick Logger B
[System] Tick Logger A
[System] Tick Logger B
[System] Tick Logger A
[System] Tick Logger B
[System] Tick Logger A
[System] Tick Logger B
[System] Tick Logger A
[System] Tick Logger B
[System] Tick Logger A
[System] Tick Logger B
[System] Tick Logger A
[System] Tick Logger B
[System] Tick Logger A
[System] Tick Logger B
[System] Tick Logger A
[System] Tick Logger B
[System] Tick Logger A
[System] Tick Logger B
[System] Tick Logger A
[System] Tick Logger B
[System] Tick Logger A
[System] Tick Logger B
[System] Tick Logger A
[System] Tick Logger B
[Physics] tick=3300 ents=12 hasDyn=12 types(d/k)=12/0 null=0 yRange=[0.208,0.865] yDyn0=0.809 pendingDestroy=0
[System] Tick Logger A
[System] Tick Logger B
[System] Tick Logger A
[System] Tick Logger B
[System] Tick Logger A
[System] Tick Logger B
[System] Tick Logger A
[System] Tick Logger B
[System] Tick Logger A
[System] Tick Logger B
[System] Tick Logger A
[System] Tick Logger B
[System] Tick Logger A
[System] Tick Logger B
[System] Tick Logger A
[System] Tick Logger B
[System] Tick Logger A
[System] Tick Logger B
[System] Tick Logger A
[System] Tick Logger B
[System] Tick Logger A
[System] Tick Logger B
[System] Tick Logger A
[System] Tick Logger B
[System] Tick Logger A
[System] Tick Logger B
[System] Tick Logger A
[System] Tick Logger B
[System] Tick Logger A
[System] Tick Logger B
[System] Tick Logger A
[System] Tick Logger B
[System] Tick Logger A
[System] Tick Logger B
[System] Tick Logger A
[System] Tick Logger B
[System] Tick Logger A
[System] Tick Logger B
[System] Tick Logger A
[System] Tick Logger B
[System] Tick Logger A
[System] Tick Logger B
[System] Tick Logger A
[System] Tick Logger B
[System] Tick Logger A
[System] Tick Logger B
[System] Tick Logger A
[System] Tick Logger B
[System] Tick Logger A
[System] Tick Logger B
[System] Tick Logger A
[System] Tick Logger B
[System] Tick Logger A
[System] Tick Logger B
[System] Tick Logger A
[System] Tick Logger B
[System] Tick Logger A
[System] Tick Logger B
[System] Tick Logger A
[System] Tick Logger B
[System] Tick Logger A
[System] Tick Logger B
[System] Tick Logger A
[System] Tick Logger B
[System] Tick Logger A
[System] Tick Logger B
[System] Tick Logger A
[System] Tick Logger B
[System] Tick Logger A
[System] Tick Logger B
[System] Tick Logger A
[System] Tick Logger B
[System] Tick Logger A
[System] Tick Logger B
[System] Tick Logger A
[System] Tick Logger B
[System] Tick Logger A
[System] Tick Logger B
[System] Tick Logger A
[System] Tick Logger B
[System] Tick Logger A
[System] Tick Logger B
[System] Tick Logger A
[System] Tick Logger B
[System] Tick Logger A
[System] Tick Logger B
[System] Tick Logger A
[System] Tick Logger B
[System] Tick Logger A
[System] Tick Logger B
[System] Tick Logger A
[System] Tick Logger B
[System] Tick Logger A
[System] Tick Logger B
[System] Tick Logger A
[System] Tick Logger B
[System] Tick Logger A
[System] Tick Logger B
[System] Tick Logger A
[System] Tick Logger B
[System] Tick Logger A
[System] Tick Logger B
[System] Tick Logger A
[System] Tick Logger B
[System] Tick Logger A
[System] Tick Logger B
[System] Tick Logger A
[System] Tick Logger B
[System] Tick Logger A
[System] Tick Logger B
[System] Tick Logger A
[System] Tick Logger B
[System] Tick Logger A
[System] Tick Logger B
[System] Tick Logger A
[System] Tick Logger B
[System] Tick Logger A
[System] Tick Logger B
[System] Tick Logger A
[System] Tick Logger B
[Physics] tick=3360 ents=12 hasDyn=12 types(d/k)=12/0 null=0 yRange=[0.208,0.865] yDyn0=0.809 pendingDestroy=0
[System] Tick Logger A
[System] Tick Logger B
[System] Tick Logger A
[System] Tick Logger B
[System] Tick Logger A
[System] Tick Logger B
[System] Tick Logger A
[System] Tick Logger B
[System] Tick Logger A
[System] Tick Logger B
[System] Tick Logger A
[System] Tick Logger B
[System] Tick Logger A
[System] Tick Logger B
[System] Tick Logger A
[System] Tick Logger B
[System] Tick Logger A
[System] Tick Logger B
[System] Tick Logger A
[System] Tick Logger B
[System] Tick Logger A
[System] Tick Logger B
[System] Tick Logger A
[System] Tick Logger B
[System] Tick Logger A
[System] Tick Logger B
[System] Tick Logger A
[System] Tick Logger B
[System] Tick Logger A
[System] Tick Logger B
[System] Tick Logger A
[System] Tick Logger B
[System] Tick Logger A
[System] Tick Logger B
[System] Tick Logger A
[System] Tick Logger B
[System] Tick Logger A
[System] Tick Logger B
[System] Tick Logger A
[System] Tick Logger B
[System] Tick Logger A
[System] Tick Logger B
[System] Tick Logger A
[System] Tick Logger B
[System] Tick Logger A
[System] Tick Logger B
[System] Tick Logger A
[System] Tick Logger B
[System] Tick Logger A
[System] Tick Logger B
[System] Tick Logger A
[System] Tick Logger B
[System] Tick Logger A
[System] Tick Logger B
[System] Tick Logger A
[System] Tick Logger B
[System] Tick Logger A
[System] Tick Logger B
[System] Tick Logger A
[System] Tick Logger B
[System] Tick Logger A
[System] Tick Logger B
[System] Tick Logger A
[System] Tick Logger B
[System] Tick Logger A
[System] Tick Logger B
[System] Tick Logger A
[System] Tick Logger B
[System] Tick Logger A
[System] Tick Logger B
[System] Tick Logger A
[System] Tick Logger B
[System] Tick Logger A
[System] Tick Logger B
[System] Tick Logger A
[System] Tick Logger B
[System] Tick Logger A
[System] Tick Logger B
[System] Tick Logger A
[System] Tick Logger B
[System] Tick Logger A
[System] Tick Logger B
[System] Tick Logger A
[System] Tick Logger B
[System] Tick Logger A
[System] Tick Logger B
[System] Tick Logger A
[System] Tick Logger B
[System] Tick Logger A
[System] Tick Logger B
[System] Tick Logger A
[System] Tick Logger B
[System] Tick Logger A
[System] Tick Logger B
[System] Tick Logger A
[System] Tick Logger B
[System] Tick Logger A
[System] Tick Logger B
[System] Tick Logger A
[System] Tick Logger B
[System] Tick Logger A
[System] Tick Logger B
[System] Tick Logger A
[System] Tick Logger B
[System] Tick Logger A
[System] Tick Logger B
[System] Tick Logger A
[System] Tick Logger B
[System] Tick Logger A
[System] Tick Logger B
[System] Tick Logger A
[System] Tick Logger B
[System] Tick Logger A
[System] Tick Logger B
[System] Tick Logger A
[System] Tick Logger B
[System] Tick Logger A
[System] Tick Logger B
[System] Tick Logger A
[System] Tick Logger B
[Physics] tick=3420 ents=12 hasDyn=12 types(d/k)=12/0 null=0 yRange=[0.208,0.865] yDyn0=0.809 pendingDestroy=0
[System] Tick Logger A
[System] Tick Logger B
[System] Tick Logger A
[System] Tick Logger B
[System] Tick Logger A
[System] Tick Logger B
[System] Tick Logger A
[System] Tick Logger B
[System] Tick Logger A
[System] Tick Logger B
[System] Tick Logger A
[System] Tick Logger B
[System] Tick Logger A
[System] Tick Logger B
[System] Tick Logger A
[System] Tick Logger B
[System] Tick Logger A
[System] Tick Logger B
[System] Tick Logger A
[System] Tick Logger B
[System] Tick Logger A
[System] Tick Logger B
[System] Tick Logger A
[System] Tick Logger B
[System] Tick Logger A
[System] Tick Logger B
[System] Tick Logger A
[System] Tick Logger B
[System] Tick Logger A
[System] Tick Logger B
[System] Tick Logger A
[System] Tick Logger B
[System] Tick Logger A
[System] Tick Logger B
[System] Tick Logger A
[System] Tick Logger B
[System] Tick Logger A
[System] Tick Logger B
[System] Tick Logger A
[System] Tick Logger B
[System] Tick Logger A
[System] Tick Logger B
[System] Tick Logger A
[System] Tick Logger B
[System] Tick Logger A
[System] Tick Logger B
[System] Tick Logger A
[System] Tick Logger B
[System] Tick Logger A
[System] Tick Logger B
[System] Tick Logger A
[System] Tick Logger B
[System] Tick Logger A
[System] Tick Logger B
[System] Tick Logger A
[System] Tick Logger B
[System] Tick Logger A
[System] Tick Logger B
[System] Tick Logger A
[System] Tick Logger B
[System] Tick Logger A
[System] Tick Logger B
[System] Tick Logger A
[System] Tick Logger B
[System] Tick Logger A
[System] Tick Logger B
[System] Tick Logger A
[System] Tick Logger B
[System] Tick Logger A
[System] Tick Logger B
[System] Tick Logger A
[System] Tick Logger B
[System] Tick Logger A
[System] Tick Logger B
[System] Tick Logger A
[System] Tick Logger B
[System] Tick Logger A
[System] Tick Logger B
[System] Tick Logger A
[System] Tick Logger B
[System] Tick Logger A
[System] Tick Logger B
[System] Tick Logger A
[System] Tick Logger B
[System] Tick Logger A
[System] Tick Logger B
[System] Tick Logger A
[System] Tick Logger B
[System] Tick Logger A
[System] Tick Logger B
[System] Tick Logger A
[System] Tick Logger B
[System] Tick Logger A
[System] Tick Logger B
[System] Tick Logger A
[System] Tick Logger B
[System] Tick Logger A
[System] Tick Logger B
[System] Tick Logger A
[System] Tick Logger B
[System] Tick Logger A
[System] Tick Logger B
[System] Tick Logger A
[System] Tick Logger B
[System] Tick Logger A
[System] Tick Logger B
[System] Tick Logger A
[System] Tick Logger B
[System] Tick Logger A
[System] Tick Logger B
[System] Tick Logger A
[System] Tick Logger B
[System] Tick Logger A
[System] Tick Logger B
[System] Tick Logger A
[System] Tick Logger B
[System] Tick Logger A
[System] Tick Logger B
[System] Tick Logger A
[System] Tick Logger B
[Physics] tick=3480 ents=12 hasDyn=12 types(d/k)=12/0 null=0 yRange=[0.208,0.865] yDyn0=0.809 pendingDestroy=0
[System] Tick Logger A
[System] Tick Logger B
[System] Tick Logger A
[System] Tick Logger B
[System] Tick Logger A
[System] Tick Logger B
[System] Tick Logger A
[System] Tick Logger B
[System] Tick Logger A
[System] Tick Logger B
[System] Tick Logger A
[System] Tick Logger B
[System] Tick Logger A
[System] Tick Logger B
[System] Tick Logger A
[System] Tick Logger B
[System] Tick Logger A
[System] Tick Logger B
[System] Tick Logger A
[System] Tick Logger B
[System] Tick Logger A
[System] Tick Logger B
[System] Tick Logger A
[System] Tick Logger B
[System] Tick Logger A
[System] Tick Logger B
[System] Tick Logger A
[System] Tick Logger B
[System] Tick Logger A
[System] Tick Logger B
[System] Tick Logger A
[System] Tick Logger B
[System] Tick Logger A
[System] Tick Logger B
[System] Tick Logger A
[System] Tick Logger B
[System] Tick Logger A
[System] Tick Logger B
[System] Tick Logger A
[System] Tick Logger B
[System] Tick Logger A
[System] Tick Logger B
[System] Tick Logger A
[System] Tick Logger B
[System] Tick Logger A
[System] Tick Logger B
[System] Tick Logger A
[System] Tick Logger B
[System] Tick Logger A
[System] Tick Logger B
[System] Tick Logger A
[System] Tick Logger B
[System] Tick Logger A
[System] Tick Logger B
[System] Tick Logger A
[System] Tick Logger B
[System] Tick Logger A
[System] Tick Logger B
[System] Tick Logger A
[System] Tick Logger B
[System] Tick Logger A
[System] Tick Logger B
[System] Tick Logger A
[System] Tick Logger B
[System] Tick Logger A
[System] Tick Logger B
[System] Tick Logger A
[System] Tick Logger B
[System] Tick Logger A
[System] Tick Logger B
[System] Tick Logger A
[System] Tick Logger B
[System] Tick Logger A
[System] Tick Logger B
[System] Tick Logger A
[System] Tick Logger B
[System] Tick Logger A
[System] Tick Logger B
[System] Tick Logger A
[System] Tick Logger B
[System] Tick Logger A
[System] Tick Logger B
[System] Tick Logger A
[System] Tick Logger B
[System] Tick Logger A
[System] Tick Logger B
[System] Tick Logger A
[System] Tick Logger B
[System] Tick Logger A
[System] Tick Logger B
[System] Tick Logger A
[System] Tick Logger B
[System] Tick Logger A
[System] Tick Logger B
[System] Tick Logger A
[System] Tick Logger B
[System] Tick Logger A
[System] Tick Logger B
[System] Tick Logger A
[System] Tick Logger B
[System] Tick Logger A
[System] Tick Logger B
[System] Tick Logger A
[System] Tick Logger B
[System] Tick Logger A
[System] Tick Logger B
[System] Tick Logger A
[System] Tick Logger B
[System] Tick Logger A
[System] Tick Logger B
[System] Tick Logger A
[System] Tick Logger B
[System] Tick Logger A
[System] Tick Logger B
[System] Tick Logger A
[System] Tick Logger B
[System] Tick Logger A
[System] Tick Logger B
[System] Tick Logger A
[System] Tick Logger B
[Physics] tick=3540 ents=12 hasDyn=12 types(d/k)=12/0 null=0 yRange=[0.208,0.865] yDyn0=0.809 pendingDestroy=0
[System] Tick Logger A
[System] Tick Logger B
[System] Tick Logger A
[System] Tick Logger B
[System] Tick Logger A
[System] Tick Logger B
[System] Tick Logger A
[System] Tick Logger B
[System] Tick Logger A
[System] Tick Logger B
[System] Tick Logger A
[System] Tick Logger B
[System] Tick Logger A
[System] Tick Logger B
[System] Tick Logger A
[System] Tick Logger B
[System] Tick Logger A
[System] Tick Logger B
[System] Tick Logger A
[System] Tick Logger B
[System] Tick Logger A
[System] Tick Logger B
[System] Tick Logger A
[System] Tick Logger B
[System] Tick Logger A
[System] Tick Logger B
[System] Tick Logger A
[System] Tick Logger B
[System] Tick Logger A
[System] Tick Logger B
[System] Tick Logger A
[System] Tick Logger B
[System] Tick Logger A
[System] Tick Logger B
[System] Tick Logger A
[System] Tick Logger B
[System] Tick Logger A
[System] Tick Logger B
[System] Tick Logger A
[System] Tick Logger B
[System] Tick Logger A
[System] Tick Logger B
[System] Tick Logger A
[System] Tick Logger B
[System] Tick Logger A
[System] Tick Logger B
[System] Tick Logger A
[System] Tick Logger B
[System] Tick Logger A
[System] Tick Logger B
[System] Tick Logger A
[System] Tick Logger B
[System] Tick Logger A
[System] Tick Logger B
[System] Tick Logger A
[System] Tick Logger B
[System] Tick Logger A
[System] Tick Logger B
[System] Tick Logger A
[System] Tick Logger B
[System] Tick Logger A
[System] Tick Logger B
[System] Tick Logger A
[System] Tick Logger B
[soccer] id7 pos=(3.35,-2.03) bodyvel=(-2.91,0.15) desired=(-5.49,0.29) force=(-673.9,37.7) round=0/0 phase=1
[System] Tick Logger A
[System] Tick Logger B
[System] Tick Logger A
[System] Tick Logger B
[System] Tick Logger A
[System] Tick Logger B
[System] Tick Logger A
[System] Tick Logger B
[System] Tick Logger A
[System] Tick Logger B
[System] Tick Logger A
[System] Tick Logger B
[System] Tick Logger A
[System] Tick Logger B
[System] Tick Logger A
[System] Tick Logger B
[System] Tick Logger A
[System] Tick Logger B
[System] Tick Logger A
[System] Tick Logger B
[System] Tick Logger A
[System] Tick Logger B
[System] Tick Logger A
[System] Tick Logger B
[System] Tick Logger A
[System] Tick Logger B
[System] Tick Logger A
[System] Tick Logger B
[System] Tick Logger A
[System] Tick Logger B
[System] Tick Logger A
[System] Tick Logger B
[System] Tick Logger A
[System] Tick Logger B
[System] Tick Logger A
[System] Tick Logger B
[System] Tick Logger A
[System] Tick Logger B
[System] Tick Logger A
[System] Tick Logger B
[System] Tick Logger A
[System] Tick Logger B
[System] Tick Logger A
[System] Tick Logger B
[System] Tick Logger A
[System] Tick Logger B
[System] Tick Logger A
[System] Tick Logger B
[System] Tick Logger A
[System] Tick Logger B
[System] Tick Logger A
[System] Tick Logger B
[System] Tick Logger A
[System] Tick Logger B
[System] Tick Logger A
[System] Tick Logger B
[Physics] tick=3600 ents=12 hasDyn=12 types(d/k)=12/0 null=0 yRange=[0.208,0.865] yDyn0=0.809 pendingDestroy=0
[System] Tick Logger A
[System] Tick Logger B
[System] Tick Logger A
[System] Tick Logger B
[System] Tick Logger A
[System] Tick Logger B
[System] Tick Logger A
[System] Tick Logger B
[System] Tick Logger A
[System] Tick Logger B
[System] Tick Logger A
[System] Tick Logger B
[System] Tick Logger A
[System] Tick Logger B
[System] Tick Logger A
[System] Tick Logger B
[System] Tick Logger A
[System] Tick Logger B
[System] Tick Logger A
[System] Tick Logger B
[System] Tick Logger A
[System] Tick Logger B
[System] Tick Logger A
[System] Tick Logger B
[System] Tick Logger A
[System] Tick Logger B
[System] Tick Logger A
[System] Tick Logger B
[System] Tick Logger A
[System] Tick Logger B
[System] Tick Logger A
[System] Tick Logger B
[System] Tick Logger A
[System] Tick Logger B
[System] Tick Logger A
[System] Tick Logger B
[System] Tick Logger A
[System] Tick Logger B
[System] Tick Logger A
[System] Tick Logger B
[System] Tick Logger A
[System] Tick Logger B
[System] Tick Logger A
[System] Tick Logger B
[System] Tick Logger A
[System] Tick Logger B
[System] Tick Logger A
[System] Tick Logger B
[System] Tick Logger A
[System] Tick Logger B
[System] Tick Logger A
[System] Tick Logger B
[System] Tick Logger A
[System] Tick Logger B
[System] Tick Logger A
[System] Tick Logger B
[System] Tick Logger A
[System] Tick Logger B
[System] Tick Logger A
[System] Tick Logger B
[System] Tick Logger A
[System] Tick Logger B
[System] Tick Logger A
[System] Tick Logger B
[System] Tick Logger A
[System] Tick Logger B
[System] Tick Logger A
[System] Tick Logger B
[System] Tick Logger A
[System] Tick Logger B
[System] Tick Logger A
[System] Tick Logger B
[System] Tick Logger A
[System] Tick Logger B
[System] Tick Logger A
[System] Tick Logger B
[System] Tick Logger A
[System] Tick Logger B
[System] Tick Logger A
[System] Tick Logger B
[System] Tick Logger A
[System] Tick Logger B
[System] Tick Logger A
[System] Tick Logger B
[System] Tick Logger A
[System] Tick Logger B
[System] Tick Logger A
[System] Tick Logger B
[System] Tick Logger A
[System] Tick Logger B
[System] Tick Logger A
[System] Tick Logger B
[System] Tick Logger A
[System] Tick Logger B
[System] Tick Logger A
[System] Tick Logger B
[System] Tick Logger A
[System] Tick Logger B
[System] Tick Logger A
[System] Tick Logger B
[System] Tick Logger A
[System] Tick Logger B
[System] Tick Logger A
[System] Tick Logger B
[System] Tick Logger A
[System] Tick Logger B
[System] Tick Logger A
[System] Tick Logger B
[System] Tick Logger A
[System] Tick Logger B
[System] Tick Logger A
[System] Tick Logger B
[System] Tick Logger A
[System] Tick Logger B
[System] Tick Logger A
[System] Tick Logger B
[System] Tick Logger A
[System] Tick Logger B
[System] Tick Logger A
[System] Tick Logger B
[Physics] tick=3660 ents=12 hasDyn=12 types(d/k)=12/0 null=0 yRange=[0.209,0.865] yDyn0=0.809 pendingDestroy=0
[System] Tick Logger A
[System] Tick Logger B
[System] Tick Logger A
[System] Tick Logger B
[System] Tick Logger A
[System] Tick Logger B
[System] Tick Logger A
[System] Tick Logger B
[System] Tick Logger A
[System] Tick Logger B
[System] Tick Logger A
[System] Tick Logger B
[System] Tick Logger A
[System] Tick Logger B
[System] Tick Logger A
[System] Tick Logger B
[System] Tick Logger A
[System] Tick Logger B
[System] Tick Logger A
[System] Tick Logger B
[System] Tick Logger A
[System] Tick Logger B
[System] Tick Logger A
[System] Tick Logger B
[System] Tick Logger A
[System] Tick Logger B
[System] Tick Logger A
[System] Tick Logger B
[System] Tick Logger A
[System] Tick Logger B
[System] Tick Logger A
[System] Tick Logger B
[System] Tick Logger A
[System] Tick Logger B
[System] Tick Logger A
[System] Tick Logger B
[System] Tick Logger A
[System] Tick Logger B
[System] Tick Logger A
[System] Tick Logger B
[System] Tick Logger A
[System] Tick Logger B
[System] Tick Logger A
[System] Tick Logger B
[System] Tick Logger A
[System] Tick Logger B
[System] Tick Logger A
[System] Tick Logger B
[System] Tick Logger A
[System] Tick Logger B
[System] Tick Logger A
[System] Tick Logger B
[System] Tick Logger A
[System] Tick Logger B
[System] Tick Logger A
[System] Tick Logger B
[System] Tick Logger A
[System] Tick Logger B
[System] Tick Logger A
[System] Tick Logger B
[System] Tick Logger A
[System] Tick Logger B
[System] Tick Logger A
[System] Tick Logger B
[System] Tick Logger A
[System] Tick Logger B
[System] Tick Logger A
[System] Tick Logger B
[System] Tick Logger A
[System] Tick Logger B
[System] Tick Logger A
[System] Tick Logger B
[System] Tick Logger A
[System] Tick Logger B
[System] Tick Logger A
[System] Tick Logger B
[System] Tick Logger A
[System] Tick Logger B
[System] Tick Logger A
[System] Tick Logger B
[System] Tick Logger A
[System] Tick Logger B
[System] Tick Logger A
[System] Tick Logger B
[System] Tick Logger A
[System] Tick Logger B
[System] Tick Logger A
[System] Tick Logger B
[System] Tick Logger A
[System] Tick Logger B
[System] Tick Logger A
[System] Tick Logger B
[System] Tick Logger A
[System] Tick Logger B
[System] Tick Logger A
[System] Tick Logger B
[System] Tick Logger A
[System] Tick Logger B
[System] Tick Logger A
[System] Tick Logger B
[System] Tick Logger A
[System] Tick Logger B
[System] Tick Logger A
[System] Tick Logger B
[System] Tick Logger A
[System] Tick Logger B
[System] Tick Logger A
[System] Tick Logger B
[System] Tick Logger A
[System] Tick Logger B
[System] Tick Logger A
[System] Tick Logger B
[System] Tick Logger A
[System] Tick Logger B
[System] Tick Logger A
[System] Tick Logger B
[System] Tick Logger A
[System] Tick Logger B
[System] Tick Logger A
[System] Tick Logger B
[Physics] tick=3720 ents=12 hasDyn=12 types(d/k)=12/0 null=0 yRange=[0.209,0.865] yDyn0=0.809 pendingDestroy=0
[System] Tick Logger A
[System] Tick Logger B
[System] Tick Logger A
[System] Tick Logger B
[System] Tick Logger A
[System] Tick Logger B
[System] Tick Logger A
[System] Tick Logger B
[System] Tick Logger A
[System] Tick Logger B
[System] Tick Logger A
[System] Tick Logger B
[System] Tick Logger A
[System] Tick Logger B
[System] Tick Logger A
[System] Tick Logger B
[System] Tick Logger A
[System] Tick Logger B
[System] Tick Logger A
[System] Tick Logger B
[System] Tick Logger A
[System] Tick Logger B
[System] Tick Logger A
[System] Tick Logger B
[System] Tick Logger A
[System] Tick Logger B
[System] Tick Logger A
[System] Tick Logger B
[System] Tick Logger A
[System] Tick Logger B
[System] Tick Logger A
[System] Tick Logger B
[System] Tick Logger A
[System] Tick Logger B
[System] Tick Logger A
[System] Tick Logger B
[System] Tick Logger A
[System] Tick Logger B
[System] Tick Logger A
[System] Tick Logger B
[System] Tick Logger A
[System] Tick Logger B
[System] Tick Logger A
[System] Tick Logger B
[System] Tick Logger A
[System] Tick Logger B
[System] Tick Logger A
[System] Tick Logger B
[System] Tick Logger A
[System] Tick Logger B
[System] Tick Logger A
[System] Tick Logger B
[System] Tick Logger A
[System] Tick Logger B
[System] Tick Logger A
[System] Tick Logger B
[System] Tick Logger A
[System] Tick Logger B
[System] Tick Logger A
[System] Tick Logger B
[System] Tick Logger A
[System] Tick Logger B
[System] Tick Logger A
[System] Tick Logger B
[System] Tick Logger A
[System] Tick Logger B
[System] Tick Logger A
[System] Tick Logger B
[System] Tick Logger A
[System] Tick Logger B
[System] Tick Logger A
[System] Tick Logger B
[System] Tick Logger A
[System] Tick Logger B
[System] Tick Logger A
[System] Tick Logger B
[System] Tick Logger A
[System] Tick Logger B
[System] Tick Logger A
[System] Tick Logger B
[System] Tick Logger A
[System] Tick Logger B
[System] Tick Logger A
[System] Tick Logger B
[System] Tick Logger A
[System] Tick Logger B
[System] Tick Logger A
[System] Tick Logger B
[System] Tick Logger A
[System] Tick Logger B
[System] Tick Logger A
[System] Tick Logger B
[System] Tick Logger A
[System] Tick Logger B
[System] Tick Logger A
[System] Tick Logger B
[System] Tick Logger A
[System] Tick Logger B
[System] Tick Logger A
[System] Tick Logger B
[System] Tick Logger A
[System] Tick Logger B
[System] Tick Logger A
[System] Tick Logger B
[System] Tick Logger A
[System] Tick Logger B
[System] Tick Logger A
[System] Tick Logger B
[System] Tick Logger A
[System] Tick Logger B
[System] Tick Logger A
[System] Tick Logger B
[System] Tick Logger A
[System] Tick Logger B
[System] Tick Logger A
[System] Tick Logger B
[System] Tick Logger A
[System] Tick Logger B
[System] Tick Logger A
[System] Tick Logger B
[Physics] tick=3780 ents=12 hasDyn=12 types(d/k)=12/0 null=0 yRange=[0.209,0.865] yDyn0=0.809 pendingDestroy=0
[System] Tick Logger A
[System] Tick Logger B
[System] Tick Logger A
[System] Tick Logger B
[System] Tick Logger A
[System] Tick Logger B
[System] Tick Logger A
[System] Tick Logger B
[System] Tick Logger A
[System] Tick Logger B
[System] Tick Logger A
[System] Tick Logger B
[System] Tick Logger A
[System] Tick Logger B
[System] Tick Logger A
[System] Tick Logger B
[System] Tick Logger A
[System] Tick Logger B
[System] Tick Logger A
[System] Tick Logger B
[System] Tick Logger A
[System] Tick Logger B
[System] Tick Logger A
[System] Tick Logger B
[System] Tick Logger A
[System] Tick Logger B
[System] Tick Logger A
[System] Tick Logger B
[System] Tick Logger A
[System] Tick Logger B
[System] Tick Logger A
[System] Tick Logger B
[System] Tick Logger A
[System] Tick Logger B
[System] Tick Logger A
[System] Tick Logger B
[System] Tick Logger A
[System] Tick Logger B
[System] Tick Logger A
[System] Tick Logger B
[System] Tick Logger A
[System] Tick Logger B
[System] Tick Logger A
[System] Tick Logger B
[System] Tick Logger A
[System] Tick Logger B
[System] Tick Logger A
[System] Tick Logger B
[System] Tick Logger A
[System] Tick Logger B
[System] Tick Logger A
[System] Tick Logger B
[System] Tick Logger A
[System] Tick Logger B
[System] Tick Logger A
[System] Tick Logger B
[System] Tick Logger A
[System] Tick Logger B
[System] Tick Logger A
[System] Tick Logger B
[System] Tick Logger A
[System] Tick Logger B
[System] Tick Logger A
[System] Tick Logger B
[System] Tick Logger A
[System] Tick Logger B
[System] Tick Logger A
[System] Tick Logger B
[System] Tick Logger A
[System] Tick Logger B
[System] Tick Logger A
[System] Tick Logger B
[System] Tick Logger A
[System] Tick Logger B
[System] Tick Logger A
[System] Tick Logger B
[System] Tick Logger A
[System] Tick Logger B
[System] Tick Logger A
[System] Tick Logger B
[System] Tick Logger A
[System] Tick Logger B
[System] Tick Logger A
[System] Tick Logger B
[System] Tick Logger A
[System] Tick Logger B
[System] Tick Logger A
[System] Tick Logger B
[System] Tick Logger A
[System] Tick Logger B
[System] Tick Logger A
[System] Tick Logger B
[System] Tick Logger A
[System] Tick Logger B
[System] Tick Logger A
[System] Tick Logger B
[System] Tick Logger A
[System] Tick Logger B
[System] Tick Logger A
[System] Tick Logger B
[System] Tick Logger A
[System] Tick Logger B
[System] Tick Logger A
[System] Tick Logger B
[System] Tick Logger A
[System] Tick Logger B
[System] Tick Logger A
[System] Tick Logger B
[System] Tick Logger A
[System] Tick Logger B
[System] Tick Logger A
[System] Tick Logger B
[System] Tick Logger A
[System] Tick Logger B
[System] Tick Logger A
[System] Tick Logger B
[System] Tick Logger A
[System] Tick Logger B
[System] Tick Logger A
[System] Tick Logger B
[Physics] tick=3840 ents=12 hasDyn=12 types(d/k)=12/0 null=0 yRange=[0.209,0.865] yDyn0=0.809 pendingDestroy=0
[System] Tick Logger A
[System] Tick Logger B
[System] Tick Logger A
[System] Tick Logger B
[System] Tick Logger A
[System] Tick Logger B
[System] Tick Logger A
[System] Tick Logger B
[System] Tick Logger A
[System] Tick Logger B
[System] Tick Logger A
[System] Tick Logger B
[System] Tick Logger A
[System] Tick Logger B
[System] Tick Logger A
[System] Tick Logger B
[System] Tick Logger A
[System] Tick Logger B
[System] Tick Logger A
[System] Tick Logger B
[System] Tick Logger A
[System] Tick Logger B
[System] Tick Logger A
[System] Tick Logger B
[System] Tick Logger A
[System] Tick Logger B
[System] Tick Logger A
[System] Tick Logger B
[System] Tick Logger A
[System] Tick Logger B
[System] Tick Logger A
[System] Tick Logger B
[System] Tick Logger A
[System] Tick Logger B
[System] Tick Logger A
[System] Tick Logger B
[System] Tick Logger A
[System] Tick Logger B
[System] Tick Logger A
[System] Tick Logger B
[System] Tick Logger A
[System] Tick Logger B
[System] Tick Logger A
[System] Tick Logger B
[System] Tick Logger A
[System] Tick Logger B
[System] Tick Logger A
[System] Tick Logger B
[System] Tick Logger A
[System] Tick Logger B
[System] Tick Logger A
[System] Tick Logger B
[System] Tick Logger A
[System] Tick Logger B
[System] Tick Logger A
[System] Tick Logger B
[System] Tick Logger A
[System] Tick Logger B
[System] Tick Logger A
[System] Tick Logger B
[System] Tick Logger A
[System] Tick Logger B
[System] Tick Logger A
[System] Tick Logger B
[System] Tick Logger A
[System] Tick Logger B
[System] Tick Logger A
[System] Tick Logger B
[System] Tick Logger A
[System] Tick Logger B
[System] Tick Logger A
[System] Tick Logger B
[System] Tick Logger A
[System] Tick Logger B
[System] Tick Logger A
[System] Tick Logger B
[System] Tick Logger A
[System] Tick Logger B
[System] Tick Logger A
[System] Tick Logger B
[System] Tick Logger A
[System] Tick Logger B
[System] Tick Logger A
[System] Tick Logger B
[System] Tick Logger A
[System] Tick Logger B
[System] Tick Logger A
[System] Tick Logger B
[System] Tick Logger A
[System] Tick Logger B
[System] Tick Logger A
[System] Tick Logger B
[System] Tick Logger A
[System] Tick Logger B
[System] Tick Logger A
[System] Tick Logger B
[System] Tick Logger A
[System] Tick Logger B
[System] Tick Logger A
[System] Tick Logger B
[System] Tick Logger A
[System] Tick Logger B
[System] Tick Logger A
[System] Tick Logger B
[System] Tick Logger A
[System] Tick Logger B
[System] Tick Logger A
[System] Tick Logger B
[System] Tick Logger A
[System] Tick Logger B
[System] Tick Logger A
[System] Tick Logger B
[System] Tick Logger A
[System] Tick Logger B
[System] Tick Logger A
[System] Tick Logger B
[System] Tick Logger A
[System] Tick Logger B
[System] Tick Logger A
[System] Tick Logger B
[Physics] tick=3900 ents=12 hasDyn=12 types(d/k)=12/0 null=0 yRange=[0.209,0.865] yDyn0=0.809 pendingDestroy=0
[System] Tick Logger A
[System] Tick Logger B
[System] Tick Logger A
[System] Tick Logger B
[System] Tick Logger A
[System] Tick Logger B
[System] Tick Logger A
[System] Tick Logger B
[System] Tick Logger A
[System] Tick Logger B
[System] Tick Logger A
[System] Tick Logger B
[System] Tick Logger A
[System] Tick Logger B
[System] Tick Logger A
[System] Tick Logger B
[System] Tick Logger A
[System] Tick Logger B
[System] Tick Logger A
[System] Tick Logger B
[System] Tick Logger A
[System] Tick Logger B
[System] Tick Logger A
[System] Tick Logger B
[System] Tick Logger A
[System] Tick Logger B
[System] Tick Logger A
[System] Tick Logger B
[System] Tick Logger A
[System] Tick Logger B
[System] Tick Logger A
[System] Tick Logger B
[System] Tick Logger A
[System] Tick Logger B
[System] Tick Logger A
[System] Tick Logger B
[System] Tick Logger A
[System] Tick Logger B
[System] Tick Logger A
[System] Tick Logger B
[System] Tick Logger A
[System] Tick Logger B
[System] Tick Logger A
[System] Tick Logger B
[System] Tick Logger A
[System] Tick Logger B
[System] Tick Logger A
[System] Tick Logger B
[System] Tick Logger A
[System] Tick Logger B
[soccer] id7 pos=(1.92,-1.95) bodyvel=(-0.65,0.04) desired=(-0.10,0.01) force=(674.0,-36.6) round=0/0 phase=1
[System] Tick Logger A
[System] Tick Logger B
[System] Tick Logger A
[System] Tick Logger B
[System] Tick Logger A
[System] Tick Logger B
[System] Tick Logger A
[System] Tick Logger B
[System] Tick Logger A
[System] Tick Logger B
[System] Tick Logger A
[System] Tick Logger B
[System] Tick Logger A
[System] Tick Logger B
[System] Tick Logger A
[System] Tick Logger B
[System] Tick Logger A
[System] Tick Logger B
[System] Tick Logger A
[System] Tick Logger B
[System] Tick Logger A
[System] Tick Logger B
[System] Tick Logger A
[System] Tick Logger B
[System] Tick Logger A
[System] Tick Logger B
[System] Tick Logger A
[System] Tick Logger B
[System] Tick Logger A
[System] Tick Logger B
[System] Tick Logger A
[System] Tick Logger B
[System] Tick Logger A
[System] Tick Logger B
[System] Tick Logger A
[System] Tick Logger B
[System] Tick Logger A
[System] Tick Logger B
[System] Tick Logger A
[System] Tick Logger B
[System] Tick Logger A
[System] Tick Logger B
[System] Tick Logger A
[System] Tick Logger B
[System] Tick Logger A
[System] Tick Logger B
[System] Tick Logger A
[System] Tick Logger B
[System] Tick Logger A
[System] Tick Logger B
[System] Tick Logger A
[System] Tick Logger B
[System] Tick Logger A
[System] Tick Logger B
[System] Tick Logger A
[System] Tick Logger B
[System] Tick Logger A
[System] Tick Logger B
[System] Tick Logger A
[System] Tick Logger B
[System] Tick Logger A
[System] Tick Logger B
[System] Tick Logger A
[System] Tick Logger B
[System] Tick Logger A
[System] Tick Logger B
[System] Tick Logger A
[System] Tick Logger B
[System] Tick Logger A
[System] Tick Logger B
[Physics] tick=3960 ents=12 hasDyn=12 types(d/k)=12/0 null=0 yRange=[0.210,0.865] yDyn0=0.809 pendingDestroy=0
[System] Tick Logger A
[System] Tick Logger B
[System] Tick Logger A
[System] Tick Logger B
[System] Tick Logger A
[System] Tick Logger B
[System] Tick Logger A
[System] Tick Logger B
[System] Tick Logger A
[System] Tick Logger B
[System] Tick Logger A
[System] Tick Logger B
[System] Tick Logger A
[System] Tick Logger B
[System] Tick Logger A
[System] Tick Logger B
[System] Tick Logger A
[System] Tick Logger B
[System] Tick Logger A
[System] Tick Logger B
[System] Tick Logger A
[System] Tick Logger B
[System] Tick Logger A
[System] Tick Logger B
[System] Tick Logger A
[System] Tick Logger B
[System] Tick Logger A
[System] Tick Logger B
[System] Tick Logger A
[System] Tick Logger B
[System] Tick Logger A
[System] Tick Logger B
[System] Tick Logger A
[System] Tick Logger B
[System] Tick Logger A
[System] Tick Logger B
[System] Tick Logger A
[System] Tick Logger B
[System] Tick Logger A
[System] Tick Logger B
[System] Tick Logger A
[System] Tick Logger B
[System] Tick Logger A
[System] Tick Logger B
[System] Tick Logger A
[System] Tick Logger B
[System] Tick Logger A
[System] Tick Logger B
[System] Tick Logger A
[System] Tick Logger B
[System] Tick Logger A
[System] Tick Logger B
[System] Tick Logger A
[System] Tick Logger B
[System] Tick Logger A
[System] Tick Logger B
[System] Tick Logger A
[System] Tick Logger B
[System] Tick Logger A
[System] Tick Logger B
[System] Tick Logger A
[System] Tick Logger B
[System] Tick Logger A
[System] Tick Logger B
[System] Tick Logger A
[System] Tick Logger B
[System] Tick Logger A
[System] Tick Logger B
[System] Tick Logger A
[System] Tick Logger B
[System] Tick Logger A
[System] Tick Logger B
[System] Tick Logger A
[System] Tick Logger B
[System] Tick Logger A
[System] Tick Logger B
[System] Tick Logger A
[System] Tick Logger B
[System] Tick Logger A
[System] Tick Logger B
[System] Tick Logger A
[System] Tick Logger B
[System] Tick Logger A
[System] Tick Logger B
[System] Tick Logger A
[System] Tick Logger B
[System] Tick Logger A
[System] Tick Logger B
[System] Tick Logger A
[System] Tick Logger B
[System] Tick Logger A
[System] Tick Logger B
[System] Tick Logger A
[System] Tick Logger B
[System] Tick Logger A
[System] Tick Logger B
[System] Tick Logger A
[System] Tick Logger B
[System] Tick Logger A
[System] Tick Logger B
[System] Tick Logger A
[System] Tick Logger B
[System] Tick Logger A
[System] Tick Logger B
[System] Tick Logger A
[System] Tick Logger B
[System] Tick Logger A
[System] Tick Logger B
[System] Tick Logger A
[System] Tick Logger B
[System] Tick Logger A
[System] Tick Logger B
[System] Tick Logger A
[System] Tick Logger B
[System] Tick Logger A
[System] Tick Logger B
[System] Tick Logger A
[System] Tick Logger B
[System] Tick Logger A
[System] Tick Logger B
[Physics] tick=4020 ents=12 hasDyn=12 types(d/k)=12/0 null=0 yRange=[0.209,0.865] yDyn0=0.809 pendingDestroy=0
[System] Tick Logger A
[System] Tick Logger B
[System] Tick Logger A
[System] Tick Logger B
[System] Tick Logger A
[System] Tick Logger B
[System] Tick Logger A
[System] Tick Logger B
[System] Tick Logger A
[System] Tick Logger B
[System] Tick Logger A
[System] Tick Logger B
[System] Tick Logger A
[System] Tick Logger B
[System] Tick Logger A
[System] Tick Logger B
[System] Tick Logger A
[System] Tick Logger B
[System] Tick Logger A
[System] Tick Logger B
[System] Tick Logger A
[System] Tick Logger B
[System] Tick Logger A
[System] Tick Logger B
[System] Tick Logger A
[System] Tick Logger B
[System] Tick Logger A
[System] Tick Logger B
[System] Tick Logger A
[System] Tick Logger B
[System] Tick Logger A
[System] Tick Logger B
[System] Tick Logger A
[System] Tick Logger B
[System] Tick Logger A
[System] Tick Logger B
[System] Tick Logger A
[System] Tick Logger B
[System] Tick Logger A
[System] Tick Logger B
[System] Tick Logger A
[System] Tick Logger B
[System] Tick Logger A
[System] Tick Logger B
[System] Tick Logger A
[System] Tick Logger B
[System] Tick Logger A
[System] Tick Logger B
[System] Tick Logger A
[System] Tick Logger B
[System] Tick Logger A
[System] Tick Logger B
[System] Tick Logger A
[System] Tick Logger B
[System] Tick Logger A
[System] Tick Logger B
[System] Tick Logger A
[System] Tick Logger B
[System] Tick Logger A
[System] Tick Logger B
[System] Tick Logger A
[System] Tick Logger B
[System] Tick Logger A
[System] Tick Logger B
[System] Tick Logger A
[System] Tick Logger B
[System] Tick Logger A
[System] Tick Logger B
[System] Tick Logger A
[System] Tick Logger B
[System] Tick Logger A
[System] Tick Logger B
[System] Tick Logger A
[System] Tick Logger B
[System] Tick Logger A
[System] Tick Logger B
[System] Tick Logger A
[System] Tick Logger B
[System] Tick Logger A
[System] Tick Logger B
[System] Tick Logger A
[System] Tick Logger B
[System] Tick Logger A
[System] Tick Logger B
[System] Tick Logger A
[System] Tick Logger B
[System] Tick Logger A
[System] Tick Logger B
[System] Tick Logger A
[System] Tick Logger B
[System] Tick Logger A
[System] Tick Logger B
[System] Tick Logger A
[System] Tick Logger B
[System] Tick Logger A
[System] Tick Logger B
[System] Tick Logger A
[System] Tick Logger B
[System] Tick Logger A
[System] Tick Logger B
[System] Tick Logger A
[System] Tick Logger B
[System] Tick Logger A
[System] Tick Logger B
[System] Tick Logger A
[System] Tick Logger B
[System] Tick Logger A
[System] Tick Logger B
[System] Tick Logger A
[System] Tick Logger B
[System] Tick Logger A
[System] Tick Logger B
[System] Tick Logger A
[System] Tick Logger B
[System] Tick Logger A
[System] Tick Logger B
[System] Tick Logger A
[System] Tick Logger B
[System] Tick Logger A
[System] Tick Logger B
[Physics] tick=4080 ents=12 hasDyn=12 types(d/k)=12/0 null=0 yRange=[0.209,0.865] yDyn0=0.809 pendingDestroy=0
[System] Tick Logger A
[System] Tick Logger B
[System] Tick Logger A
[System] Tick Logger B
[System] Tick Logger A
[System] Tick Logger B
[System] Tick Logger A
[System] Tick Logger B
[System] Tick Logger A
[System] Tick Logger B
[System] Tick Logger A
[System] Tick Logger B
[System] Tick Logger A
[System] Tick Logger B
[System] Tick Logger A
[System] Tick Logger B
[System] Tick Logger A
[System] Tick Logger B
[System] Tick Logger A
[System] Tick Logger B
[System] Tick Logger A
[System] Tick Logger B
[System] Tick Logger A
[System] Tick Logger B
[System] Tick Logger A
[System] Tick Logger B
[System] Tick Logger A
[System] Tick Logger B
[System] Tick Logger A
[System] Tick Logger B
[System] Tick Logger A
[System] Tick Logger B
[System] Tick Logger A
[System] Tick Logger B
[System] Tick Logger A
[System] Tick Logger B
[System] Tick Logger A
[System] Tick Logger B
[System] Tick Logger A
[System] Tick Logger B
[System] Tick Logger A
[System] Tick Logger B
[System] Tick Logger A
[System] Tick Logger B
[System] Tick Logger A
[System] Tick Logger B
[System] Tick Logger A
[System] Tick Logger B
[System] Tick Logger A
[System] Tick Logger B
[System] Tick Logger A
[System] Tick Logger B
[System] Tick Logger A
[System] Tick Logger B
[System] Tick Logger A
[System] Tick Logger B
[System] Tick Logger A
[System] Tick Logger B
[System] Tick Logger A
[System] Tick Logger B
[System] Tick Logger A
[System] Tick Logger B
[System] Tick Logger A
[System] Tick Logger B
[System] Tick Logger A
[System] Tick Logger B
[System] Tick Logger A
[System] Tick Logger B
[System] Tick Logger A
[System] Tick Logger B
[System] Tick Logger A
[System] Tick Logger B
[System] Tick Logger A
[System] Tick Logger B
[System] Tick Logger A
[System] Tick Logger B
[System] Tick Logger A
[System] Tick Logger B
[System] Tick Logger A
[System] Tick Logger B
[System] Tick Logger A
[System] Tick Logger B
[System] Tick Logger A
[System] Tick Logger B
[System] Tick Logger A
[System] Tick Logger B
[System] Tick Logger A
[System] Tick Logger B
[System] Tick Logger A
[System] Tick Logger B
[System] Tick Logger A
[System] Tick Logger B
[System] Tick Logger A
[System] Tick Logger B
[System] Tick Logger A
[System] Tick Logger B
[System] Tick Logger A
[System] Tick Logger B
[System] Tick Logger A
[System] Tick Logger B
[System] Tick Logger A
[System] Tick Logger B
[System] Tick Logger A
[System] Tick Logger B
[System] Tick Logger A
[System] Tick Logger B
[System] Tick Logger A
[System] Tick Logger B
[System] Tick Logger A
[System] Tick Logger B
[System] Tick Logger A
[System] Tick Logger B
[System] Tick Logger A
[System] Tick Logger B
[System] Tick Logger A
[System] Tick Logger B
[System] Tick Logger A
[System] Tick Logger B
[System] Tick Logger A
[System] Tick Logger B
[Physics] tick=4140 ents=12 hasDyn=12 types(d/k)=12/0 null=0 yRange=[0.208,0.865] yDyn0=0.809 pendingDestroy=0
[System] Tick Logger A
[System] Tick Logger B
[System] Tick Logger A
[System] Tick Logger B
[System] Tick Logger A
[System] Tick Logger B
[System] Tick Logger A
[System] Tick Logger B
[System] Tick Logger A
[System] Tick Logger B
[System] Tick Logger A
[System] Tick Logger B
[System] Tick Logger A
[System] Tick Logger B
[System] Tick Logger A
[System] Tick Logger B
[System] Tick Logger A
[System] Tick Logger B
[System] Tick Logger A
[System] Tick Logger B
[System] Tick Logger A
[System] Tick Logger B
[System] Tick Logger A
[System] Tick Logger B
[System] Tick Logger A
[System] Tick Logger B
[System] Tick Logger A
[System] Tick Logger B
[System] Tick Logger A
[System] Tick Logger B
[System] Tick Logger A
[System] Tick Logger B
[System] Tick Logger A
[System] Tick Logger B
[System] Tick Logger A
[System] Tick Logger B
[System] Tick Logger A
[System] Tick Logger B
[System] Tick Logger A
[System] Tick Logger B
[System] Tick Logger A
[System] Tick Logger B
[System] Tick Logger A
[System] Tick Logger B
[System] Tick Logger A
[System] Tick Logger B
[System] Tick Logger A
[System] Tick Logger B
[System] Tick Logger A
[System] Tick Logger B
[System] Tick Logger A
[System] Tick Logger B
[System] Tick Logger A
[System] Tick Logger B
[System] Tick Logger A
[System] Tick Logger B
[System] Tick Logger A
[System] Tick Logger B
[System] Tick Logger A
[System] Tick Logger B
[System] Tick Logger A
[System] Tick Logger B
[System] Tick Logger A
[System] Tick Logger B
[System] Tick Logger A
[System] Tick Logger B
[System] Tick Logger A
[System] Tick Logger B
[System] Tick Logger A
[System] Tick Logger B
[System] Tick Logger A
[System] Tick Logger B
[System] Tick Logger A
[System] Tick Logger B
[System] Tick Logger A
[System] Tick Logger B
[System] Tick Logger A
[System] Tick Logger B
[System] Tick Logger A
[System] Tick Logger B
[System] Tick Logger A
[System] Tick Logger B
[System] Tick Logger A
[System] Tick Logger B
[System] Tick Logger A
[System] Tick Logger B
[System] Tick Logger A
[System] Tick Logger B
[System] Tick Logger A
[System] Tick Logger B
[System] Tick Logger A
[System] Tick Logger B
[System] Tick Logger A
[System] Tick Logger B
[System] Tick Logger A
[System] Tick Logger B
[System] Tick Logger A
[System] Tick Logger B
[System] Tick Logger A
[System] Tick Logger B
[System] Tick Logger A
[System] Tick Logger B
[System] Tick Logger A
[System] Tick Logger B
[System] Tick Logger A
[System] Tick Logger B
[System] Tick Logger A
[System] Tick Logger B
[System] Tick Logger A
[System] Tick Logger B
[System] Tick Logger A
[System] Tick Logger B
[System] Tick Logger A
[System] Tick Logger B
[System] Tick Logger A
[System] Tick Logger B
[System] Tick Logger A
[System] Tick Logger B
[System] Tick Logger A
[System] Tick Logger B
[Physics] tick=4200 ents=12 hasDyn=12 types(d/k)=12/0 null=0 yRange=[0.208,0.865] yDyn0=0.809 pendingDestroy=0
[System] Tick Logger A
[System] Tick Logger B
[System] Tick Logger A
[System] Tick Logger B
[System] Tick Logger A
[System] Tick Logger B
[System] Tick Logger A
[System] Tick Logger B
[System] Tick Logger A
[System] Tick Logger B
[System] Tick Logger A
[System] Tick Logger B
[System] Tick Logger A
[System] Tick Logger B
[System] Tick Logger A
[System] Tick Logger B
[System] Tick Logger A
[System] Tick Logger B
[System] Tick Logger A
[System] Tick Logger B
[System] Tick Logger A
[System] Tick Logger B
[System] Tick Logger A
[System] Tick Logger B
[System] Tick Logger A
[System] Tick Logger B
[System] Tick Logger A
[System] Tick Logger B
[System] Tick Logger A
[System] Tick Logger B
[System] Tick Logger A
[System] Tick Logger B
[System] Tick Logger A
[System] Tick Logger B
[System] Tick Logger A
[System] Tick Logger B
[System] Tick Logger A
[System] Tick Logger B
[System] Tick Logger A
[System] Tick Logger B
[System] Tick Logger A
[System] Tick Logger B
[System] Tick Logger A
[System] Tick Logger B
[System] Tick Logger A
[System] Tick Logger B
[System] Tick Logger A
[System] Tick Logger B
[System] Tick Logger A
[System] Tick Logger B
[soccer] id7 pos=(1.81,-2.20) bodyvel=(-0.06,-1.21) desired=(1.63,-4.75) force=(291.9,-608.6) round=0/0 phase=1
[System] Tick Logger A
[System] Tick Logger B
[System] Tick Logger A
[System] Tick Logger B
[System] Tick Logger A
[System] Tick Logger B
[System] Tick Logger A
[System] Tick Logger B
[System] Tick Logger A
[System] Tick Logger B
[System] Tick Logger A
[System] Tick Logger B
[System] Tick Logger A
[System] Tick Logger B
[System] Tick Logger A
[System] Tick Logger B
[System] Tick Logger A
[System] Tick Logger B
[System] Tick Logger A
[System] Tick Logger B
[System] Tick Logger A
[System] Tick Logger B
[System] Tick Logger A
[System] Tick Logger B
[System] Tick Logger A
[System] Tick Logger B
[System] Tick Logger A
[System] Tick Logger B
[System] Tick Logger A
[System] Tick Logger B
[System] Tick Logger A
[System] Tick Logger B
[System] Tick Logger A
[System] Tick Logger B
[System] Tick Logger A
[System] Tick Logger B
[System] Tick Logger A
[System] Tick Logger B
[System] Tick Logger A
[System] Tick Logger B
[System] Tick Logger A
[System] Tick Logger B
[System] Tick Logger A
[System] Tick Logger B
[System] Tick Logger A
[System] Tick Logger B
[System] Tick Logger A
[System] Tick Logger B
[System] Tick Logger A
[System] Tick Logger B
[System] Tick Logger A
[System] Tick Logger B
[System] Tick Logger A
[System] Tick Logger B
[System] Tick Logger A
[System] Tick Logger B
[System] Tick Logger A
[System] Tick Logger B
[System] Tick Logger A
[System] Tick Logger B
[System] Tick Logger A
[System] Tick Logger B
[System] Tick Logger A
[System] Tick Logger B
[System] Tick Logger A
[System] Tick Logger B
[System] Tick Logger A
[System] Tick Logger B
[System] Tick Logger A
[System] Tick Logger B
[Physics] tick=4260 ents=12 hasDyn=12 types(d/k)=12/0 null=0 yRange=[0.209,0.865] yDyn0=0.809 pendingDestroy=0
[System] Tick Logger A
[System] Tick Logger B
[System] Tick Logger A
[System] Tick Logger B
[System] Tick Logger A
[System] Tick Logger B
[System] Tick Logger A
[System] Tick Logger B
[System] Tick Logger A
[System] Tick Logger B
[System] Tick Logger A
[System] Tick Logger B
[System] Tick Logger A
[System] Tick Logger B
[System] Tick Logger A
[System] Tick Logger B
[System] Tick Logger A
[System] Tick Logger B
[System] Tick Logger A
[System] Tick Logger B
[System] Tick Logger A
[System] Tick Logger B
[System] Tick Logger A
[System] Tick Logger B
[System] Tick Logger A
[System] Tick Logger B
[System] Tick Logger A
[System] Tick Logger B
[System] Tick Logger A
[System] Tick Logger B
[System] Tick Logger A
[System] Tick Logger B
[System] Tick Logger A
[System] Tick Logger B
[System] Tick Logger A
[System] Tick Logger B
[System] Tick Logger A
[System] Tick Logger B
[System] Tick Logger A
[System] Tick Logger B
[System] Tick Logger A
[System] Tick Logger B
[System] Tick Logger A
[System] Tick Logger B
[System] Tick Logger A
[System] Tick Logger B
[System] Tick Logger A
[System] Tick Logger B
[System] Tick Logger A
[System] Tick Logger B
[System] Tick Logger A
[System] Tick Logger B
[System] Tick Logger A
[System] Tick Logger B
[System] Tick Logger A
[System] Tick Logger B
[System] Tick Logger A
[System] Tick Logger B
[System] Tick Logger A
[System] Tick Logger B
[System] Tick Logger A
[System] Tick Logger B
[System] Tick Logger A
[System] Tick Logger B
[System] Tick Logger A
[System] Tick Logger B
[System] Tick Logger A
[System] Tick Logger B
[System] Tick Logger A
[System] Tick Logger B
[System] Tick Logger A
[System] Tick Logger B
[System] Tick Logger A
[System] Tick Logger B
[System] Tick Logger A
[System] Tick Logger B
[System] Tick Logger A
[System] Tick Logger B
[System] Tick Logger A
[System] Tick Logger B
[System] Tick Logger A
[System] Tick Logger B
[System] Tick Logger A
[System] Tick Logger B
[System] Tick Logger A
[System] Tick Logger B
[System] Tick Logger A
[System] Tick Logger B
[System] Tick Logger A
[System] Tick Logger B
[System] Tick Logger A
[System] Tick Logger B
[System] Tick Logger A
[System] Tick Logger B
[System] Tick Logger A
[System] Tick Logger B
[System] Tick Logger A
[System] Tick Logger B
[System] Tick Logger A
[System] Tick Logger B
[System] Tick Logger A
[System] Tick Logger B
[System] Tick Logger A
[System] Tick Logger B
[System] Tick Logger A
[System] Tick Logger B
[System] Tick Logger A
[System] Tick Logger B
[System] Tick Logger A
[System] Tick Logger B
[System] Tick Logger A
[System] Tick Logger B
[System] Tick Logger A
[System] Tick Logger B
[System] Tick Logger A
[System] Tick Logger B
[System] Tick Logger A
[System] Tick Logger B
[System] Tick Logger A
[System] Tick Logger B
[Physics] tick=4320 ents=12 hasDyn=12 types(d/k)=12/0 null=0 yRange=[0.208,0.865] yDyn0=0.809 pendingDestroy=0
[System] Tick Logger A
[System] Tick Logger B
[System] Tick Logger A
[System] Tick Logger B
[System] Tick Logger A
[System] Tick Logger B
[System] Tick Logger A
[System] Tick Logger B
[System] Tick Logger A
[System] Tick Logger B
[System] Tick Logger A
[System] Tick Logger B
[System] Tick Logger A
[System] Tick Logger B
[System] Tick Logger A
[System] Tick Logger B
[System] Tick Logger A
[System] Tick Logger B
[System] Tick Logger A
[System] Tick Logger B
[System] Tick Logger A
[System] Tick Logger B
[System] Tick Logger A
[System] Tick Logger B
[System] Tick Logger A
[System] Tick Logger B
[System] Tick Logger A
[System] Tick Logger B
[System] Tick Logger A
[System] Tick Logger B
[System] Tick Logger A
[System] Tick Logger B
[System] Tick Logger A
[System] Tick Logger B
[System] Tick Logger A
[System] Tick Logger B
[System] Tick Logger A
[System] Tick Logger B
[System] Tick Logger A
[System] Tick Logger B
[System] Tick Logger A
[System] Tick Logger B
[System] Tick Logger A
[System] Tick Logger B
[System] Tick Logger A
[System] Tick Logger B
[System] Tick Logger A
[System] Tick Logger B
[System] Tick Logger A
[System] Tick Logger B
[System] Tick Logger A
[System] Tick Logger B
[System] Tick Logger A
[System] Tick Logger B
[System] Tick Logger A
[System] Tick Logger B
[System] Tick Logger A
[System] Tick Logger B
[System] Tick Logger A
[System] Tick Logger B
[System] Tick Logger A
[System] Tick Logger B
[System] Tick Logger A
[System] Tick Logger B
[System] Tick Logger A
[System] Tick Logger B
[System] Tick Logger A
[System] Tick Logger B
[System] Tick Logger A
[System] Tick Logger B
[System] Tick Logger A
[System] Tick Logger B
[System] Tick Logger A
[System] Tick Logger B
[System] Tick Logger A
[System] Tick Logger B
[System] Tick Logger A
[System] Tick Logger B
[System] Tick Logger A
[System] Tick Logger B
[System] Tick Logger A
[System] Tick Logger B
[System] Tick Logger A
[System] Tick Logger B
[System] Tick Logger A
[System] Tick Logger B
[System] Tick Logger A
[System] Tick Logger B
[System] Tick Logger A
[System] Tick Logger B
[System] Tick Logger A
[System] Tick Logger B
[System] Tick Logger A
[System] Tick Logger B
[System] Tick Logger A
[System] Tick Logger B
[System] Tick Logger A
[System] Tick Logger B
[System] Tick Logger A
[System] Tick Logger B
[System] Tick Logger A
[System] Tick Logger B
[System] Tick Logger A
[System] Tick Logger B
[System] Tick Logger A
[System] Tick Logger B
[System] Tick Logger A
[System] Tick Logger B
[System] Tick Logger A
[System] Tick Logger B
[System] Tick Logger A
[System] Tick Logger B
[System] Tick Logger A
[System] Tick Logger B
[System] Tick Logger A
[System] Tick Logger B
[System] Tick Logger A
[System] Tick Logger B
[System] Tick Logger A
[System] Tick Logger B
[Physics] tick=4380 ents=12 hasDyn=12 types(d/k)=12/0 null=0 yRange=[0.208,0.865] yDyn0=0.809 pendingDestroy=0
[System] Tick Logger A
[System] Tick Logger B
[System] Tick Logger A
[System] Tick Logger B
[System] Tick Logger A
[System] Tick Logger B
[System] Tick Logger A
[System] Tick Logger B
[System] Tick Logger A
[System] Tick Logger B
[System] Tick Logger A
[System] Tick Logger B
[System] Tick Logger A
[System] Tick Logger B
[System] Tick Logger A
[System] Tick Logger B
[System] Tick Logger A
[System] Tick Logger B
[System] Tick Logger A
[System] Tick Logger B
[System] Tick Logger A
[System] Tick Logger B
[System] Tick Logger A
[System] Tick Logger B
[System] Tick Logger A
[System] Tick Logger B
[System] Tick Logger A
[System] Tick Logger B
[System] Tick Logger A
[System] Tick Logger B
[System] Tick Logger A
[System] Tick Logger B
[System] Tick Logger A
[System] Tick Logger B
[System] Tick Logger A
[System] Tick Logger B
[System] Tick Logger A
[System] Tick Logger B
[System] Tick Logger A
[System] Tick Logger B
[System] Tick Logger A
[System] Tick Logger B
[System] Tick Logger A
[System] Tick Logger B
[System] Tick Logger A
[System] Tick Logger B
[System] Tick Logger A
[System] Tick Logger B
[System] Tick Logger A
[System] Tick Logger B
[System] Tick Logger A
[System] Tick Logger B
[System] Tick Logger A
[System] Tick Logger B
[System] Tick Logger A
[System] Tick Logger B
[System] Tick Logger A
[System] Tick Logger B
[System] Tick Logger A
[System] Tick Logger B
[System] Tick Logger A
[System] Tick Logger B
[System] Tick Logger A
[System] Tick Logger B
[System] Tick Logger A
[System] Tick Logger B
[System] Tick Logger A
[System] Tick Logger B
[System] Tick Logger A
[System] Tick Logger B
[System] Tick Logger A
[System] Tick Logger B
[System] Tick Logger A
[System] Tick Logger B
[System] Tick Logger A
[System] Tick Logger B
[System] Tick Logger A
[System] Tick Logger B
[System] Tick Logger A
[System] Tick Logger B
[System] Tick Logger A
[System] Tick Logger B
[System] Tick Logger A
[System] Tick Logger B
[System] Tick Logger A
[System] Tick Logger B
[System] Tick Logger A
[System] Tick Logger B
[System] Tick Logger A
[System] Tick Logger B
[System] Tick Logger A
[System] Tick Logger B
[System] Tick Logger A
[System] Tick Logger B
[System] Tick Logger A
[System] Tick Logger B
[System] Tick Logger A
[System] Tick Logger B
[System] Tick Logger A
[System] Tick Logger B
[System] Tick Logger A
[System] Tick Logger B
[System] Tick Logger A
[System] Tick Logger B
[System] Tick Logger A
[System] Tick Logger B
[System] Tick Logger A
[System] Tick Logger B
[System] Tick Logger A
[System] Tick Logger B
[System] Tick Logger A
[System] Tick Logger B
[System] Tick Logger A
[System] Tick Logger B
[System] Tick Logger A
[System] Tick Logger B
[System] Tick Logger A
[System] Tick Logger B
[System] Tick Logger A
[System] Tick Logger B
[Physics] tick=4440 ents=12 hasDyn=12 types(d/k)=12/0 null=0 yRange=[0.208,0.865] yDyn0=0.809 pendingDestroy=0
[System] Tick Logger A
[System] Tick Logger B
[System] Tick Logger A
[System] Tick Logger B
[System] Tick Logger A
[System] Tick Logger B
[System] Tick Logger A
[System] Tick Logger B
[System] Tick Logger A
[System] Tick Logger B
[System] Tick Logger A
[System] Tick Logger B
[System] Tick Logger A
[System] Tick Logger B
[System] Tick Logger A
[System] Tick Logger B
[System] Tick Logger A
[System] Tick Logger B
[System] Tick Logger A
[System] Tick Logger B
[System] Tick Logger A
[System] Tick Logger B
[System] Tick Logger A
[System] Tick Logger B
[System] Tick Logger A
[System] Tick Logger B
[System] Tick Logger A
[System] Tick Logger B
[System] Tick Logger A
[System] Tick Logger B
[System] Tick Logger A
[System] Tick Logger B
[System] Tick Logger A
[System] Tick Logger B
[System] Tick Logger A
[System] Tick Logger B
[System] Tick Logger A
[System] Tick Logger B
[System] Tick Logger A
[System] Tick Logger B
[System] Tick Logger A
[System] Tick Logger B
[System] Tick Logger A
[System] Tick Logger B
[System] Tick Logger A
[System] Tick Logger B
[System] Tick Logger A
[System] Tick Logger B
[System] Tick Logger A
[System] Tick Logger B
[System] Tick Logger A
[System] Tick Logger B
[System] Tick Logger A
[System] Tick Logger B
[System] Tick Logger A
[System] Tick Logger B
[System] Tick Logger A
[System] Tick Logger B
[System] Tick Logger A
[System] Tick Logger B
[System] Tick Logger A
[System] Tick Logger B
[System] Tick Logger A
[System] Tick Logger B
[System] Tick Logger A
[System] Tick Logger B
[System] Tick Logger A
[System] Tick Logger B
[System] Tick Logger A
[System] Tick Logger B
[System] Tick Logger A
[System] Tick Logger B
[System] Tick Logger A
[System] Tick Logger B
[System] Tick Logger A
[System] Tick Logger B
[System] Tick Logger A
[System] Tick Logger B
[System] Tick Logger A
[System] Tick Logger B
[System] Tick Logger A
[System] Tick Logger B
[System] Tick Logger A
[System] Tick Logger B
[System] Tick Logger A
[System] Tick Logger B
[System] Tick Logger A
[System] Tick Logger B
[System] Tick Logger A
[System] Tick Logger B
[System] Tick Logger A
[System] Tick Logger B
[System] Tick Logger A
[System] Tick Logger B
[System] Tick Logger A
[System] Tick Logger B
[System] Tick Logger A
[System] Tick Logger B
[System] Tick Logger A
[System] Tick Logger B
[System] Tick Logger A
[System] Tick Logger B
[System] Tick Logger A
[System] Tick Logger B
[System] Tick Logger A
[System] Tick Logger B
[System] Tick Logger A
[System] Tick Logger B
[System] Tick Logger A
[System] Tick Logger B
[System] Tick Logger A
[System] Tick Logger B
[System] Tick Logger A
[System] Tick Logger B
[System] Tick Logger A
[System] Tick Logger B
[System] Tick Logger A
[System] Tick Logger B
[System] Tick Logger A
[System] Tick Logger B
[Physics] tick=4500 ents=12 hasDyn=12 types(d/k)=12/0 null=0 yRange=[0.208,0.865] yDyn0=0.809 pendingDestroy=0
[System] Tick Logger A
[System] Tick Logger B
[System] Tick Logger A
[System] Tick Logger B
[System] Tick Logger A
[System] Tick Logger B
[System] Tick Logger A
[System] Tick Logger B
[System] Tick Logger A
[System] Tick Logger B
[System] Tick Logger A
[System] Tick Logger B
[System] Tick Logger A
[System] Tick Logger B
[System] Tick Logger A
[System] Tick Logger B
[System] Tick Logger A
[System] Tick Logger B
[System] Tick Logger A
[System] Tick Logger B
[System] Tick Logger A
[System] Tick Logger B
[System] Tick Logger A
[System] Tick Logger B
[System] Tick Logger A
[System] Tick Logger B
[System] Tick Logger A
[System] Tick Logger B
[System] Tick Logger A
[System] Tick Logger B
[System] Tick Logger A
[System] Tick Logger B
[System] Tick Logger A
[System] Tick Logger B
[System] Tick Logger A
[System] Tick Logger B
[System] Tick Logger A
[System] Tick Logger B
[System] Tick Logger A
[System] Tick Logger B
[System] Tick Logger A
[System] Tick Logger B
[System] Tick Logger A
[System] Tick Logger B
[System] Tick Logger A
[System] Tick Logger B
[System] Tick Logger A
[System] Tick Logger B
[System] Tick Logger A
[System] Tick Logger B
[System] Tick Logger A
[System] Tick Logger B
[System] Tick Logger A
[System] Tick Logger B
[System] Tick Logger A
[System] Tick Logger B
[System] Tick Logger A
[System] Tick Logger B
[System] Tick Logger A
[System] Tick Logger B
[System] Tick Logger A
[System] Tick Logger B
[System] Tick Logger A
[System] Tick Logger B
[System] Tick Logger A
[System] Tick Logger B
[System] Tick Logger A
[System] Tick Logger B
[System] Tick Logger A
[System] Tick Logger B
[System] Tick Logger A
[System] Tick Logger B
[System] Tick Logger A
[System] Tick Logger B
[System] Tick Logger A
[System] Tick Logger B
[System] Tick Logger A
[System] Tick Logger B
[System] Tick Logger A
[System] Tick Logger B
[System] Tick Logger A
[System] Tick Logger B
[System] Tick Logger A
[System] Tick Logger B
[System] Tick Logger A
[System] Tick Logger B
[System] Tick Logger A
[System] Tick Logger B
[System] Tick Logger A
[System] Tick Logger B
[System] Tick Logger A
[System] Tick Logger B
[System] Tick Logger A
[System] Tick Logger B
[System] Tick Logger A
[System] Tick Logger B
[System] Tick Logger A
[System] Tick Logger B
[System] Tick Logger A
[System] Tick Logger B
[System] Tick Logger A
[System] Tick Logger B
[System] Tick Logger A
[System] Tick Logger B
[System] Tick Logger A
[System] Tick Logger B
[System] Tick Logger A
[System] Tick Logger B
[System] Tick Logger A
[System] Tick Logger B
[System] Tick Logger A
[System] Tick Logger B
[System] Tick Logger A
[System] Tick Logger B
[System] Tick Logger A
[System] Tick Logger B
[System] Tick Logger A
[System] Tick Logger B
[System] Tick Logger A
[System] Tick Logger B
[Physics] tick=4560 ents=12 hasDyn=12 types(d/k)=12/0 null=0 yRange=[0.208,0.865] yDyn0=0.809 pendingDestroy=0
[System] Tick Logger A
[System] Tick Logger B
[System] Tick Logger A
[System] Tick Logger B
[System] Tick Logger A
[System] Tick Logger B
[System] Tick Logger A
[System] Tick Logger B
[System] Tick Logger A
[System] Tick Logger B
[System] Tick Logger A
[System] Tick Logger B
[System] Tick Logger A
[System] Tick Logger B
[System] Tick Logger A
[System] Tick Logger B
[System] Tick Logger A
[System] Tick Logger B
[System] Tick Logger A
[System] Tick Logger B
[System] Tick Logger A
[System] Tick Logger B
[System] Tick Logger A
[System] Tick Logger B
[System] Tick Logger A
[System] Tick Logger B
[System] Tick Logger A
[System] Tick Logger B
[System] Tick Logger A
[System] Tick Logger B
[soccer] id7 pos=(1.95,-2.75) bodyvel=(-0.73,-0.51) desired=(-5.17,-1.88) force=(-644.8,-199.6) round=0/0 phase=1
[System] Tick Logger A
[System] Tick Logger B
[System] Tick Logger A
[System] Tick Logger B
[System] Tick Logger A
[System] Tick Logger B
[System] Tick Logger A
[System] Tick Logger B
[System] Tick Logger A
[System] Tick Logger B
[System] Tick Logger A
[System] Tick Logger B
[System] Tick Logger A
[System] Tick Logger B
[System] Tick Logger A
[System] Tick Logger B
[System] Tick Logger A
[System] Tick Logger B
[System] Tick Logger A
[System] Tick Logger B
[System] Tick Logger A
[System] Tick Logger B
[System] Tick Logger A
[System] Tick Logger B
[System] Tick Logger A
[System] Tick Logger B
[System] Tick Logger A
[System] Tick Logger B
[System] Tick Logger A
[System] Tick Logger B
[System] Tick Logger A
[System] Tick Logger B
[System] Tick Logger A
[System] Tick Logger B
[System] Tick Logger A
[System] Tick Logger B
[System] Tick Logger A
[System] Tick Logger B
[System] Tick Logger A
[System] Tick Logger B
[System] Tick Logger A
[System] Tick Logger B
[System] Tick Logger A
[System] Tick Logger B
[System] Tick Logger A
[System] Tick Logger B
[System] Tick Logger A
[System] Tick Logger B
[System] Tick Logger A
[System] Tick Logger B
[System] Tick Logger A
[System] Tick Logger B
[System] Tick Logger A
[System] Tick Logger B
[System] Tick Logger A
[System] Tick Logger B
[System] Tick Logger A
[System] Tick Logger B
[System] Tick Logger A
[System] Tick Logger B
[System] Tick Logger A
[System] Tick Logger B
[System] Tick Logger A
[System] Tick Logger B
[System] Tick Logger A
[System] Tick Logger B
[System] Tick Logger A
[System] Tick Logger B
[System] Tick Logger A
[System] Tick Logger B
[System] Tick Logger A
[System] Tick Logger B
[System] Tick Logger A
[System] Tick Logger B
[System] Tick Logger A
[System] Tick Logger B
[System] Tick Logger A
[System] Tick Logger B
[System] Tick Logger A
[System] Tick Logger B
[System] Tick Logger A
[System] Tick Logger B
[System] Tick Logger A
[System] Tick Logger B
[System] Tick Logger A
[System] Tick Logger B
[System] Tick Logger A
[System] Tick Logger B
[System] Tick Logger A
[System] Tick Logger B
[Physics] tick=4620 ents=12 hasDyn=12 types(d/k)=12/0 null=0 yRange=[0.207,0.865] yDyn0=0.809 pendingDestroy=0
[System] Tick Logger A
[System] Tick Logger B
[System] Tick Logger A
[System] Tick Logger B
[System] Tick Logger A
[System] Tick Logger B
[System] Tick Logger A
[System] Tick Logger B
[System] Tick Logger A
[System] Tick Logger B
[System] Tick Logger A
[System] Tick Logger B
[System] Tick Logger A
[System] Tick Logger B
[System] Tick Logger A
[System] Tick Logger B
[System] Tick Logger A
[System] Tick Logger B
[System] Tick Logger A
[System] Tick Logger B
[System] Tick Logger A
[System] Tick Logger B
[System] Tick Logger A
[System] Tick Logger B
[System] Tick Logger A
[System] Tick Logger B
[System] Tick Logger A
[System] Tick Logger B
[System] Tick Logger A
[System] Tick Logger B
[System] Tick Logger A
[System] Tick Logger B
[System] Tick Logger A
[System] Tick Logger B
[System] Tick Logger A
[System] Tick Logger B
[System] Tick Logger A
[System] Tick Logger B
[System] Tick Logger A
[System] Tick Logger B
[System] Tick Logger A
[System] Tick Logger B
[System] Tick Logger A
[System] Tick Logger B
[System] Tick Logger A
[System] Tick Logger B
[System] Tick Logger A
[System] Tick Logger B
[System] Tick Logger A
[System] Tick Logger B
[System] Tick Logger A
[System] Tick Logger B
[System] Tick Logger A
[System] Tick Logger B
[System] Tick Logger A
[System] Tick Logger B
[System] Tick Logger A
[System] Tick Logger B
[System] Tick Logger A
[System] Tick Logger B
[System] Tick Logger A
[System] Tick Logger B
[System] Tick Logger A
[System] Tick Logger B
[System] Tick Logger A
[System] Tick Logger B
[System] Tick Logger A
[System] Tick Logger B
[System] Tick Logger A
[System] Tick Logger B
[System] Tick Logger A
[System] Tick Logger B
[System] Tick Logger A
[System] Tick Logger B
[System] Tick Logger A
[System] Tick Logger B
[System] Tick Logger A
[System] Tick Logger B
[System] Tick Logger A
[System] Tick Logger B
[System] Tick Logger A
[System] Tick Logger B
[System] Tick Logger A
[System] Tick Logger B
[System] Tick Logger A
[System] Tick Logger B
[System] Tick Logger A
[System] Tick Logger B
[System] Tick Logger A
[System] Tick Logger B
[System] Tick Logger A
[System] Tick Logger B
[System] Tick Logger A
[System] Tick Logger B
[System] Tick Logger A
[System] Tick Logger B
[System] Tick Logger A
[System] Tick Logger B
[System] Tick Logger A
[System] Tick Logger B
[System] Tick Logger A
[System] Tick Logger B
[System] Tick Logger A
[System] Tick Logger B
[System] Tick Logger A
[System] Tick Logger B
[System] Tick Logger A
[System] Tick Logger B
[System] Tick Logger A
[System] Tick Logger B
[System] Tick Logger A
[System] Tick Logger B
[System] Tick Logger A
[System] Tick Logger B
[System] Tick Logger A
[System] Tick Logger B
[System] Tick Logger A
[System] Tick Logger B
[System] Tick Logger A
[System] Tick Logger B
[Physics] tick=4680 ents=12 hasDyn=12 types(d/k)=12/0 null=0 yRange=[0.207,0.865] yDyn0=0.809 pendingDestroy=0
[System] Tick Logger A
[System] Tick Logger B
[System] Tick Logger A
[System] Tick Logger B
[System] Tick Logger A
[System] Tick Logger B
[System] Tick Logger A
[System] Tick Logger B
[System] Tick Logger A
[System] Tick Logger B
[System] Tick Logger A
[System] Tick Logger B
[System] Tick Logger A
[System] Tick Logger B
[System] Tick Logger A
[System] Tick Logger B
[System] Tick Logger A
[System] Tick Logger B
[System] Tick Logger A
[System] Tick Logger B
[System] Tick Logger A
[System] Tick Logger B
[System] Tick Logger A
[System] Tick Logger B
[System] Tick Logger A
[System] Tick Logger B
[System] Tick Logger A
[System] Tick Logger B
[System] Tick Logger A
[System] Tick Logger B
[System] Tick Logger A
[System] Tick Logger B
[System] Tick Logger A
[System] Tick Logger B
[System] Tick Logger A
[System] Tick Logger B
[System] Tick Logger A
[System] Tick Logger B
[System] Tick Logger A
[System] Tick Logger B
[System] Tick Logger A
[System] Tick Logger B
[System] Tick Logger A
[System] Tick Logger B
[System] Tick Logger A
[System] Tick Logger B
[System] Tick Logger A
[System] Tick Logger B
[System] Tick Logger A
[System] Tick Logger B
[System] Tick Logger A
[System] Tick Logger B
[System] Tick Logger A
[System] Tick Logger B
[System] Tick Logger A
[System] Tick Logger B
[System] Tick Logger A
[System] Tick Logger B
[System] Tick Logger A
[System] Tick Logger B
[System] Tick Logger A
[System] Tick Logger B
[System] Tick Logger A
[System] Tick Logger B
[System] Tick Logger A
[System] Tick Logger B
[System] Tick Logger A
[System] Tick Logger B
[System] Tick Logger A
[System] Tick Logger B
[System] Tick Logger A
[System] Tick Logger B
[System] Tick Logger A
[System] Tick Logger B
[System] Tick Logger A
[System] Tick Logger B
[System] Tick Logger A
[System] Tick Logger B
[System] Tick Logger A
[System] Tick Logger B
[System] Tick Logger A
[System] Tick Logger B
[System] Tick Logger A
[System] Tick Logger B
[System] Tick Logger A
[System] Tick Logger B
[System] Tick Logger A
[System] Tick Logger B
[System] Tick Logger A
[System] Tick Logger B
[System] Tick Logger A
[System] Tick Logger B
[System] Tick Logger A
[System] Tick Logger B
[System] Tick Logger A
[System] Tick Logger B
[System] Tick Logger A
[System] Tick Logger B
[System] Tick Logger A
[System] Tick Logger B
[System] Tick Logger A
[System] Tick Logger B
[System] Tick Logger A
[System] Tick Logger B
[System] Tick Logger A
[System] Tick Logger B
[System] Tick Logger A
[System] Tick Logger B
[System] Tick Logger A
[System] Tick Logger B
[System] Tick Logger A
[System] Tick Logger B
[System] Tick Logger A
[System] Tick Logger B
[System] Tick Logger A
[System] Tick Logger B
[System] Tick Logger A
[System] Tick Logger B
[System] Tick Logger A
[System] Tick Logger B
[Physics] tick=4740 ents=12 hasDyn=12 types(d/k)=12/0 null=0 yRange=[0.207,0.865] yDyn0=0.809 pendingDestroy=0
[System] Tick Logger A
[System] Tick Logger B
[System] Tick Logger A
[System] Tick Logger B
[System] Tick Logger A
[System] Tick Logger B
[System] Tick Logger A
[System] Tick Logger B
[System] Tick Logger A
[System] Tick Logger B
[System] Tick Logger A
[System] Tick Logger B
[System] Tick Logger A
[System] Tick Logger B
[System] Tick Logger A
[System] Tick Logger B
[System] Tick Logger A
[System] Tick Logger B
[System] Tick Logger A
[System] Tick Logger B
[System] Tick Logger A
[System] Tick Logger B
[System] Tick Logger A
[System] Tick Logger B
[System] Tick Logger A
[System] Tick Logger B
[System] Tick Logger A
[System] Tick Logger B
[System] Tick Logger A
[System] Tick Logger B
[System] Tick Logger A
[System] Tick Logger B
[System] Tick Logger A
[System] Tick Logger B
[System] Tick Logger A
[System] Tick Logger B
[System] Tick Logger A
[System] Tick Logger B
[System] Tick Logger A
[System] Tick Logger B
[System] Tick Logger A
[System] Tick Logger B
[System] Tick Logger A
[System] Tick Logger B
[System] Tick Logger A
[System] Tick Logger B
[System] Tick Logger A
[System] Tick Logger B
[System] Tick Logger A
[System] Tick Logger B
[System] Tick Logger A
[System] Tick Logger B
[System] Tick Logger A
[System] Tick Logger B
[System] Tick Logger A
[System] Tick Logger B
[System] Tick Logger A
[System] Tick Logger B
[System] Tick Logger A
[System] Tick Logger B
[System] Tick Logger A
[System] Tick Logger B
[System] Tick Logger A
[System] Tick Logger B
[System] Tick Logger A
[System] Tick Logger B
[System] Tick Logger A
[System] Tick Logger B
[System] Tick Logger A
[System] Tick Logger B
[System] Tick Logger A
[System] Tick Logger B
[System] Tick Logger A
[System] Tick Logger B
[System] Tick Logger A
[System] Tick Logger B
[System] Tick Logger A
[System] Tick Logger B
[System] Tick Logger A
[System] Tick Logger B
[System] Tick Logger A
[System] Tick Logger B
[System] Tick Logger A
[System] Tick Logger B
[System] Tick Logger A
[System] Tick Logger B
[System] Tick Logger A
[System] Tick Logger B
[System] Tick Logger A
[System] Tick Logger B
[System] Tick Logger A
[System] Tick Logger B
[System] Tick Logger A
[System] Tick Logger B
[System] Tick Logger A
[System] Tick Logger B
[System] Tick Logger A
[System] Tick Logger B
[System] Tick Logger A
[System] Tick Logger B
[System] Tick Logger A
[System] Tick Logger B
[System] Tick Logger A
[System] Tick Logger B
[System] Tick Logger A
[System] Tick Logger B
[System] Tick Logger A
[System] Tick Logger B
[System] Tick Logger A
[System] Tick Logger B
[System] Tick Logger A
[System] Tick Logger B
[System] Tick Logger A
[System] Tick Logger B
[System] Tick Logger A
[System] Tick Logger B
[System] Tick Logger A
[System] Tick Logger B
[System] Tick Logger A
[System] Tick Logger B
[Physics] tick=4800 ents=12 hasDyn=12 types(d/k)=12/0 null=0 yRange=[0.208,0.865] yDyn0=0.809 pendingDestroy=0
[System] Tick Logger A
[System] Tick Logger B
[System] Tick Logger A
[System] Tick Logger B
[System] Tick Logger A
[System] Tick Logger B
[System] Tick Logger A
[System] Tick Logger B
[System] Tick Logger A
[System] Tick Logger B
[System] Tick Logger A
[System] Tick Logger B
[System] Tick Logger A
[System] Tick Logger B
[System] Tick Logger A
[System] Tick Logger B
[System] Tick Logger A
[System] Tick Logger B
[System] Tick Logger A
[System] Tick Logger B
[System] Tick Logger A
[System] Tick Logger B
[System] Tick Logger A
[System] Tick Logger B
[System] Tick Logger A
[System] Tick Logger B
[System] Tick Logger A
[System] Tick Logger B
[System] Tick Logger A
[System] Tick Logger B
[System] Tick Logger A
[System] Tick Logger B
[System] Tick Logger A
[System] Tick Logger B
[System] Tick Logger A
[System] Tick Logger B
[System] Tick Logger A
[System] Tick Logger B
[System] Tick Logger A
[System] Tick Logger B
[System] Tick Logger A
[System] Tick Logger B
[System] Tick Logger A
[System] Tick Logger B
[System] Tick Logger A
[System] Tick Logger B
[System] Tick Logger A
[System] Tick Logger B
[System] Tick Logger A
[System] Tick Logger B
[System] Tick Logger A
[System] Tick Logger B
[System] Tick Logger A
[System] Tick Logger B
[System] Tick Logger A
[System] Tick Logger B
[System] Tick Logger A
[System] Tick Logger B
[System] Tick Logger A
[System] Tick Logger B
[System] Tick Logger A
[System] Tick Logger B
[System] Tick Logger A
[System] Tick Logger B
[System] Tick Logger A
[System] Tick Logger B
[System] Tick Logger A
[System] Tick Logger B
[System] Tick Logger A
[System] Tick Logger B
[System] Tick Logger A
[System] Tick Logger B
[System] Tick Logger A
[System] Tick Logger B
[System] Tick Logger A
[System] Tick Logger B
[System] Tick Logger A
[System] Tick Logger B
[System] Tick Logger A
[System] Tick Logger B
[System] Tick Logger A
[System] Tick Logger B
[System] Tick Logger A
[System] Tick Logger B
[System] Tick Logger A
[System] Tick Logger B
[System] Tick Logger A
[System] Tick Logger B
[System] Tick Logger A
[System] Tick Logger B
[System] Tick Logger A
[System] Tick Logger B
[System] Tick Logger A
[System] Tick Logger B
[System] Tick Logger A
[System] Tick Logger B
[System] Tick Logger A
[System] Tick Logger B
[System] Tick Logger A
[System] Tick Logger B
[System] Tick Logger A
[System] Tick Logger B
[System] Tick Logger A
[System] Tick Logger B
[System] Tick Logger A
[System] Tick Logger B
[System] Tick Logger A
[System] Tick Logger B
[System] Tick Logger A
[System] Tick Logger B
[System] Tick Logger A
[System] Tick Logger B
[System] Tick Logger A
[System] Tick Logger B
[System] Tick Logger A
[System] Tick Logger B
[System] Tick Logger A
[System] Tick Logger B
[System] Tick Logger A
[System] Tick Logger B
[Physics] tick=4860 ents=12 hasDyn=12 types(d/k)=12/0 null=0 yRange=[0.208,0.865] yDyn0=0.809 pendingDestroy=0
[System] Tick Logger A
[System] Tick Logger B
[System] Tick Logger A
[System] Tick Logger B
[System] Tick Logger A
[System] Tick Logger B
[System] Tick Logger A
[System] Tick Logger B
[System] Tick Logger A
[System] Tick Logger B
[System] Tick Logger A
[System] Tick Logger B
[System] Tick Logger A
[System] Tick Logger B
[System] Tick Logger A
[System] Tick Logger B
[System] Tick Logger A
[System] Tick Logger B
[System] Tick Logger A
[System] Tick Logger B
[System] Tick Logger A
[System] Tick Logger B
[System] Tick Logger A
[System] Tick Logger B
[System] Tick Logger A
[System] Tick Logger B
[System] Tick Logger A
[System] Tick Logger B
[System] Tick Logger A
[System] Tick Logger B
[System] Tick Logger A
[System] Tick Logger B
[System] Tick Logger A
[System] Tick Logger B
[System] Tick Logger A
[System] Tick Logger B
[System] Tick Logger A
[System] Tick Logger B
[System] Tick Logger A
[System] Tick Logger B
[System] Tick Logger A
[System] Tick Logger B
[System] Tick Logger A
[System] Tick Logger B
[System] Tick Logger A
[System] Tick Logger B
[System] Tick Logger A
[System] Tick Logger B
[System] Tick Logger A
[System] Tick Logger B
[System] Tick Logger A
[System] Tick Logger B
[System] Tick Logger A
[System] Tick Logger B
[System] Tick Logger A
[System] Tick Logger B
[System] Tick Logger A
[System] Tick Logger B
[System] Tick Logger A
[System] Tick Logger B
[System] Tick Logger A
[System] Tick Logger B
[System] Tick Logger A
[System] Tick Logger B
[System] Tick Logger A
[System] Tick Logger B
[System] Tick Logger A
[System] Tick Logger B
[System] Tick Logger A
[System] Tick Logger B
[System] Tick Logger A
[System] Tick Logger B
[System] Tick Logger A
[System] Tick Logger B
[System] Tick Logger A
[System] Tick Logger B
[System] Tick Logger A
[System] Tick Logger B
[System] Tick Logger A
[System] Tick Logger B
[System] Tick Logger A
[System] Tick Logger B
[System] Tick Logger A
[System] Tick Logger B
[System] Tick Logger A
[System] Tick Logger B
[System] Tick Logger A
[System] Tick Logger B
[System] Tick Logger A
[System] Tick Logger B
[System] Tick Logger A
[System] Tick Logger B
[System] Tick Logger A
[System] Tick Logger B
[System] Tick Logger A
[System] Tick Logger B
[System] Tick Logger A
[System] Tick Logger B
[System] Tick Logger A
[System] Tick Logger B
[System] Tick Logger A
[System] Tick Logger B
[System] Tick Logger A
[System] Tick Logger B
[System] Tick Logger A
[System] Tick Logger B
[System] Tick Logger A
[System] Tick Logger B
[System] Tick Logger A
[System] Tick Logger B
[System] Tick Logger A
[System] Tick Logger B
[System] Tick Logger A
[System] Tick Logger B
[System] Tick Logger A
[System] Tick Logger B
[System] Tick Logger A
[System] Tick Logger B
[System] Tick Logger A
[System] Tick Logger B
[Physics] tick=4920 ents=12 hasDyn=12 types(d/k)=12/0 null=0 yRange=[0.208,0.865] yDyn0=0.809 pendingDestroy=0
[System] Tick Logger A
[System] Tick Logger B
[System] Tick Logger A
[System] Tick Logger B
[System] Tick Logger A
[System] Tick Logger B
[System] Tick Logger A
[System] Tick Logger B
[System] Tick Logger A
[System] Tick Logger B
[System] Tick Logger A
[System] Tick Logger B
[System] Tick Logger A
[System] Tick Logger B
[System] Tick Logger A
[System] Tick Logger B
[System] Tick Logger A
[System] Tick Logger B
[System] Tick Logger A
[System] Tick Logger B
[soccer] id7 pos=(1.31,-2.60) bodyvel=(-1.22,1.12) desired=(-0.77,0.92) force=(616.3,-275.4) round=0/0 phase=1
[System] Tick Logger A
[System] Tick Logger B
[System] Tick Logger A
[System] Tick Logger B
[System] Tick Logger A
[System] Tick Logger B
[System] Tick Logger A
[System] Tick Logger B
[System] Tick Logger A
[System] Tick Logger B
[System] Tick Logger A
[System] Tick Logger B
[System] Tick Logger A
[System] Tick Logger B
[System] Tick Logger A
[System] Tick Logger B
[System] Tick Logger A
[System] Tick Logger B
[System] Tick Logger A
[System] Tick Logger B
[System] Tick Logger A
[System] Tick Logger B
[System] Tick Logger A
[System] Tick Logger B
[System] Tick Logger A
[System] Tick Logger B
[System] Tick Logger A
[System] Tick Logger B
[System] Tick Logger A
[System] Tick Logger B
[System] Tick Logger A
[System] Tick Logger B
[System] Tick Logger A
[System] Tick Logger B
[System] Tick Logger A
[System] Tick Logger B
[System] Tick Logger A
[System] Tick Logger B
[System] Tick Logger A
[System] Tick Logger B
[System] Tick Logger A
[System] Tick Logger B
[System] Tick Logger A
[System] Tick Logger B
[System] Tick Logger A
[System] Tick Logger B
[System] Tick Logger A
[System] Tick Logger B
[System] Tick Logger A
[System] Tick Logger B
[System] Tick Logger A
[System] Tick Logger B
[System] Tick Logger A
[System] Tick Logger B
[System] Tick Logger A
[System] Tick Logger B
[System] Tick Logger A
[System] Tick Logger B
[System] Tick Logger A
[System] Tick Logger B
[System] Tick Logger A
[System] Tick Logger B
[System] Tick Logger A
[System] Tick Logger B
[System] Tick Logger A
[System] Tick Logger B
[System] Tick Logger A
[System] Tick Logger B
[System] Tick Logger A
[System] Tick Logger B
[System] Tick Logger A
[System] Tick Logger B
[System] Tick Logger A
[System] Tick Logger B
[System] Tick Logger A
[System] Tick Logger B
[System] Tick Logger A
[System] Tick Logger B
[System] Tick Logger A
[System] Tick Logger B
[System] Tick Logger A
[System] Tick Logger B
[System] Tick Logger A
[System] Tick Logger B
[System] Tick Logger A
[System] Tick Logger B
[System] Tick Logger A
[System] Tick Logger B
[System] Tick Logger A
[System] Tick Logger B
[System] Tick Logger A
[System] Tick Logger B
[System] Tick Logger A
[System] Tick Logger B
[System] Tick Logger A
[System] Tick Logger B
[System] Tick Logger A
[System] Tick Logger B
[System] Tick Logger A
[System] Tick Logger B
[Physics] tick=4980 ents=12 hasDyn=12 types(d/k)=12/0 null=0 yRange=[0.208,0.865] yDyn0=0.809 pendingDestroy=0
[System] Tick Logger A
[System] Tick Logger B
[System] Tick Logger A
[System] Tick Logger B
[System] Tick Logger A
[System] Tick Logger B
[System] Tick Logger A
[System] Tick Logger B
[System] Tick Logger A
[System] Tick Logger B
[System] Tick Logger A
[System] Tick Logger B
[System] Tick Logger A
[System] Tick Logger B
[System] Tick Logger A
[System] Tick Logger B
[System] Tick Logger A
[System] Tick Logger B
[System] Tick Logger A
[System] Tick Logger B
[System] Tick Logger A
[System] Tick Logger B
[System] Tick Logger A
[System] Tick Logger B
[System] Tick Logger A
[System] Tick Logger B
[System] Tick Logger A
[System] Tick Logger B
[System] Tick Logger A
[System] Tick Logger B
[System] Tick Logger A
[System] Tick Logger B
[System] Tick Logger A
[System] Tick Logger B
[System] Tick Logger A
[System] Tick Logger B
[System] Tick Logger A
[System] Tick Logger B
[System] Tick Logger A
[System] Tick Logger B
[System] Tick Logger A
[System] Tick Logger B
[System] Tick Logger A
[System] Tick Logger B
[System] Tick Logger A
[System] Tick Logger B
[System] Tick Logger A
[System] Tick Logger B
[System] Tick Logger A
[System] Tick Logger B
[System] Tick Logger A
[System] Tick Logger B
[System] Tick Logger A
[System] Tick Logger B
[System] Tick Logger A
[System] Tick Logger B
[System] Tick Logger A
[System] Tick Logger B
[System] Tick Logger A
[System] Tick Logger B
[System] Tick Logger A
[System] Tick Logger B
[System] Tick Logger A
[System] Tick Logger B
[System] Tick Logger A
[System] Tick Logger B
[System] Tick Logger A
[System] Tick Logger B
[System] Tick Logger A
[System] Tick Logger B
[System] Tick Logger A
[System] Tick Logger B
[System] Tick Logger A
[System] Tick Logger B
[System] Tick Logger A
[System] Tick Logger B
[System] Tick Logger A
[System] Tick Logger B
[System] Tick Logger A
[System] Tick Logger B
[System] Tick Logger A
[System] Tick Logger B
[System] Tick Logger A
[System] Tick Logger B
[System] Tick Logger A
[System] Tick Logger B
[System] Tick Logger A
[System] Tick Logger B
[System] Tick Logger A
[System] Tick Logger B
[System] Tick Logger A
[System] Tick Logger B
[System] Tick Logger A
[System] Tick Logger B
[System] Tick Logger A
[System] Tick Logger B
[System] Tick Logger A
[System] Tick Logger B
[System] Tick Logger A
[System] Tick Logger B
[System] Tick Logger A
[System] Tick Logger B
[System] Tick Logger A
[System] Tick Logger B
[System] Tick Logger A
[System] Tick Logger B
[System] Tick Logger A
[System] Tick Logger B
[System] Tick Logger A
[System] Tick Logger B
[System] Tick Logger A
[System] Tick Logger B
[System] Tick Logger A
[System] Tick Logger B
[System] Tick Logger A
[System] Tick Logger B
[System] Tick Logger A
[System] Tick Logger B
[System] Tick Logger A
[System] Tick Logger B
[Physics] tick=5040 ents=12 hasDyn=12 types(d/k)=12/0 null=0 yRange=[0.208,0.865] yDyn0=0.809 pendingDestroy=0
[System] Tick Logger A
[System] Tick Logger B
[System] Tick Logger A
[System] Tick Logger B
[System] Tick Logger A
[System] Tick Logger B
[System] Tick Logger A
[System] Tick Logger B
[System] Tick Logger A
[System] Tick Logger B
[System] Tick Logger A
[System] Tick Logger B
[System] Tick Logger A
[System] Tick Logger B
[System] Tick Logger A
[System] Tick Logger B
[System] Tick Logger A
[System] Tick Logger B
[System] Tick Logger A
[System] Tick Logger B
[System] Tick Logger A
[System] Tick Logger B
[System] Tick Logger A
[System] Tick Logger B
[System] Tick Logger A
[System] Tick Logger B
[System] Tick Logger A
[System] Tick Logger B
[System] Tick Logger A
[System] Tick Logger B
[System] Tick Logger A
[System] Tick Logger B
[System] Tick Logger A
[System] Tick Logger B
[System] Tick Logger A
[System] Tick Logger B
[System] Tick Logger A
[System] Tick Logger B
[System] Tick Logger A
[System] Tick Logger B
[System] Tick Logger A
[System] Tick Logger B
[System] Tick Logger A
[System] Tick Logger B
[System] Tick Logger A
[System] Tick Logger B
[System] Tick Logger A
[System] Tick Logger B
[System] Tick Logger A
[System] Tick Logger B
[System] Tick Logger A
[System] Tick Logger B
[System] Tick Logger A
[System] Tick Logger B
[System] Tick Logger A
[System] Tick Logger B
[System] Tick Logger A
[System] Tick Logger B
[System] Tick Logger A
[System] Tick Logger B
[System] Tick Logger A
[System] Tick Logger B
[System] Tick Logger A
[System] Tick Logger B
[System] Tick Logger A
[System] Tick Logger B
[System] Tick Logger A
[System] Tick Logger B
[System] Tick Logger A
[System] Tick Logger B
[System] Tick Logger A
[System] Tick Logger B
[System] Tick Logger A
[System] Tick Logger B
[System] Tick Logger A
[System] Tick Logger B
[System] Tick Logger A
[System] Tick Logger B
[System] Tick Logger A
[System] Tick Logger B
[System] Tick Logger A
[System] Tick Logger B
[System] Tick Logger A
[System] Tick Logger B
[System] Tick Logger A
[System] Tick Logger B
[System] Tick Logger A
[System] Tick Logger B
[System] Tick Logger A
[System] Tick Logger B
[System] Tick Logger A
[System] Tick Logger B
[System] Tick Logger A
[System] Tick Logger B
[System] Tick Logger A
[System] Tick Logger B
[System] Tick Logger A
[System] Tick Logger B
[System] Tick Logger A
[System] Tick Logger B
[System] Tick Logger A
[System] Tick Logger B
[System] Tick Logger A
[System] Tick Logger B
[System] Tick Logger A
[System] Tick Logger B
[System] Tick Logger A
[System] Tick Logger B
[System] Tick Logger A
[System] Tick Logger B
[System] Tick Logger A
[System] Tick Logger B
[System] Tick Logger A
[System] Tick Logger B
[System] Tick Logger A
[System] Tick Logger B
[System] Tick Logger A
[System] Tick Logger B
[System] Tick Logger A
[System] Tick Logger B
[Physics] tick=5100 ents=12 hasDyn=12 types(d/k)=12/0 null=0 yRange=[0.209,0.865] yDyn0=0.809 pendingDestroy=0
[System] Tick Logger A
[System] Tick Logger B
[System] Tick Logger A
[System] Tick Logger B
[System] Tick Logger A
[System] Tick Logger B
[System] Tick Logger A
[System] Tick Logger B
[System] Tick Logger A
[System] Tick Logger B
[System] Tick Logger A
[System] Tick Logger B
[System] Tick Logger A
[System] Tick Logger B
[System] Tick Logger A
[System] Tick Logger B
[System] Tick Logger A
[System] Tick Logger B
[System] Tick Logger A
[System] Tick Logger B
[System] Tick Logger A
[System] Tick Logger B
[System] Tick Logger A
[System] Tick Logger B
[System] Tick Logger A
[System] Tick Logger B
[System] Tick Logger A
[System] Tick Logger B
[System] Tick Logger A
[System] Tick Logger B
[System] Tick Logger A
[System] Tick Logger B
[System] Tick Logger A
[System] Tick Logger B
[System] Tick Logger A
[System] Tick Logger B
[System] Tick Logger A
[System] Tick Logger B
[System] Tick Logger A
[System] Tick Logger B
[System] Tick Logger A
[System] Tick Logger B
[System] Tick Logger A
[System] Tick Logger B
[System] Tick Logger A
[System] Tick Logger B
[System] Tick Logger A
[System] Tick Logger B
[System] Tick Logger A
[System] Tick Logger B
[System] Tick Logger A
[System] Tick Logger B
[System] Tick Logger A
[System] Tick Logger B
[System] Tick Logger A
[System] Tick Logger B
[System] Tick Logger A
[System] Tick Logger B
[System] Tick Logger A
[System] Tick Logger B
[System] Tick Logger A
[System] Tick Logger B
[System] Tick Logger A
[System] Tick Logger B
[System] Tick Logger A
[System] Tick Logger B
[System] Tick Logger A
[System] Tick Logger B
[System] Tick Logger A
[System] Tick Logger B
[System] Tick Logger A
[System] Tick Logger B
[System] Tick Logger A
[System] Tick Logger B
[System] Tick Logger A
[System] Tick Logger B
[System] Tick Logger A
[System] Tick Logger B
[System] Tick Logger A
[System] Tick Logger B
[System] Tick Logger A
[System] Tick Logger B
[System] Tick Logger A
[System] Tick Logger B
[System] Tick Logger A
[System] Tick Logger B
[System] Tick Logger A
[System] Tick Logger B
[System] Tick Logger A
[System] Tick Logger B
[System] Tick Logger A
[System] Tick Logger B
[System] Tick Logger A
[System] Tick Logger B
[System] Tick Logger A
[System] Tick Logger B
[System] Tick Logger A
[System] Tick Logger B
[System] Tick Logger A
[System] Tick Logger B
[System] Tick Logger A
[System] Tick Logger B
[System] Tick Logger A
[System] Tick Logger B
[System] Tick Logger A
[System] Tick Logger B
[System] Tick Logger A
[System] Tick Logger B
[System] Tick Logger A
[System] Tick Logger B
[System] Tick Logger A
[System] Tick Logger B
[System] Tick Logger A
[System] Tick Logger B
[System] Tick Logger A
[System] Tick Logger B
[System] Tick Logger A
[System] Tick Logger B
[System] Tick Logger A
[System] Tick Logger B
[Physics] tick=5160 ents=12 hasDyn=12 types(d/k)=12/0 null=0 yRange=[0.210,0.865] yDyn0=0.809 pendingDestroy=0
[System] Tick Logger A
[System] Tick Logger B
[System] Tick Logger A
[System] Tick Logger B
[System] Tick Logger A
[System] Tick Logger B
[System] Tick Logger A
[System] Tick Logger B
[System] Tick Logger A
[System] Tick Logger B
[System] Tick Logger A
[System] Tick Logger B
[System] Tick Logger A
[System] Tick Logger B
[System] Tick Logger A
[System] Tick Logger B
[System] Tick Logger A
[System] Tick Logger B
[System] Tick Logger A
[System] Tick Logger B
[System] Tick Logger A
[System] Tick Logger B
[System] Tick Logger A
[System] Tick Logger B
[System] Tick Logger A
[System] Tick Logger B
[System] Tick Logger A
[System] Tick Logger B
[System] Tick Logger A
[System] Tick Logger B
[System] Tick Logger A
[System] Tick Logger B
[System] Tick Logger A
[System] Tick Logger B
[System] Tick Logger A
[System] Tick Logger B
[System] Tick Logger A
[System] Tick Logger B
[System] Tick Logger A
[System] Tick Logger B
[System] Tick Logger A
[System] Tick Logger B
[System] Tick Logger A
[System] Tick Logger B
[System] Tick Logger A
[System] Tick Logger B
[System] Tick Logger A
[System] Tick Logger B
[System] Tick Logger A
[System] Tick Logger B
[System] Tick Logger A
[System] Tick Logger B
[System] Tick Logger A
[System] Tick Logger B
[System] Tick Logger A
[System] Tick Logger B
[System] Tick Logger A
[System] Tick Logger B
[System] Tick Logger A
[System] Tick Logger B
[System] Tick Logger A
[System] Tick Logger B
[System] Tick Logger A
[System] Tick Logger B
[System] Tick Logger A
[System] Tick Logger B
[System] Tick Logger A
[System] Tick Logger B
[System] Tick Logger A
[System] Tick Logger B
[System] Tick Logger A
[System] Tick Logger B
[System] Tick Logger A
[System] Tick Logger B
[System] Tick Logger A
[System] Tick Logger B
[System] Tick Logger A
[System] Tick Logger B
[System] Tick Logger A
[System] Tick Logger B
[System] Tick Logger A
[System] Tick Logger B
[System] Tick Logger A
[System] Tick Logger B
[System] Tick Logger A
[System] Tick Logger B
[System] Tick Logger A
[System] Tick Logger B
[System] Tick Logger A
[System] Tick Logger B
[System] Tick Logger A
[System] Tick Logger B
[System] Tick Logger A
[System] Tick Logger B
[System] Tick Logger A
[System] Tick Logger B
[System] Tick Logger A
[System] Tick Logger B
[System] Tick Logger A
[System] Tick Logger B
[System] Tick Logger A
[System] Tick Logger B
[System] Tick Logger A
[System] Tick Logger B
[System] Tick Logger A
[System] Tick Logger B
[System] Tick Logger A
[System] Tick Logger B
[System] Tick Logger A
[System] Tick Logger B
[System] Tick Logger A
[System] Tick Logger B
[System] Tick Logger A
[System] Tick Logger B
[System] Tick Logger A
[System] Tick Logger B
[System] Tick Logger A
[System] Tick Logger B
[System] Tick Logger A
[System] Tick Logger B
[Physics] tick=5220 ents=12 hasDyn=12 types(d/k)=12/0 null=0 yRange=[0.210,0.865] yDyn0=0.809 pendingDestroy=0
[System] Tick Logger A
[System] Tick Logger B
[System] Tick Logger A
[System] Tick Logger B
[System] Tick Logger A
[System] Tick Logger B
[System] Tick Logger A
[System] Tick Logger B
[System] Tick Logger A
[System] Tick Logger B
[System] Tick Logger A
[System] Tick Logger B
[System] Tick Logger A
[System] Tick Logger B
[System] Tick Logger A
[System] Tick Logger B
[System] Tick Logger A
[System] Tick Logger B
[System] Tick Logger A
[System] Tick Logger B
[System] Tick Logger A
[System] Tick Logger B
[System] Tick Logger A
[System] Tick Logger B
[System] Tick Logger A
[System] Tick Logger B
[System] Tick Logger A
[System] Tick Logger B
[System] Tick Logger A
[System] Tick Logger B
[System] Tick Logger A
[System] Tick Logger B
[System] Tick Logger A
[System] Tick Logger B
[System] Tick Logger A
[System] Tick Logger B
[System] Tick Logger A
[System] Tick Logger B
[System] Tick Logger A
[System] Tick Logger B
[System] Tick Logger A
[System] Tick Logger B
[System] Tick Logger A
[System] Tick Logger B
[System] Tick Logger A
[System] Tick Logger B
[System] Tick Logger A
[System] Tick Logger B
[System] Tick Logger A
[System] Tick Logger B
[System] Tick Logger A
[System] Tick Logger B
[System] Tick Logger A
[System] Tick Logger B
[System] Tick Logger A
[System] Tick Logger B
[System] Tick Logger A
[System] Tick Logger B
[System] Tick Logger A
[System] Tick Logger B
[System] Tick Logger A
[System] Tick Logger B
[System] Tick Logger A
[System] Tick Logger B
[System] Tick Logger A
[System] Tick Logger B
[System] Tick Logger A
[System] Tick Logger B
[System] Tick Logger A
[System] Tick Logger B
[System] Tick Logger A
[System] Tick Logger B
[System] Tick Logger A
[System] Tick Logger B
[System] Tick Logger A
[System] Tick Logger B
[System] Tick Logger A
[System] Tick Logger B
[System] Tick Logger A
[System] Tick Logger B
[System] Tick Logger A
[System] Tick Logger B
[System] Tick Logger A
[System] Tick Logger B
[System] Tick Logger A
[System] Tick Logger B
[System] Tick Logger A
[System] Tick Logger B
[System] Tick Logger A
[System] Tick Logger B
[System] Tick Logger A
[System] Tick Logger B
[System] Tick Logger A
[System] Tick Logger B
[System] Tick Logger A
[System] Tick Logger B
[System] Tick Logger A
[System] Tick Logger B
[System] Tick Logger A
[System] Tick Logger B
[System] Tick Logger A
[System] Tick Logger B
[System] Tick Logger A
[System] Tick Logger B
[System] Tick Logger A
[System] Tick Logger B
[System] Tick Logger A
[System] Tick Logger B
[System] Tick Logger A
[System] Tick Logger B
[System] Tick Logger A
[System] Tick Logger B
[System] Tick Logger A
[System] Tick Logger B
[System] Tick Logger A
[System] Tick Logger B
[System] Tick Logger A
[System] Tick Logger B
[System] Tick Logger A
[System] Tick Logger B
[Physics] tick=5280 ents=12 hasDyn=12 types(d/k)=12/0 null=0 yRange=[0.209,0.865] yDyn0=0.809 pendingDestroy=0
[System] Tick Logger A
[System] Tick Logger B
[System] Tick Logger A
[System] Tick Logger B
[System] Tick Logger A
[System] Tick Logger B
[System] Tick Logger A
[System] Tick Logger B
[System] Tick Logger A
[System] Tick Logger B
[System] Tick Logger A
[System] Tick Logger B
[System] Tick Logger A
[System] Tick Logger B
[System] Tick Logger A
[System] Tick Logger B
[soccer] id7 pos=(1.12,-2.53) bodyvel=(-0.68,0.37) desired=(-2.03,5.11) force=(-185.1,649.1) round=0/0 phase=1
[System] Tick Logger A
[System] Tick Logger B
[System] Tick Logger A
[System] Tick Logger B
[System] Tick Logger A
[System] Tick Logger B
[System] Tick Logger A
[System] Tick Logger B
[System] Tick Logger A
[System] Tick Logger B
[System] Tick Logger A
[System] Tick Logger B
[System] Tick Logger A
[System] Tick Logger B
[System] Tick Logger A
[System] Tick Logger B
[System] Tick Logger A
[System] Tick Logger B
[System] Tick Logger A
[System] Tick Logger B
[System] Tick Logger A
[System] Tick Logger B
[System] Tick Logger A
[System] Tick Logger B
[System] Tick Logger A
[System] Tick Logger B
[System] Tick Logger A
[System] Tick Logger B
[System] Tick Logger A
[System] Tick Logger B
[System] Tick Logger A
[System] Tick Logger B
[System] Tick Logger A
[System] Tick Logger B
[System] Tick Logger A
[System] Tick Logger B
[System] Tick Logger A
[System] Tick Logger B
[System] Tick Logger A
[System] Tick Logger B
[System] Tick Logger A
[System] Tick Logger B
[System] Tick Logger A
[System] Tick Logger B
[System] Tick Logger A
[System] Tick Logger B
[System] Tick Logger A
[System] Tick Logger B
[System] Tick Logger A
[System] Tick Logger B
[System] Tick Logger A
[System] Tick Logger B
[System] Tick Logger A
[System] Tick Logger B
[System] Tick Logger A
[System] Tick Logger B
[System] Tick Logger A
[System] Tick Logger B
[System] Tick Logger A
[System] Tick Logger B
[System] Tick Logger A
[System] Tick Logger B
[System] Tick Logger A
[System] Tick Logger B
[System] Tick Logger A
[System] Tick Logger B
[System] Tick Logger A
[System] Tick Logger B
[System] Tick Logger A
[System] Tick Logger B
[System] Tick Logger A
[System] Tick Logger B
[System] Tick Logger A
[System] Tick Logger B
[System] Tick Logger A
[System] Tick Logger B
[System] Tick Logger A
[System] Tick Logger B
[System] Tick Logger A
[System] Tick Logger B
[System] Tick Logger A
[System] Tick Logger B
[System] Tick Logger A
[System] Tick Logger B
[System] Tick Logger A
[System] Tick Logger B
[System] Tick Logger A
[System] Tick Logger B
[System] Tick Logger A
[System] Tick Logger B
[System] Tick Logger A
[System] Tick Logger B
[System] Tick Logger A
[System] Tick Logger B
[System] Tick Logger A
[System] Tick Logger B
[System] Tick Logger A
[System] Tick Logger B
[System] Tick Logger A
[System] Tick Logger B
[System] Tick Logger A
[System] Tick Logger B
[System] Tick Logger A
[System] Tick Logger B
[Physics] tick=5340 ents=12 hasDyn=12 types(d/k)=12/0 null=0 yRange=[0.209,0.865] yDyn0=0.809 pendingDestroy=0
[System] Tick Logger A
[System] Tick Logger B
[System] Tick Logger A
[System] Tick Logger B
[System] Tick Logger A
[System] Tick Logger B
[System] Tick Logger A
[System] Tick Logger B
[System] Tick Logger A
[System] Tick Logger B
[System] Tick Logger A
[System] Tick Logger B
[System] Tick Logger A
[System] Tick Logger B
[System] Tick Logger A
[System] Tick Logger B
[System] Tick Logger A
[System] Tick Logger B
[System] Tick Logger A
[System] Tick Logger B
[System] Tick Logger A
[System] Tick Logger B
[System] Tick Logger A
[System] Tick Logger B
[System] Tick Logger A
[System] Tick Logger B
[System] Tick Logger A
[System] Tick Logger B
[System] Tick Logger A
[System] Tick Logger B
[System] Tick Logger A
[System] Tick Logger B
[System] Tick Logger A
[System] Tick Logger B
[System] Tick Logger A
[System] Tick Logger B
[System] Tick Logger A
[System] Tick Logger B
[System] Tick Logger A
[System] Tick Logger B
[System] Tick Logger A
[System] Tick Logger B
[System] Tick Logger A
[System] Tick Logger B
[System] Tick Logger A
[System] Tick Logger B
[System] Tick Logger A
[System] Tick Logger B
[System] Tick Logger A
[System] Tick Logger B
[System] Tick Logger A
[System] Tick Logger B
[System] Tick Logger A
[System] Tick Logger B
[System] Tick Logger A
[System] Tick Logger B
[System] Tick Logger A
[System] Tick Logger B
[System] Tick Logger A
[System] Tick Logger B
[System] Tick Logger A
[System] Tick Logger B
[System] Tick Logger A
[System] Tick Logger B
[System] Tick Logger A
[System] Tick Logger B
[System] Tick Logger A
[System] Tick Logger B
[System] Tick Logger A
[System] Tick Logger B
[System] Tick Logger A
[System] Tick Logger B
[System] Tick Logger A
[System] Tick Logger B
[System] Tick Logger A
[System] Tick Logger B
[System] Tick Logger A
[System] Tick Logger B
[System] Tick Logger A
[System] Tick Logger B
[System] Tick Logger A
[System] Tick Logger B
[System] Tick Logger A
[System] Tick Logger B
[System] Tick Logger A
[System] Tick Logger B
[System] Tick Logger A
[System] Tick Logger B
[System] Tick Logger A
[System] Tick Logger B
[System] Tick Logger A
[System] Tick Logger B
[System] Tick Logger A
[System] Tick Logger B
[System] Tick Logger A
[System] Tick Logger B
[System] Tick Logger A
[System] Tick Logger B
[System] Tick Logger A
[System] Tick Logger B
[System] Tick Logger A
[System] Tick Logger B
[System] Tick Logger A
[System] Tick Logger B
[System] Tick Logger A
[System] Tick Logger B
[System] Tick Logger A
[System] Tick Logger B
[System] Tick Logger A
[System] Tick Logger B
[System] Tick Logger A
[System] Tick Logger B
[System] Tick Logger A
[System] Tick Logger B
[System] Tick Logger A
[System] Tick Logger B
[System] Tick Logger A
[System] Tick Logger B
[System] Tick Logger A
[System] Tick Logger B
[Physics] tick=5400 ents=12 hasDyn=12 types(d/k)=12/0 null=0 yRange=[0.209,0.865] yDyn0=0.809 pendingDestroy=0
[System] Tick Logger A
[System] Tick Logger B
[System] Tick Logger A
[System] Tick Logger B
[System] Tick Logger A
[System] Tick Logger B
[System] Tick Logger A
[System] Tick Logger B
[System] Tick Logger A
[System] Tick Logger B
[System] Tick Logger A
[System] Tick Logger B
[System] Tick Logger A
[System] Tick Logger B
[System] Tick Logger A
[System] Tick Logger B
[System] Tick Logger A
[System] Tick Logger B
[System] Tick Logger A
[System] Tick Logger B
[System] Tick Logger A
[System] Tick Logger B
[System] Tick Logger A
[System] Tick Logger B
[System] Tick Logger A
[System] Tick Logger B
[System] Tick Logger A
[System] Tick Logger B
[System] Tick Logger A
[System] Tick Logger B
[System] Tick Logger A
[System] Tick Logger B
[System] Tick Logger A
[System] Tick Logger B
[System] Tick Logger A
[System] Tick Logger B
[System] Tick Logger A
[System] Tick Logger B
[System] Tick Logger A
[System] Tick Logger B
[System] Tick Logger A
[System] Tick Logger B
[System] Tick Logger A
[System] Tick Logger B
[System] Tick Logger A
[System] Tick Logger B
[System] Tick Logger A
[System] Tick Logger B
[System] Tick Logger A
[System] Tick Logger B
[System] Tick Logger A
[System] Tick Logger B
[System] Tick Logger A
[System] Tick Logger B
[System] Tick Logger A
[System] Tick Logger B
[System] Tick Logger A
[System] Tick Logger B
[System] Tick Logger A
[System] Tick Logger B
[System] Tick Logger A
[System] Tick Logger B
[System] Tick Logger A
[System] Tick Logger B
[System] Tick Logger A
[System] Tick Logger B
[System] Tick Logger A
[System] Tick Logger B
[System] Tick Logger A
[System] Tick Logger B
[System] Tick Logger A
[System] Tick Logger B
[System] Tick Logger A
[System] Tick Logger B
[System] Tick Logger A
[System] Tick Logger B
[System] Tick Logger A
[System] Tick Logger B
[System] Tick Logger A
[System] Tick Logger B
[System] Tick Logger A
[System] Tick Logger B
[System] Tick Logger A
[System] Tick Logger B
[System] Tick Logger A
[System] Tick Logger B
[System] Tick Logger A
[System] Tick Logger B
[System] Tick Logger A
[System] Tick Logger B
[System] Tick Logger A
[System] Tick Logger B
[System] Tick Logger A
[System] Tick Logger B
[System] Tick Logger A
[System] Tick Logger B
[System] Tick Logger A
[System] Tick Logger B
[System] Tick Logger A
[System] Tick Logger B
[System] Tick Logger A
[System] Tick Logger B
[System] Tick Logger A
[System] Tick Logger B
[System] Tick Logger A
[System] Tick Logger B
[System] Tick Logger A
[System] Tick Logger B
[System] Tick Logger A
[System] Tick Logger B
[System] Tick Logger A
[System] Tick Logger B
[System] Tick Logger A
[System] Tick Logger B
[System] Tick Logger A
[System] Tick Logger B
[System] Tick Logger A
[System] Tick Logger B
[System] Tick Logger A
[System] Tick Logger B
[Physics] tick=5460 ents=12 hasDyn=12 types(d/k)=12/0 null=0 yRange=[0.208,0.865] yDyn0=0.809 pendingDestroy=0
[System] Tick Logger A
[System] Tick Logger B
[System] Tick Logger A
[System] Tick Logger B
[System] Tick Logger A
[System] Tick Logger B
[System] Tick Logger A
[System] Tick Logger B
[System] Tick Logger A
[System] Tick Logger B
[System] Tick Logger A
[System] Tick Logger B
[System] Tick Logger A
[System] Tick Logger B
[System] Tick Logger A
[System] Tick Logger B
[System] Tick Logger A
[System] Tick Logger B
[System] Tick Logger A
[System] Tick Logger B
[System] Tick Logger A
[System] Tick Logger B
[System] Tick Logger A
[System] Tick Logger B
[System] Tick Logger A
[System] Tick Logger B
[System] Tick Logger A
[System] Tick Logger B
[System] Tick Logger A
[System] Tick Logger B
[System] Tick Logger A
[System] Tick Logger B
[System] Tick Logger A
[System] Tick Logger B
[System] Tick Logger A
[System] Tick Logger B
[System] Tick Logger A
[System] Tick Logger B
[System] Tick Logger A
[System] Tick Logger B
[System] Tick Logger A
[System] Tick Logger B
[System] Tick Logger A
[System] Tick Logger B
[System] Tick Logger A
[System] Tick Logger B
[System] Tick Logger A
[System] Tick Logger B
[System] Tick Logger A
[System] Tick Logger B
[System] Tick Logger A
[System] Tick Logger B
[System] Tick Logger A
[System] Tick Logger B
[System] Tick Logger A
[System] Tick Logger B
[System] Tick Logger A
[System] Tick Logger B
[System] Tick Logger A
[System] Tick Logger B
[System] Tick Logger A
[System] Tick Logger B
[System] Tick Logger A
[System] Tick Logger B
[System] Tick Logger A
[System] Tick Logger B
[System] Tick Logger A
[System] Tick Logger B
[System] Tick Logger A
[System] Tick Logger B
[System] Tick Logger A
[System] Tick Logger B
[System] Tick Logger A
[System] Tick Logger B
[System] Tick Logger A
[System] Tick Logger B
[System] Tick Logger A
[System] Tick Logger B
[System] Tick Logger A
[System] Tick Logger B
[System] Tick Logger A
[System] Tick Logger B
[System] Tick Logger A
[System] Tick Logger B
[System] Tick Logger A
[System] Tick Logger B
[System] Tick Logger A
[System] Tick Logger B
[System] Tick Logger A
[System] Tick Logger B
[System] Tick Logger A
[System] Tick Logger B
[System] Tick Logger A
[System] Tick Logger B
[System] Tick Logger A
[System] Tick Logger B
[System] Tick Logger A
[System] Tick Logger B
[System] Tick Logger A
[System] Tick Logger B
[System] Tick Logger A
[System] Tick Logger B
[System] Tick Logger A
[System] Tick Logger B
[System] Tick Logger A
[System] Tick Logger B
[System] Tick Logger A
[System] Tick Logger B
[System] Tick Logger A
[System] Tick Logger B
[System] Tick Logger A
[System] Tick Logger B
[System] Tick Logger A
[System] Tick Logger B
[System] Tick Logger A
[System] Tick Logger B
[System] Tick Logger A
[System] Tick Logger B
[System] Tick Logger A
[System] Tick Logger B
[Physics] tick=5520 ents=12 hasDyn=12 types(d/k)=12/0 null=0 yRange=[0.208,0.865] yDyn0=0.809 pendingDestroy=0
[System] Tick Logger A
[System] Tick Logger B
[System] Tick Logger A
[System] Tick Logger B
[System] Tick Logger A
[System] Tick Logger B
[System] Tick Logger A
[System] Tick Logger B
[System] Tick Logger A
[System] Tick Logger B
[System] Tick Logger A
[System] Tick Logger B
[System] Tick Logger A
[System] Tick Logger B
[System] Tick Logger A
[System] Tick Logger B
[System] Tick Logger A
[System] Tick Logger B
[System] Tick Logger A
[System] Tick Logger B
[System] Tick Logger A
[System] Tick Logger B
[System] Tick Logger A
[System] Tick Logger B
[System] Tick Logger A
[System] Tick Logger B
[System] Tick Logger A
[System] Tick Logger B
[System] Tick Logger A
[System] Tick Logger B
[System] Tick Logger A
[System] Tick Logger B
[System] Tick Logger A
[System] Tick Logger B
[System] Tick Logger A
[System] Tick Logger B
[System] Tick Logger A
[System] Tick Logger B
[System] Tick Logger A
[System] Tick Logger B
[System] Tick Logger A
[System] Tick Logger B
[System] Tick Logger A
[System] Tick Logger B
[System] Tick Logger A
[System] Tick Logger B
[System] Tick Logger A
[System] Tick Logger B
[System] Tick Logger A
[System] Tick Logger B
[System] Tick Logger A
[System] Tick Logger B
[System] Tick Logger A
[System] Tick Logger B
[System] Tick Logger A
[System] Tick Logger B
[System] Tick Logger A
[System] Tick Logger B
[System] Tick Logger A
[System] Tick Logger B
[System] Tick Logger A
[System] Tick Logger B
[System] Tick Logger A
[System] Tick Logger B
[System] Tick Logger A
[System] Tick Logger B
[System] Tick Logger A
[System] Tick Logger B
[System] Tick Logger A
[System] Tick Logger B
[System] Tick Logger A
[System] Tick Logger B
[System] Tick Logger A
[System] Tick Logger B
[System] Tick Logger A
[System] Tick Logger B
[System] Tick Logger A
[System] Tick Logger B
[System] Tick Logger A
[System] Tick Logger B
[System] Tick Logger A
[System] Tick Logger B
[System] Tick Logger A
[System] Tick Logger B
[System] Tick Logger A
[System] Tick Logger B
[System] Tick Logger A
[System] Tick Logger B
[System] Tick Logger A
[System] Tick Logger B
[System] Tick Logger A
[System] Tick Logger B
[System] Tick Logger A
[System] Tick Logger B
[System] Tick Logger A
[System] Tick Logger B
[System] Tick Logger A
[System] Tick Logger B
[System] Tick Logger A
[System] Tick Logger B
[System] Tick Logger A
[System] Tick Logger B
[System] Tick Logger A
[System] Tick Logger B
[System] Tick Logger A
[System] Tick Logger B
[System] Tick Logger A
[System] Tick Logger B
[System] Tick Logger A
[System] Tick Logger B
[System] Tick Logger A
[System] Tick Logger B
[System] Tick Logger A
[System] Tick Logger B
[System] Tick Logger A
[System] Tick Logger B
[System] Tick Logger A
[System] Tick Logger B
[System] Tick Logger A
[System] Tick Logger B
[Physics] tick=5580 ents=12 hasDyn=12 types(d/k)=12/0 null=0 yRange=[0.209,0.865] yDyn0=0.809 pendingDestroy=0
[System] Tick Logger A
[System] Tick Logger B
[System] Tick Logger A
[System] Tick Logger B
[System] Tick Logger A
[System] Tick Logger B
[System] Tick Logger A
[System] Tick Logger B
[System] Tick Logger A
[System] Tick Logger B
[System] Tick Logger A
[System] Tick Logger B
[System] Tick Logger A
[System] Tick Logger B
[System] Tick Logger A
[System] Tick Logger B
[System] Tick Logger A
[System] Tick Logger B
[System] Tick Logger A
[System] Tick Logger B
[System] Tick Logger A
[System] Tick Logger B
[System] Tick Logger A
[System] Tick Logger B
[System] Tick Logger A
[System] Tick Logger B
[System] Tick Logger A
[System] Tick Logger B
[System] Tick Logger A
[System] Tick Logger B
[System] Tick Logger A
[System] Tick Logger B
[System] Tick Logger A
[System] Tick Logger B
[System] Tick Logger A
[System] Tick Logger B
[System] Tick Logger A
[System] Tick Logger B
[System] Tick Logger A
[System] Tick Logger B
[System] Tick Logger A
[System] Tick Logger B
[System] Tick Logger A
[System] Tick Logger B
[System] Tick Logger A
[System] Tick Logger B
[System] Tick Logger A
[System] Tick Logger B
[System] Tick Logger A
[System] Tick Logger B
[System] Tick Logger A
[System] Tick Logger B
[System] Tick Logger A
[System] Tick Logger B
[System] Tick Logger A
[System] Tick Logger B
[System] Tick Logger A
[System] Tick Logger B
[System] Tick Logger A
[System] Tick Logger B
[System] Tick Logger A
[System] Tick Logger B
[System] Tick Logger A
[System] Tick Logger B
[System] Tick Logger A
[System] Tick Logger B
[System] Tick Logger A
[System] Tick Logger B
[System] Tick Logger A
[System] Tick Logger B
[System] Tick Logger A
[System] Tick Logger B
[System] Tick Logger A
[System] Tick Logger B
[System] Tick Logger A
[System] Tick Logger B
[System] Tick Logger A
[System] Tick Logger B
[System] Tick Logger A
[System] Tick Logger B
[System] Tick Logger A
[System] Tick Logger B
[System] Tick Logger A
[System] Tick Logger B
[System] Tick Logger A
[System] Tick Logger B
[System] Tick Logger A
[System] Tick Logger B
[System] Tick Logger A
[System] Tick Logger B
[System] Tick Logger A
[System] Tick Logger B
[System] Tick Logger A
[System] Tick Logger B
[System] Tick Logger A
[System] Tick Logger B
[System] Tick Logger A
[System] Tick Logger B
[System] Tick Logger A
[System] Tick Logger B
[System] Tick Logger A
[System] Tick Logger B
[System] Tick Logger A
[System] Tick Logger B
[System] Tick Logger A
[System] Tick Logger B
[System] Tick Logger A
[System] Tick Logger B
[System] Tick Logger A
[System] Tick Logger B
[System] Tick Logger A
[System] Tick Logger B
[System] Tick Logger A
[System] Tick Logger B
[System] Tick Logger A
[System] Tick Logger B
[System] Tick Logger A
[System] Tick Logger B
[System] Tick Logger A
[System] Tick Logger B
[Physics] tick=5640 ents=12 hasDyn=12 types(d/k)=12/0 null=0 yRange=[0.210,0.865] yDyn0=0.809 pendingDestroy=0
[System] Tick Logger A
[System] Tick Logger B
[System] Tick Logger A
[System] Tick Logger B
[System] Tick Logger A
[System] Tick Logger B
[System] Tick Logger A
[System] Tick Logger B
[System] Tick Logger A
[System] Tick Logger B
[soccer] id7 pos=(0.82,-2.06) bodyvel=(-1.18,0.32) desired=(-5.20,-1.80) force=(-596.6,-315.8) round=0/0 phase=1
[System] Tick Logger A
[System] Tick Logger B
[System] Tick Logger A
[System] Tick Logger B
[System] Tick Logger A
[System] Tick Logger B
[System] Tick Logger A
[System] Tick Logger B
[System] Tick Logger A
[System] Tick Logger B
[System] Tick Logger A
[System] Tick Logger B
[System] Tick Logger A
[System] Tick Logger B
[System] Tick Logger A
[System] Tick Logger B
[System] Tick Logger A
[System] Tick Logger B
[System] Tick Logger A
[System] Tick Logger B
[System] Tick Logger A
[System] Tick Logger B
[System] Tick Logger A
[System] Tick Logger B
[System] Tick Logger A
[System] Tick Logger B
[System] Tick Logger A
[System] Tick Logger B
[System] Tick Logger A
[System] Tick Logger B
[System] Tick Logger A
[System] Tick Logger B
[System] Tick Logger A
[System] Tick Logger B
[System] Tick Logger A
[System] Tick Logger B
[System] Tick Logger A
[System] Tick Logger B
[System] Tick Logger A
[System] Tick Logger B
[System] Tick Logger A
[System] Tick Logger B
[System] Tick Logger A
[System] Tick Logger B
[System] Tick Logger A
[System] Tick Logger B
[System] Tick Logger A
[System] Tick Logger B
[System] Tick Logger A
[System] Tick Logger B
[System] Tick Logger A
[System] Tick Logger B
[System] Tick Logger A
[System] Tick Logger B
[System] Tick Logger A
[System] Tick Logger B
[System] Tick Logger A
[System] Tick Logger B
[System] Tick Logger A
[System] Tick Logger B
[System] Tick Logger A
[System] Tick Logger B
[System] Tick Logger A
[System] Tick Logger B
[System] Tick Logger A
[System] Tick Logger B
[System] Tick Logger A
[System] Tick Logger B
[System] Tick Logger A
[System] Tick Logger B
[System] Tick Logger A
[System] Tick Logger B
[System] Tick Logger A
[System] Tick Logger B
[System] Tick Logger A
[System] Tick Logger B
[System] Tick Logger A
[System] Tick Logger B
[System] Tick Logger A
[System] Tick Logger B
[System] Tick Logger A
[System] Tick Logger B
[System] Tick Logger A
[System] Tick Logger B
[System] Tick Logger A
[System] Tick Logger B
[System] Tick Logger A
[System] Tick Logger B
[System] Tick Logger A
[System] Tick Logger B
[System] Tick Logger A
[System] Tick Logger B
[System] Tick Logger A
[System] Tick Logger B
[System] Tick Logger A
[System] Tick Logger B
[System] Tick Logger A
[System] Tick Logger B
[System] Tick Logger A
[System] Tick Logger B
[System] Tick Logger A
[System] Tick Logger B
[System] Tick Logger A
[System] Tick Logger B
[System] Tick Logger A
[System] Tick Logger B
[System] Tick Logger A
[System] Tick Logger B
[System] Tick Logger A
[System] Tick Logger B
[Physics] tick=5700 ents=12 hasDyn=12 types(d/k)=12/0 null=0 yRange=[0.210,0.865] yDyn0=0.809 pendingDestroy=0
[System] Tick Logger A
[System] Tick Logger B
[System] Tick Logger A
[System] Tick Logger B
[System] Tick Logger A
[System] Tick Logger B
[System] Tick Logger A
[System] Tick Logger B
[System] Tick Logger A
[System] Tick Logger B
[System] Tick Logger A
[System] Tick Logger B
[System] Tick Logger A
[System] Tick Logger B
[System] Tick Logger A
[System] Tick Logger B
[System] Tick Logger A
[System] Tick Logger B
[System] Tick Logger A
[System] Tick Logger B
[System] Tick Logger A
[System] Tick Logger B
[System] Tick Logger A
[System] Tick Logger B
[System] Tick Logger A
[System] Tick Logger B
[System] Tick Logger A
[System] Tick Logger B
[System] Tick Logger A
[System] Tick Logger B
[System] Tick Logger A
[System] Tick Logger B
[System] Tick Logger A
[System] Tick Logger B
[System] Tick Logger A
[System] Tick Logger B
[System] Tick Logger A
[System] Tick Logger B
[System] Tick Logger A
[System] Tick Logger B
[System] Tick Logger A
[System] Tick Logger B
[System] Tick Logger A
[System] Tick Logger B
[System] Tick Logger A
[System] Tick Logger B
[System] Tick Logger A
[System] Tick Logger B
[System] Tick Logger A
[System] Tick Logger B
[System] Tick Logger A
[System] Tick Logger B
[System] Tick Logger A
[System] Tick Logger B
[System] Tick Logger A
[System] Tick Logger B
[System] Tick Logger A
[System] Tick Logger B
[System] Tick Logger A
[System] Tick Logger B
[System] Tick Logger A
[System] Tick Logger B
[System] Tick Logger A
[System] Tick Logger B
[System] Tick Logger A
[System] Tick Logger B
[System] Tick Logger A
[System] Tick Logger B
[System] Tick Logger A
[System] Tick Logger B
[System] Tick Logger A
[System] Tick Logger B
[System] Tick Logger A
[System] Tick Logger B
[System] Tick Logger A
[System] Tick Logger B
[System] Tick Logger A
[System] Tick Logger B
[System] Tick Logger A
[System] Tick Logger B
[System] Tick Logger A
[System] Tick Logger B
[System] Tick Logger A
[System] Tick Logger B
[System] Tick Logger A
[System] Tick Logger B
[System] Tick Logger A
[System] Tick Logger B
[System] Tick Logger A
[System] Tick Logger B
[System] Tick Logger A
[System] Tick Logger B
[System] Tick Logger A
[System] Tick Logger B
[System] Tick Logger A
[System] Tick Logger B
[System] Tick Logger A
[System] Tick Logger B
[System] Tick Logger A
[System] Tick Logger B
[System] Tick Logger A
[System] Tick Logger B
[System] Tick Logger A
[System] Tick Logger B
[System] Tick Logger A
[System] Tick Logger B
[System] Tick Logger A
[System] Tick Logger B
[System] Tick Logger A
[System] Tick Logger B
[System] Tick Logger A
[System] Tick Logger B
[System] Tick Logger A
[System] Tick Logger B
[System] Tick Logger A
[System] Tick Logger B
[System] Tick Logger A
[System] Tick Logger B
[System] Tick Logger A
[System] Tick Logger B
[Physics] tick=5760 ents=12 hasDyn=12 types(d/k)=12/0 null=0 yRange=[0.210,0.865] yDyn0=0.809 pendingDestroy=0
[System] Tick Logger A
[System] Tick Logger B
[System] Tick Logger A
[System] Tick Logger B
[System] Tick Logger A
[System] Tick Logger B
[System] Tick Logger A
[System] Tick Logger B
[System] Tick Logger A
[System] Tick Logger B
[System] Tick Logger A
[System] Tick Logger B
[System] Tick Logger A
[System] Tick Logger B
[System] Tick Logger A
[System] Tick Logger B
[System] Tick Logger A
[System] Tick Logger B
[System] Tick Logger A
[System] Tick Logger B
[System] Tick Logger A
[System] Tick Logger B
[System] Tick Logger A
[System] Tick Logger B
[System] Tick Logger A
[System] Tick Logger B
[System] Tick Logger A
[System] Tick Logger B
[System] Tick Logger A
[System] Tick Logger B
[System] Tick Logger A
[System] Tick Logger B
[System] Tick Logger A
[System] Tick Logger B
[System] Tick Logger A
[System] Tick Logger B
[System] Tick Logger A
[System] Tick Logger B
[System] Tick Logger A
[System] Tick Logger B
[System] Tick Logger A
[System] Tick Logger B
[System] Tick Logger A
[System] Tick Logger B
[System] Tick Logger A
[System] Tick Logger B
[System] Tick Logger A
[System] Tick Logger B
[System] Tick Logger A
[System] Tick Logger B
[System] Tick Logger A
[System] Tick Logger B
[System] Tick Logger A
[System] Tick Logger B
[System] Tick Logger A
[System] Tick Logger B
[System] Tick Logger A
[System] Tick Logger B
[System] Tick Logger A
[System] Tick Logger B
[System] Tick Logger A
[System] Tick Logger B
[System] Tick Logger A
[System] Tick Logger B
[System] Tick Logger A
[System] Tick Logger B
[System] Tick Logger A
[System] Tick Logger B
[System] Tick Logger A
[System] Tick Logger B
[System] Tick Logger A
[System] Tick Logger B
[System] Tick Logger A
[System] Tick Logger B
[System] Tick Logger A
[System] Tick Logger B
[System] Tick Logger A
[System] Tick Logger B
[System] Tick Logger A
[System] Tick Logger B
[System] Tick Logger A
[System] Tick Logger B
[System] Tick Logger A
[System] Tick Logger B
[System] Tick Logger A
[System] Tick Logger B
[System] Tick Logger A
[System] Tick Logger B
[System] Tick Logger A
[System] Tick Logger B
[System] Tick Logger A
[System] Tick Logger B
[System] Tick Logger A
[System] Tick Logger B
[System] Tick Logger A
[System] Tick Logger B
[System] Tick Logger A
[System] Tick Logger B
[System] Tick Logger A
[System] Tick Logger B
[System] Tick Logger A
[System] Tick Logger B
[System] Tick Logger A
[System] Tick Logger B
[System] Tick Logger A
[System] Tick Logger B
[System] Tick Logger A
[System] Tick Logger B
[System] Tick Logger A
[System] Tick Logger B
[System] Tick Logger A
[System] Tick Logger B
[System] Tick Logger A
[System] Tick Logger B
[System] Tick Logger A
[System] Tick Logger B
[System] Tick Logger A
[System] Tick Logger B
[System] Tick Logger A
[System] Tick Logger B
[Physics] tick=5820 ents=12 hasDyn=12 types(d/k)=12/0 null=0 yRange=[0.210,0.865] yDyn0=0.809 pendingDestroy=0
[System] Tick Logger A
[System] Tick Logger B
[System] Tick Logger A
[System] Tick Logger B
[System] Tick Logger A
[System] Tick Logger B
[System] Tick Logger A
[System] Tick Logger B
[System] Tick Logger A
[System] Tick Logger B
[System] Tick Logger A
[System] Tick Logger B
[System] Tick Logger A
[System] Tick Logger B
[System] Tick Logger A
[System] Tick Logger B
[System] Tick Logger A
[System] Tick Logger B
[System] Tick Logger A
[System] Tick Logger B
[System] Tick Logger A
[System] Tick Logger B
[System] Tick Logger A
[System] Tick Logger B
[System] Tick Logger A
[System] Tick Logger B
[System] Tick Logger A
[System] Tick Logger B
[System] Tick Logger A
[System] Tick Logger B
[System] Tick Logger A
[System] Tick Logger B
[System] Tick Logger A
[System] Tick Logger B
[System] Tick Logger A
[System] Tick Logger B
[System] Tick Logger A
[System] Tick Logger B
[System] Tick Logger A
[System] Tick Logger B
[System] Tick Logger A
[System] Tick Logger B
[System] Tick Logger A
[System] Tick Logger B
[System] Tick Logger A
[System] Tick Logger B
[System] Tick Logger A
[System] Tick Logger B
[System] Tick Logger A
[System] Tick Logger B
[System] Tick Logger A
[System] Tick Logger B
[System] Tick Logger A
[System] Tick Logger B
[System] Tick Logger A
[System] Tick Logger B
[System] Tick Logger A
[System] Tick Logger B
[System] Tick Logger A
[System] Tick Logger B
[System] Tick Logger A
[System] Tick Logger B
[System] Tick Logger A
[System] Tick Logger B
[System] Tick Logger A
[System] Tick Logger B
[System] Tick Logger A
[System] Tick Logger B
[System] Tick Logger A
[System] Tick Logger B
[System] Tick Logger A
[System] Tick Logger B
[System] Tick Logger A
[System] Tick Logger B
[System] Tick Logger A
[System] Tick Logger B
[System] Tick Logger A
[System] Tick Logger B
[System] Tick Logger A
[System] Tick Logger B
[System] Tick Logger A
[System] Tick Logger B
[System] Tick Logger A
[System] Tick Logger B
[System] Tick Logger A
[System] Tick Logger B
[System] Tick Logger A
[System] Tick Logger B
[System] Tick Logger A
[System] Tick Logger B
[System] Tick Logger A
[System] Tick Logger B
[System] Tick Logger A
[System] Tick Logger B
[System] Tick Logger A
[System] Tick Logger B
[System] Tick Logger A
[System] Tick Logger B
[System] Tick Logger A
[System] Tick Logger B
[System] Tick Logger A
[System] Tick Logger B
[System] Tick Logger A
[System] Tick Logger B
[System] Tick Logger A
[System] Tick Logger B
[System] Tick Logger A
[System] Tick Logger B
[System] Tick Logger A
[System] Tick Logger B
[System] Tick Logger A
[System] Tick Logger B
[System] Tick Logger A
[System] Tick Logger B
[System] Tick Logger A
[System] Tick Logger B
[System] Tick Logger A
[System] Tick Logger B
[System] Tick Logger A
[System] Tick Logger B
[Physics] tick=5880 ents=12 hasDyn=12 types(d/k)=12/0 null=0 yRange=[0.209,0.865] yDyn0=0.809 pendingDestroy=0
[System] Tick Logger A
[System] Tick Logger B
[System] Tick Logger A
[System] Tick Logger B
[System] Tick Logger A
[System] Tick Logger B
[System] Tick Logger A
[System] Tick Logger B
[System] Tick Logger A
[System] Tick Logger B
[System] Tick Logger A
[System] Tick Logger B
[System] Tick Logger A
[System] Tick Logger B
[System] Tick Logger A
[System] Tick Logger B
[System] Tick Logger A
[System] Tick Logger B
[System] Tick Logger A
[System] Tick Logger B
[System] Tick Logger A
[System] Tick Logger B
[System] Tick Logger A
[System] Tick Logger B
[System] Tick Logger A
[System] Tick Logger B
[System] Tick Logger A
[System] Tick Logger B
[System] Tick Logger A
[System] Tick Logger B
[System] Tick Logger A
[System] Tick Logger B
[System] Tick Logger A
[System] Tick Logger B
[System] Tick Logger A
[System] Tick Logger B
[System] Tick Logger A
[System] Tick Logger B
[System] Tick Logger A
[System] Tick Logger B
[System] Tick Logger A
[System] Tick Logger B
[System] Tick Logger A
[System] Tick Logger B
[System] Tick Logger A
[System] Tick Logger B
[System] Tick Logger A
[System] Tick Logger B
[System] Tick Logger A
[System] Tick Logger B
[System] Tick Logger A
[System] Tick Logger B
[System] Tick Logger A
[System] Tick Logger B
[System] Tick Logger A
[System] Tick Logger B
[System] Tick Logger A
[System] Tick Logger B
[System] Tick Logger A
[System] Tick Logger B
[System] Tick Logger A
[System] Tick Logger B
[System] Tick Logger A
[System] Tick Logger B
[System] Tick Logger A
[System] Tick Logger B
[System] Tick Logger A
[System] Tick Logger B
[System] Tick Logger A
[System] Tick Logger B
[System] Tick Logger A
[System] Tick Logger B
[System] Tick Logger A
[System] Tick Logger B
[System] Tick Logger A
[System] Tick Logger B
[System] Tick Logger A
[System] Tick Logger B
[System] Tick Logger A
[System] Tick Logger B
[System] Tick Logger A
[System] Tick Logger B
[System] Tick Logger A
[System] Tick Logger B
[System] Tick Logger A
[System] Tick Logger B
[System] Tick Logger A
[System] Tick Logger B
[System] Tick Logger A
[System] Tick Logger B
[System] Tick Logger A
[System] Tick Logger B
[System] Tick Logger A
[System] Tick Logger B
[System] Tick Logger A
[System] Tick Logger B
[System] Tick Logger A
[System] Tick Logger B
[System] Tick Logger A
[System] Tick Logger B
[System] Tick Logger A
[System] Tick Logger B
[System] Tick Logger A
[System] Tick Logger B
[System] Tick Logger A
[System] Tick Logger B
[System] Tick Logger A
[System] Tick Logger B
[System] Tick Logger A
[System] Tick Logger B
[System] Tick Logger A
[System] Tick Logger B
[System] Tick Logger A
[System] Tick Logger B
[System] Tick Logger A
[System] Tick Logger B
[System] Tick Logger A
[System] Tick Logger B
[soccer] id7 pos=(0.51,-1.86) bodyvel=(0.06,0.95) desired=(-5.48,-0.50) force=(-653.2,-170.1) round=0/0 phase=1
[System] Tick Logger A
[System] Tick Logger B
[Physics] tick=5940 ents=12 hasDyn=12 types(d/k)=12/0 null=0 yRange=[0.208,0.865] yDyn0=0.809 pendingDestroy=0
[System] Tick Logger A
[System] Tick Logger B
[System] Tick Logger A
[System] Tick Logger B
[System] Tick Logger A
[System] Tick Logger B
[System] Tick Logger A
[System] Tick Logger B
[System] Tick Logger A
[System] Tick Logger B
[System] Tick Logger A
[System] Tick Logger B
[System] Tick Logger A
[System] Tick Logger B
[System] Tick Logger A
[System] Tick Logger B
[System] Tick Logger A
[System] Tick Logger B
[System] Tick Logger A
[System] Tick Logger B
[System] Tick Logger A
[System] Tick Logger B
[System] Tick Logger A
[System] Tick Logger B
[System] Tick Logger A
[System] Tick Logger B
[System] Tick Logger A
[System] Tick Logger B
[System] Tick Logger A
[System] Tick Logger B
[System] Tick Logger A
[System] Tick Logger B
[System] Tick Logger A
[System] Tick Logger B
[System] Tick Logger A
[System] Tick Logger B
[System] Tick Logger A
[System] Tick Logger B
[System] Tick Logger A
[System] Tick Logger B
[System] Tick Logger A
[System] Tick Logger B
[System] Tick Logger A
[System] Tick Logger B
[System] Tick Logger A
[System] Tick Logger B
[System] Tick Logger A
[System] Tick Logger B
[System] Tick Logger A
[System] Tick Logger B
[System] Tick Logger A
[System] Tick Logger B
[System] Tick Logger A
[System] Tick Logger B
[System] Tick Logger A
[System] Tick Logger B
[System] Tick Logger A
[System] Tick Logger B
[System] Tick Logger A
[System] Tick Logger B
[System] Tick Logger A
[System] Tick Logger B
[System] Tick Logger A
[System] Tick Logger B
[System] Tick Logger A
[System] Tick Logger B
[System] Tick Logger A
[System] Tick Logger B
[System] Tick Logger A
[System] Tick Logger B
[System] Tick Logger A
[System] Tick Logger B
[System] Tick Logger A
[System] Tick Logger B
[System] Tick Logger A
[System] Tick Logger B
[System] Tick Logger A
[System] Tick Logger B
[System] Tick Logger A
[System] Tick Logger B
[System] Tick Logger A
[System] Tick Logger B
[System] Tick Logger A
[System] Tick Logger B
[System] Tick Logger A
[System] Tick Logger B
[System] Tick Logger A
[System] Tick Logger B
[System] Tick Logger A
[System] Tick Logger B
[System] Tick Logger A
[System] Tick Logger B
[System] Tick Logger A
[System] Tick Logger B
[System] Tick Logger A
[System] Tick Logger B
[System] Tick Logger A
[System] Tick Logger B
[System] Tick Logger A
[System] Tick Logger B
[System] Tick Logger A
[System] Tick Logger B
[System] Tick Logger A
[System] Tick Logger B
[System] Tick Logger A
[System] Tick Logger B
[System] Tick Logger A
[System] Tick Logger B
[System] Tick Logger A
[System] Tick Logger B
[System] Tick Logger A
[System] Tick Logger B
[System] Tick Logger A
[System] Tick Logger B
[System] Tick Logger A
[System] Tick Logger B
[System] Tick Logger A
[System] Tick Logger B
[System] Tick Logger A
[System] Tick Logger B
[Physics] tick=6000 ents=12 hasDyn=12 types(d/k)=12/0 null=0 yRange=[0.208,0.865] yDyn0=0.809 pendingDestroy=0
[System] Tick Logger A
[System] Tick Logger B
[System] Tick Logger A
[System] Tick Logger B
[System] Tick Logger A
[System] Tick Logger B
[System] Tick Logger A
[System] Tick Logger B
[System] Tick Logger A
[System] Tick Logger B
[System] Tick Logger A
[System] Tick Logger B
[System] Tick Logger A
[System] Tick Logger B
[System] Tick Logger A
[System] Tick Logger B
[System] Tick Logger A
[System] Tick Logger B
[System] Tick Logger A
[System] Tick Logger B
[System] Tick Logger A
[System] Tick Logger B
[System] Tick Logger A
[System] Tick Logger B
[System] Tick Logger A
[System] Tick Logger B
[System] Tick Logger A
[System] Tick Logger B
[System] Tick Logger A
[System] Tick Logger B
[System] Tick Logger A
[System] Tick Logger B
[System] Tick Logger A
[System] Tick Logger B
[System] Tick Logger A
[System] Tick Logger B
[System] Tick Logger A
[System] Tick Logger B
[System] Tick Logger A
[System] Tick Logger B
[System] Tick Logger A
[System] Tick Logger B
[System] Tick Logger A
[System] Tick Logger B
[System] Tick Logger A
[System] Tick Logger B
[System] Tick Logger A
[System] Tick Logger B
[System] Tick Logger A
[System] Tick Logger B
[System] Tick Logger A
[System] Tick Logger B
[System] Tick Logger A
[System] Tick Logger B
[System] Tick Logger A
[System] Tick Logger B
[System] Tick Logger A
[System] Tick Logger B
[System] Tick Logger A
[System] Tick Logger B
[System] Tick Logger A
[System] Tick Logger B
[System] Tick Logger A
[System] Tick Logger B
[System] Tick Logger A
[System] Tick Logger B
[System] Tick Logger A
[System] Tick Logger B
[System] Tick Logger A
[System] Tick Logger B
[System] Tick Logger A
[System] Tick Logger B
[System] Tick Logger A
[System] Tick Logger B
[System] Tick Logger A
[System] Tick Logger B
[System] Tick Logger A
[System] Tick Logger B
[System] Tick Logger A
[System] Tick Logger B
[System] Tick Logger A
[System] Tick Logger B
[System] Tick Logger A
[System] Tick Logger B
[System] Tick Logger A
[System] Tick Logger B
[System] Tick Logger A
[System] Tick Logger B
[System] Tick Logger A
[System] Tick Logger B
[System] Tick Logger A
[System] Tick Logger B
[System] Tick Logger A
[System] Tick Logger B
[System] Tick Logger A
[System] Tick Logger B
[System] Tick Logger A
[System] Tick Logger B
[System] Tick Logger A
[System] Tick Logger B
[System] Tick Logger A
[System] Tick Logger B
[System] Tick Logger A
[System] Tick Logger B
[System] Tick Logger A
[System] Tick Logger B
[System] Tick Logger A
[System] Tick Logger B
[System] Tick Logger A
[System] Tick Logger B
[System] Tick Logger A
[System] Tick Logger B
[System] Tick Logger A
[System] Tick Logger B
[System] Tick Logger A
[System] Tick Logger B
[System] Tick Logger A
[System] Tick Logger B
[System] Tick Logger A
[System] Tick Logger B
[Physics] tick=6060 ents=12 hasDyn=12 types(d/k)=12/0 null=0 yRange=[0.208,0.865] yDyn0=0.809 pendingDestroy=0
[System] Tick Logger A
[System] Tick Logger B
[System] Tick Logger A
[System] Tick Logger B
[System] Tick Logger A
[System] Tick Logger B
[System] Tick Logger A
[System] Tick Logger B
[System] Tick Logger A
[System] Tick Logger B
[System] Tick Logger A
[System] Tick Logger B
[System] Tick Logger A
[System] Tick Logger B
[System] Tick Logger A
[System] Tick Logger B
[System] Tick Logger A
[System] Tick Logger B
[System] Tick Logger A
[System] Tick Logger B
[System] Tick Logger A
[System] Tick Logger B
[System] Tick Logger A
[System] Tick Logger B
[System] Tick Logger A
[System] Tick Logger B
[System] Tick Logger A
[System] Tick Logger B
[System] Tick Logger A
[System] Tick Logger B
[System] Tick Logger A
[System] Tick Logger B
[System] Tick Logger A
[System] Tick Logger B
[System] Tick Logger A
[System] Tick Logger B
[System] Tick Logger A
[System] Tick Logger B
[System] Tick Logger A
[System] Tick Logger B
[System] Tick Logger A
[System] Tick Logger B
[System] Tick Logger A
[System] Tick Logger B
[System] Tick Logger A
[System] Tick Logger B
[System] Tick Logger A
[System] Tick Logger B
[System] Tick Logger A
[System] Tick Logger B
[System] Tick Logger A
[System] Tick Logger B
[System] Tick Logger A
[System] Tick Logger B
[System] Tick Logger A
[System] Tick Logger B
[System] Tick Logger A
[System] Tick Logger B
[System] Tick Logger A
[System] Tick Logger B
[System] Tick Logger A
[System] Tick Logger B
[System] Tick Logger A
[System] Tick Logger B
[System] Tick Logger A
[System] Tick Logger B
[System] Tick Logger A
[System] Tick Logger B
[System] Tick Logger A
[System] Tick Logger B
[System] Tick Logger A
[System] Tick Logger B
[System] Tick Logger A
[System] Tick Logger B
[System] Tick Logger A
[System] Tick Logger B
[System] Tick Logger A
[System] Tick Logger B
[System] Tick Logger A
[System] Tick Logger B
[System] Tick Logger A
[System] Tick Logger B
[System] Tick Logger A
[System] Tick Logger B
[System] Tick Logger A
[System] Tick Logger B
[System] Tick Logger A
[System] Tick Logger B
[System] Tick Logger A
[System] Tick Logger B
[System] Tick Logger A
[System] Tick Logger B
[System] Tick Logger A
[System] Tick Logger B
[System] Tick Logger A
[System] Tick Logger B
[System] Tick Logger A
[System] Tick Logger B
[System] Tick Logger A
[System] Tick Logger B
[System] Tick Logger A
[System] Tick Logger B
[System] Tick Logger A
[System] Tick Logger B
[System] Tick Logger A
[System] Tick Logger B
[System] Tick Logger A
[System] Tick Logger B
[System] Tick Logger A
[System] Tick Logger B
[System] Tick Logger A
[System] Tick Logger B
[System] Tick Logger A
[System] Tick Logger B
[System] Tick Logger A
[System] Tick Logger B
[System] Tick Logger A
[System] Tick Logger B
[System] Tick Logger A
[System] Tick Logger B
[Physics] tick=6120 ents=12 hasDyn=12 types(d/k)=12/0 null=0 yRange=[0.208,0.865] yDyn0=0.809 pendingDestroy=0
[System] Tick Logger A
[System] Tick Logger B
[System] Tick Logger A
[System] Tick Logger B
[System] Tick Logger A
[System] Tick Logger B
[System] Tick Logger A
[System] Tick Logger B
[System] Tick Logger A
[System] Tick Logger B
[System] Tick Logger A
[System] Tick Logger B
[System] Tick Logger A
[System] Tick Logger B
[System] Tick Logger A
[System] Tick Logger B
[System] Tick Logger A
[System] Tick Logger B
[System] Tick Logger A
[System] Tick Logger B
[System] Tick Logger A
[System] Tick Logger B
[System] Tick Logger A
[System] Tick Logger B
[System] Tick Logger A
[System] Tick Logger B
[System] Tick Logger A
[System] Tick Logger B
[System] Tick Logger A
[System] Tick Logger B
[System] Tick Logger A
[System] Tick Logger B
[System] Tick Logger A
[System] Tick Logger B
[System] Tick Logger A
[System] Tick Logger B
[System] Tick Logger A
[System] Tick Logger B
[System] Tick Logger A
[System] Tick Logger B
[System] Tick Logger A
[System] Tick Logger B
[System] Tick Logger A
[System] Tick Logger B
[System] Tick Logger A
[System] Tick Logger B
[System] Tick Logger A
[System] Tick Logger B
[System] Tick Logger A
[System] Tick Logger B
[System] Tick Logger A
[System] Tick Logger B
[System] Tick Logger A
[System] Tick Logger B
[System] Tick Logger A
[System] Tick Logger B
[System] Tick Logger A
[System] Tick Logger B
[System] Tick Logger A
[System] Tick Logger B
[System] Tick Logger A
[System] Tick Logger B
[System] Tick Logger A
[System] Tick Logger B
[System] Tick Logger A
[System] Tick Logger B
[System] Tick Logger A
[System] Tick Logger B
[System] Tick Logger A
[System] Tick Logger B
[System] Tick Logger A
[System] Tick Logger B
[System] Tick Logger A
[System] Tick Logger B
[System] Tick Logger A
[System] Tick Logger B
[System] Tick Logger A
[System] Tick Logger B
[System] Tick Logger A
[System] Tick Logger B
[System] Tick Logger A
[System] Tick Logger B
[System] Tick Logger A
[System] Tick Logger B
[System] Tick Logger A
[System] Tick Logger B
[System] Tick Logger A
[System] Tick Logger B
[System] Tick Logger A
[System] Tick Logger B
[System] Tick Logger A
[System] Tick Logger B
[System] Tick Logger A
[System] Tick Logger B
[System] Tick Logger A
[System] Tick Logger B
[System] Tick Logger A
[System] Tick Logger B
[System] Tick Logger A
[System] Tick Logger B
[System] Tick Logger A
[System] Tick Logger B
[System] Tick Logger A
[System] Tick Logger B
[System] Tick Logger A
[System] Tick Logger B
[System] Tick Logger A
[System] Tick Logger B
[System] Tick Logger A
[System] Tick Logger B
[System] Tick Logger A
[System] Tick Logger B
[System] Tick Logger A
[System] Tick Logger B
[System] Tick Logger A
[System] Tick Logger B
[System] Tick Logger A
[System] Tick Logger B
[System] Tick Logger A
[System] Tick Logger B
[Physics] tick=6180 ents=12 hasDyn=12 types(d/k)=12/0 null=0 yRange=[0.208,0.865] yDyn0=0.809 pendingDestroy=0
[System] Tick Logger A
[System] Tick Logger B
[System] Tick Logger A
[System] Tick Logger B
[System] Tick Logger A
[System] Tick Logger B
[System] Tick Logger A
[System] Tick Logger B
[System] Tick Logger A
[System] Tick Logger B
[System] Tick Logger A
[System] Tick Logger B
[System] Tick Logger A
[System] Tick Logger B
[System] Tick Logger A
[System] Tick Logger B
[System] Tick Logger A
[System] Tick Logger B
[System] Tick Logger A
[System] Tick Logger B
[System] Tick Logger A
[System] Tick Logger B
[System] Tick Logger A
[System] Tick Logger B
[System] Tick Logger A
[System] Tick Logger B
[System] Tick Logger A
[System] Tick Logger B
[System] Tick Logger A
[System] Tick Logger B
[System] Tick Logger A
[System] Tick Logger B
[System] Tick Logger A
[System] Tick Logger B
[System] Tick Logger A
[System] Tick Logger B
[System] Tick Logger A
[System] Tick Logger B
[System] Tick Logger A
[System] Tick Logger B
[System] Tick Logger A
[System] Tick Logger B
[System] Tick Logger A
[System] Tick Logger B
[System] Tick Logger A
[System] Tick Logger B
[System] Tick Logger A
[System] Tick Logger B
[System] Tick Logger A
[System] Tick Logger B
[System] Tick Logger A
[System] Tick Logger B
[System] Tick Logger A
[System] Tick Logger B
[System] Tick Logger A
[System] Tick Logger B
[System] Tick Logger A
[System] Tick Logger B
[System] Tick Logger A
[System] Tick Logger B
[System] Tick Logger A
[System] Tick Logger B
[System] Tick Logger A
[System] Tick Logger B
[System] Tick Logger A
[System] Tick Logger B
[System] Tick Logger A
[System] Tick Logger B
[System] Tick Logger A
[System] Tick Logger B
[System] Tick Logger A
[System] Tick Logger B
[System] Tick Logger A
[System] Tick Logger B
[System] Tick Logger A
[System] Tick Logger B
[System] Tick Logger A
[System] Tick Logger B
[System] Tick Logger A
[System] Tick Logger B
[System] Tick Logger A
[System] Tick Logger B
[System] Tick Logger A
[System] Tick Logger B
[System] Tick Logger A
[System] Tick Logger B
[System] Tick Logger A
[System] Tick Logger B
[System] Tick Logger A
[System] Tick Logger B
[System] Tick Logger A
[System] Tick Logger B
[System] Tick Logger A
[System] Tick Logger B
[System] Tick Logger A
[System] Tick Logger B
[System] Tick Logger A
[System] Tick Logger B
[System] Tick Logger A
[System] Tick Logger B
[System] Tick Logger A
[System] Tick Logger B
[System] Tick Logger A
[System] Tick Logger B
[System] Tick Logger A
[System] Tick Logger B
[System] Tick Logger A
[System] Tick Logger B
[System] Tick Logger A
[System] Tick Logger B
[System] Tick Logger A
[System] Tick Logger B
[System] Tick Logger A
[System] Tick Logger B
[System] Tick Logger A
[System] Tick Logger B
[System] Tick Logger A
[System] Tick Logger B
[System] Tick Logger A
[System] Tick Logger B
[Physics] tick=6240 ents=12 hasDyn=12 types(d/k)=12/0 null=0 yRange=[0.207,0.865] yDyn0=0.809 pendingDestroy=0
[System] Tick Logger A
[System] Tick Logger B
[System] Tick Logger A
[System] Tick Logger B
[System] Tick Logger A
[System] Tick Logger B
[System] Tick Logger A
[System] Tick Logger B
[System] Tick Logger A
[System] Tick Logger B
[System] Tick Logger A
[System] Tick Logger B
[System] Tick Logger A
[System] Tick Logger B
[System] Tick Logger A
[System] Tick Logger B
[System] Tick Logger A
[System] Tick Logger B
[System] Tick Logger A
[System] Tick Logger B
[System] Tick Logger A
[System] Tick Logger B
[System] Tick Logger A
[System] Tick Logger B
[System] Tick Logger A
[System] Tick Logger B
[System] Tick Logger A
[System] Tick Logger B
[System] Tick Logger A
[System] Tick Logger B
[System] Tick Logger A
[System] Tick Logger B
[System] Tick Logger A
[System] Tick Logger B
[System] Tick Logger A
[System] Tick Logger B
[System] Tick Logger A
[System] Tick Logger B
[System] Tick Logger A
[System] Tick Logger B
[System] Tick Logger A
[System] Tick Logger B
[System] Tick Logger A
[System] Tick Logger B
[System] Tick Logger A
[System] Tick Logger B
[System] Tick Logger A
[System] Tick Logger B
[System] Tick Logger A
[System] Tick Logger B
[System] Tick Logger A
[System] Tick Logger B
[System] Tick Logger A
[System] Tick Logger B
[System] Tick Logger A
[System] Tick Logger B
[System] Tick Logger A
[System] Tick Logger B
[System] Tick Logger A
[System] Tick Logger B
[System] Tick Logger A
[System] Tick Logger B
[System] Tick Logger A
[System] Tick Logger B
[System] Tick Logger A
[System] Tick Logger B
[System] Tick Logger A
[System] Tick Logger B
[System] Tick Logger A
[System] Tick Logger B
[System] Tick Logger A
[System] Tick Logger B
[System] Tick Logger A
[System] Tick Logger B
[System] Tick Logger A
[System] Tick Logger B
[System] Tick Logger A
[System] Tick Logger B
[System] Tick Logger A
[System] Tick Logger B
[System] Tick Logger A
[System] Tick Logger B
[System] Tick Logger A
[System] Tick Logger B
[System] Tick Logger A
[System] Tick Logger B
[System] Tick Logger A
[System] Tick Logger B
[System] Tick Logger A
[System] Tick Logger B
[System] Tick Logger A
[System] Tick Logger B
[soccer] id7 pos=(0.12,-1.94) bodyvel=(-0.38,-0.85) desired=(3.34,-1.91) force=(649.2,-185.0) round=0/0 phase=1
[System] Tick Logger A
[System] Tick Logger B
[System] Tick Logger A
[System] Tick Logger B
[System] Tick Logger A
[System] Tick Logger B
[System] Tick Logger A
[System] Tick Logger B
[System] Tick Logger A
[System] Tick Logger B
[System] Tick Logger A
[System] Tick Logger B
[System] Tick Logger A
[System] Tick Logger B
[System] Tick Logger A
[System] Tick Logger B
[System] Tick Logger A
[System] Tick Logger B
[System] Tick Logger A
[System] Tick Logger B
[System] Tick Logger A
[System] Tick Logger B
[System] Tick Logger A
[System] Tick Logger B
[System] Tick Logger A
[System] Tick Logger B
[System] Tick Logger A
[System] Tick Logger B
[Physics] tick=6300 ents=12 hasDyn=12 types(d/k)=12/0 null=0 yRange=[0.207,0.865] yDyn0=0.809 pendingDestroy=0
[System] Tick Logger A
[System] Tick Logger B
[System] Tick Logger A
[System] Tick Logger B
[System] Tick Logger A
[System] Tick Logger B
[System] Tick Logger A
[System] Tick Logger B
[System] Tick Logger A
[System] Tick Logger B
[System] Tick Logger A
[System] Tick Logger B
[System] Tick Logger A
[System] Tick Logger B
[System] Tick Logger A
[System] Tick Logger B
[System] Tick Logger A
[System] Tick Logger B
[System] Tick Logger A
[System] Tick Logger B
[System] Tick Logger A
[System] Tick Logger B
[System] Tick Logger A
[System] Tick Logger B
[System] Tick Logger A
[System] Tick Logger B
[System] Tick Logger A
[System] Tick Logger B
[System] Tick Logger A
[System] Tick Logger B
[System] Tick Logger A
[System] Tick Logger B
[System] Tick Logger A
[System] Tick Logger B
[System] Tick Logger A
[System] Tick Logger B
[System] Tick Logger A
[System] Tick Logger B
[System] Tick Logger A
[System] Tick Logger B
[System] Tick Logger A
[System] Tick Logger B
[System] Tick Logger A
[System] Tick Logger B
[System] Tick Logger A
[System] Tick Logger B
[System] Tick Logger A
[System] Tick Logger B
[System] Tick Logger A
[System] Tick Logger B
[System] Tick Logger A
[System] Tick Logger B
[System] Tick Logger A
[System] Tick Logger B
[System] Tick Logger A
[System] Tick Logger B
[System] Tick Logger A
[System] Tick Logger B
[System] Tick Logger A
[System] Tick Logger B
[System] Tick Logger A
[System] Tick Logger B
[System] Tick Logger A
[System] Tick Logger B
[System] Tick Logger A
[System] Tick Logger B
[System] Tick Logger A
[System] Tick Logger B
[System] Tick Logger A
[System] Tick Logger B
[System] Tick Logger A
[System] Tick Logger B
[System] Tick Logger A
[System] Tick Logger B
[System] Tick Logger A
[System] Tick Logger B
[System] Tick Logger A
[System] Tick Logger B
[System] Tick Logger A
[System] Tick Logger B
[System] Tick Logger A
[System] Tick Logger B
[System] Tick Logger A
[System] Tick Logger B
[System] Tick Logger A
[System] Tick Logger B
[System] Tick Logger A
[System] Tick Logger B
[System] Tick Logger A
[System] Tick Logger B
[System] Tick Logger A
[System] Tick Logger B
[System] Tick Logger A
[System] Tick Logger B
[System] Tick Logger A
[System] Tick Logger B
[System] Tick Logger A
[System] Tick Logger B
[System] Tick Logger A
[System] Tick Logger B
[System] Tick Logger A
[System] Tick Logger B
[System] Tick Logger A
[System] Tick Logger B
[System] Tick Logger A
[System] Tick Logger B
[System] Tick Logger A
[System] Tick Logger B
[System] Tick Logger A
[System] Tick Logger B
[System] Tick Logger A
[System] Tick Logger B
[System] Tick Logger A
[System] Tick Logger B
[System] Tick Logger A
[System] Tick Logger B
[System] Tick Logger A
[System] Tick Logger B
[System] Tick Logger A
[System] Tick Logger B
[Physics] tick=6360 ents=12 hasDyn=12 types(d/k)=12/0 null=0 yRange=[0.208,0.865] yDyn0=0.809 pendingDestroy=0
[System] Tick Logger A
[System] Tick Logger B
[System] Tick Logger A
[System] Tick Logger B
[System] Tick Logger A
[System] Tick Logger B
[System] Tick Logger A
[System] Tick Logger B
[System] Tick Logger A
[System] Tick Logger B
[System] Tick Logger A
[System] Tick Logger B
[System] Tick Logger A
[System] Tick Logger B
[System] Tick Logger A
[System] Tick Logger B
[System] Tick Logger A
[System] Tick Logger B
[System] Tick Logger A
[System] Tick Logger B
[System] Tick Logger A
[System] Tick Logger B
[System] Tick Logger A
[System] Tick Logger B
[System] Tick Logger A
[System] Tick Logger B
[System] Tick Logger A
[System] Tick Logger B
[System] Tick Logger A
[System] Tick Logger B
[System] Tick Logger A
[System] Tick Logger B
[System] Tick Logger A
[System] Tick Logger B
[System] Tick Logger A
[System] Tick Logger B
[System] Tick Logger A
[System] Tick Logger B
[System] Tick Logger A
[System] Tick Logger B
[System] Tick Logger A
[System] Tick Logger B
[System] Tick Logger A
[System] Tick Logger B
[System] Tick Logger A
[System] Tick Logger B
[System] Tick Logger A
[System] Tick Logger B
[System] Tick Logger A
[System] Tick Logger B
[System] Tick Logger A
[System] Tick Logger B
[System] Tick Logger A
[System] Tick Logger B
[System] Tick Logger A
[System] Tick Logger B
[System] Tick Logger A
[System] Tick Logger B
[System] Tick Logger A
[System] Tick Logger B
[System] Tick Logger A
[System] Tick Logger B
[System] Tick Logger A
[System] Tick Logger B
[System] Tick Logger A
[System] Tick Logger B
[System] Tick Logger A
[System] Tick Logger B
[System] Tick Logger A
[System] Tick Logger B
[System] Tick Logger A
[System] Tick Logger B
[System] Tick Logger A
[System] Tick Logger B
[System] Tick Logger A
[System] Tick Logger B
[System] Tick Logger A
[System] Tick Logger B
[System] Tick Logger A
[System] Tick Logger B
[System] Tick Logger A
[System] Tick Logger B
[System] Tick Logger A
[System] Tick Logger B
[System] Tick Logger A
[System] Tick Logger B
[System] Tick Logger A
[System] Tick Logger B
[System] Tick Logger A
[System] Tick Logger B
[System] Tick Logger A
[System] Tick Logger B
[System] Tick Logger A
[System] Tick Logger B
[System] Tick Logger A
[System] Tick Logger B
[System] Tick Logger A
[System] Tick Logger B
[System] Tick Logger A
[System] Tick Logger B
[System] Tick Logger A
[System] Tick Logger B
[System] Tick Logger A
[System] Tick Logger B
[System] Tick Logger A
[System] Tick Logger B
[System] Tick Logger A
[System] Tick Logger B
[System] Tick Logger A
[System] Tick Logger B
[System] Tick Logger A
[System] Tick Logger B
[System] Tick Logger A
[System] Tick Logger B
[System] Tick Logger A
[System] Tick Logger B
[System] Tick Logger A
[System] Tick Logger B
[System] Tick Logger A
[System] Tick Logger B
[Physics] tick=6420 ents=12 hasDyn=12 types(d/k)=12/0 null=0 yRange=[0.208,0.865] yDyn0=0.809 pendingDestroy=0
[System] Tick Logger A
[System] Tick Logger B
[System] Tick Logger A
[System] Tick Logger B
[System] Tick Logger A
[System] Tick Logger B
[System] Tick Logger A
[System] Tick Logger B
[System] Tick Logger A
[System] Tick Logger B
[System] Tick Logger A
[System] Tick Logger B
[System] Tick Logger A
[System] Tick Logger B
[System] Tick Logger A
[System] Tick Logger B
[System] Tick Logger A
[System] Tick Logger B
[System] Tick Logger A
[System] Tick Logger B
[System] Tick Logger A
[System] Tick Logger B
[System] Tick Logger A
[System] Tick Logger B
[System] Tick Logger A
[System] Tick Logger B
[System] Tick Logger A
[System] Tick Logger B
[System] Tick Logger A
[System] Tick Logger B
[System] Tick Logger A
[System] Tick Logger B
[System] Tick Logger A
[System] Tick Logger B
[System] Tick Logger A
[System] Tick Logger B
[System] Tick Logger A
[System] Tick Logger B
[System] Tick Logger A
[System] Tick Logger B
[System] Tick Logger A
[System] Tick Logger B
[System] Tick Logger A
[System] Tick Logger B
[System] Tick Logger A
[System] Tick Logger B
[System] Tick Logger A
[System] Tick Logger B
[System] Tick Logger A
[System] Tick Logger B
[System] Tick Logger A
[System] Tick Logger B
[System] Tick Logger A
[System] Tick Logger B
[System] Tick Logger A
[System] Tick Logger B
[System] Tick Logger A
[System] Tick Logger B
[System] Tick Logger A
[System] Tick Logger B
[System] Tick Logger A
[System] Tick Logger B
[System] Tick Logger A
[System] Tick Logger B
[System] Tick Logger A
[System] Tick Logger B
[System] Tick Logger A
[System] Tick Logger B
[System] Tick Logger A
[System] Tick Logger B
[System] Tick Logger A
[System] Tick Logger B
[System] Tick Logger A
[System] Tick Logger B
[System] Tick Logger A
[System] Tick Logger B
[System] Tick Logger A
[System] Tick Logger B
[System] Tick Logger A
[System] Tick Logger B
[System] Tick Logger A
[System] Tick Logger B
[System] Tick Logger A
[System] Tick Logger B
[System] Tick Logger A
[System] Tick Logger B
[System] Tick Logger A
[System] Tick Logger B
[System] Tick Logger A
[System] Tick Logger B
[System] Tick Logger A
[System] Tick Logger B
[System] Tick Logger A
[System] Tick Logger B
[System] Tick Logger A
[System] Tick Logger B
[System] Tick Logger A
[System] Tick Logger B
[System] Tick Logger A
[System] Tick Logger B
[System] Tick Logger A
[System] Tick Logger B
[System] Tick Logger A
[System] Tick Logger B
[System] Tick Logger A
[System] Tick Logger B
[System] Tick Logger A
[System] Tick Logger B
[System] Tick Logger A
[System] Tick Logger B
[System] Tick Logger A
[System] Tick Logger B
[System] Tick Logger A
[System] Tick Logger B
[System] Tick Logger A
[System] Tick Logger B
[System] Tick Logger A
[System] Tick Logger B
[System] Tick Logger A
[System] Tick Logger B
[Physics] tick=6480 ents=12 hasDyn=12 types(d/k)=12/0 null=0 yRange=[0.208,0.865] yDyn0=0.809 pendingDestroy=0
[System] Tick Logger A
[System] Tick Logger B
[System] Tick Logger A
[System] Tick Logger B
[System] Tick Logger A
[System] Tick Logger B
[System] Tick Logger A
[System] Tick Logger B
[System] Tick Logger A
[System] Tick Logger B
[System] Tick Logger A
[System] Tick Logger B
[System] Tick Logger A
[System] Tick Logger B
[System] Tick Logger A
[System] Tick Logger B
[System] Tick Logger A
[System] Tick Logger B
[System] Tick Logger A
[System] Tick Logger B
[System] Tick Logger A
[System] Tick Logger B
[System] Tick Logger A
[System] Tick Logger B
[System] Tick Logger A
[System] Tick Logger B
[System] Tick Logger A
[System] Tick Logger B
[System] Tick Logger A
[System] Tick Logger B
[System] Tick Logger A
[System] Tick Logger B
[System] Tick Logger A
[System] Tick Logger B
[System] Tick Logger A
[System] Tick Logger B
[System] Tick Logger A
[System] Tick Logger B
[System] Tick Logger A
[System] Tick Logger B
[System] Tick Logger A
[System] Tick Logger B
[System] Tick Logger A
[System] Tick Logger B
[System] Tick Logger A
[System] Tick Logger B
[System] Tick Logger A
[System] Tick Logger B
[System] Tick Logger A
[System] Tick Logger B
[System] Tick Logger A
[System] Tick Logger B
[System] Tick Logger A
[System] Tick Logger B
[System] Tick Logger A
[System] Tick Logger B
[System] Tick Logger A
[System] Tick Logger B
[System] Tick Logger A
[System] Tick Logger B
[System] Tick Logger A
[System] Tick Logger B
[System] Tick Logger A
[System] Tick Logger B
[System] Tick Logger A
[System] Tick Logger B
[System] Tick Logger A
[System] Tick Logger B
[System] Tick Logger A
[System] Tick Logger B
[System] Tick Logger A
[System] Tick Logger B
[System] Tick Logger A
[System] Tick Logger B
[System] Tick Logger A
[System] Tick Logger B
[System] Tick Logger A
[System] Tick Logger B
[System] Tick Logger A
[System] Tick Logger B
[System] Tick Logger A
[System] Tick Logger B
[System] Tick Logger A
[System] Tick Logger B
[System] Tick Logger A
[System] Tick Logger B
[System] Tick Logger A
[System] Tick Logger B
[System] Tick Logger A
[System] Tick Logger B
[System] Tick Logger A
[System] Tick Logger B
[System] Tick Logger A
[System] Tick Logger B
[System] Tick Logger A
[System] Tick Logger B
[System] Tick Logger A
[System] Tick Logger B
[System] Tick Logger A
[System] Tick Logger B
[System] Tick Logger A
[System] Tick Logger B
[System] Tick Logger A
[System] Tick Logger B
[System] Tick Logger A
[System] Tick Logger B
[System] Tick Logger A
[System] Tick Logger B
[System] Tick Logger A
[System] Tick Logger B
[System] Tick Logger A
[System] Tick Logger B
[System] Tick Logger A
[System] Tick Logger B
[System] Tick Logger A
[System] Tick Logger B
[System] Tick Logger A
[System] Tick Logger B
[System] Tick Logger A
[System] Tick Logger B
[Physics] tick=6540 ents=12 hasDyn=12 types(d/k)=12/0 null=0 yRange=[0.208,0.865] yDyn0=0.809 pendingDestroy=0
[System] Tick Logger A
[System] Tick Logger B
[System] Tick Logger A
[System] Tick Logger B
[System] Tick Logger A
[System] Tick Logger B
[System] Tick Logger A
[System] Tick Logger B
[System] Tick Logger A
[System] Tick Logger B
[System] Tick Logger A
[System] Tick Logger B
[System] Tick Logger A
[System] Tick Logger B
[System] Tick Logger A
[System] Tick Logger B
[System] Tick Logger A
[System] Tick Logger B
[System] Tick Logger A
[System] Tick Logger B
[System] Tick Logger A
[System] Tick Logger B
[System] Tick Logger A
[System] Tick Logger B
[System] Tick Logger A
[System] Tick Logger B
[System] Tick Logger A
[System] Tick Logger B
[System] Tick Logger A
[System] Tick Logger B
[System] Tick Logger A
[System] Tick Logger B
[System] Tick Logger A
[System] Tick Logger B
[System] Tick Logger A
[System] Tick Logger B
[System] Tick Logger A
[System] Tick Logger B
[System] Tick Logger A
[System] Tick Logger B
[System] Tick Logger A
[System] Tick Logger B
[System] Tick Logger A
[System] Tick Logger B
[System] Tick Logger A
[System] Tick Logger B
[System] Tick Logger A
[System] Tick Logger B
[System] Tick Logger A
[System] Tick Logger B
[System] Tick Logger A
[System] Tick Logger B
[System] Tick Logger A
[System] Tick Logger B
[System] Tick Logger A
[System] Tick Logger B
[System] Tick Logger A
[System] Tick Logger B
[System] Tick Logger A
[System] Tick Logger B
[System] Tick Logger A
[System] Tick Logger B
[System] Tick Logger A
[System] Tick Logger B
[System] Tick Logger A
[System] Tick Logger B
[System] Tick Logger A
[System] Tick Logger B
[System] Tick Logger A
[System] Tick Logger B
[System] Tick Logger A
[System] Tick Logger B
[System] Tick Logger A
[System] Tick Logger B
[System] Tick Logger A
[System] Tick Logger B
[System] Tick Logger A
[System] Tick Logger B
[System] Tick Logger A
[System] Tick Logger B
[System] Tick Logger A
[System] Tick Logger B
[System] Tick Logger A
[System] Tick Logger B
[System] Tick Logger A
[System] Tick Logger B
[System] Tick Logger A
[System] Tick Logger B
[System] Tick Logger A
[System] Tick Logger B
[System] Tick Logger A
[System] Tick Logger B
[System] Tick Logger A
[System] Tick Logger B
[System] Tick Logger A
[System] Tick Logger B
[System] Tick Logger A
[System] Tick Logger B
[System] Tick Logger A
[System] Tick Logger B
[System] Tick Logger A
[System] Tick Logger B
[System] Tick Logger A
[System] Tick Logger B
[System] Tick Logger A
[System] Tick Logger B
[System] Tick Logger A
[System] Tick Logger B
[System] Tick Logger A
[System] Tick Logger B
[System] Tick Logger A
[System] Tick Logger B
[System] Tick Logger A
[System] Tick Logger B
[System] Tick Logger A
[System] Tick Logger B
[System] Tick Logger A
[System] Tick Logger B
[System] Tick Logger A
[System] Tick Logger B
[Physics] tick=6600 ents=12 hasDyn=12 types(d/k)=12/0 null=0 yRange=[0.208,0.865] yDyn0=0.809 pendingDestroy=0
[System] Tick Logger A
[System] Tick Logger B
[System] Tick Logger A
[System] Tick Logger B
[System] Tick Logger A
[System] Tick Logger B
[System] Tick Logger A
[System] Tick Logger B
[System] Tick Logger A
[System] Tick Logger B
[System] Tick Logger A
[System] Tick Logger B
[System] Tick Logger A
[System] Tick Logger B
[System] Tick Logger A
[System] Tick Logger B
[System] Tick Logger A
[System] Tick Logger B
[System] Tick Logger A
[System] Tick Logger B
[System] Tick Logger A
[System] Tick Logger B
[System] Tick Logger A
[System] Tick Logger B
[System] Tick Logger A
[System] Tick Logger B
[System] Tick Logger A
[System] Tick Logger B
[System] Tick Logger A
[System] Tick Logger B
[System] Tick Logger A
[System] Tick Logger B
[System] Tick Logger A
[System] Tick Logger B
[System] Tick Logger A
[System] Tick Logger B
[System] Tick Logger A
[System] Tick Logger B
[System] Tick Logger A
[System] Tick Logger B
[System] Tick Logger A
[System] Tick Logger B
[System] Tick Logger A
[System] Tick Logger B
[System] Tick Logger A
[System] Tick Logger B
[System] Tick Logger A
[System] Tick Logger B
[System] Tick Logger A
[System] Tick Logger B
[System] Tick Logger A
[System] Tick Logger B
[System] Tick Logger A
[System] Tick Logger B
[System] Tick Logger A
[System] Tick Logger B
[System] Tick Logger A
[System] Tick Logger B
[System] Tick Logger A
[System] Tick Logger B
[System] Tick Logger A
[System] Tick Logger B
[System] Tick Logger A
[System] Tick Logger B
[System] Tick Logger A
[System] Tick Logger B
[System] Tick Logger A
[System] Tick Logger B
[System] Tick Logger A
[System] Tick Logger B
[System] Tick Logger A
[System] Tick Logger B
[System] Tick Logger A
[System] Tick Logger B
[soccer] id7 pos=(1.00,-2.10) bodyvel=(2.66,-0.03) desired=(6.44,0.24) force=(673.3,47.7) round=0/0 phase=1
[System] Tick Logger A
[System] Tick Logger B
[System] Tick Logger A
[System] Tick Logger B
[System] Tick Logger A
[System] Tick Logger B
[System] Tick Logger A
[System] Tick Logger B
[System] Tick Logger A
[System] Tick Logger B
[System] Tick Logger A
[System] Tick Logger B
[System] Tick Logger A
[System] Tick Logger B
[System] Tick Logger A
[System] Tick Logger B
[System] Tick Logger A
[System] Tick Logger B
[System] Tick Logger A
[System] Tick Logger B
[System] Tick Logger A
[System] Tick Logger B
[System] Tick Logger A
[System] Tick Logger B
[System] Tick Logger A
[System] Tick Logger B
[System] Tick Logger A
[System] Tick Logger B
[System] Tick Logger A
[System] Tick Logger B
[System] Tick Logger A
[System] Tick Logger B
[System] Tick Logger A
[System] Tick Logger B
[System] Tick Logger A
[System] Tick Logger B
[System] Tick Logger A
[System] Tick Logger B
[System] Tick Logger A
[System] Tick Logger B
[System] Tick Logger A
[System] Tick Logger B
[System] Tick Logger A
[System] Tick Logger B
[System] Tick Logger A
[System] Tick Logger B
[Physics] tick=6660 ents=12 hasDyn=12 types(d/k)=12/0 null=0 yRange=[0.209,0.865] yDyn0=0.809 pendingDestroy=0
[System] Tick Logger A
[System] Tick Logger B
[System] Tick Logger A
[System] Tick Logger B
[System] Tick Logger A
[System] Tick Logger B
[System] Tick Logger A
[System] Tick Logger B
[System] Tick Logger A
[System] Tick Logger B
[System] Tick Logger A
[System] Tick Logger B
[System] Tick Logger A
[System] Tick Logger B
[System] Tick Logger A
[System] Tick Logger B
[System] Tick Logger A
[System] Tick Logger B
[System] Tick Logger A
[System] Tick Logger B
[System] Tick Logger A
[System] Tick Logger B
[System] Tick Logger A
[System] Tick Logger B
[System] Tick Logger A
[System] Tick Logger B
[System] Tick Logger A
[System] Tick Logger B
[System] Tick Logger A
[System] Tick Logger B
[System] Tick Logger A
[System] Tick Logger B
[System] Tick Logger A
[System] Tick Logger B
[System] Tick Logger A
[System] Tick Logger B
[System] Tick Logger A
[System] Tick Logger B
[System] Tick Logger A
[System] Tick Logger B
[System] Tick Logger A
[System] Tick Logger B
[System] Tick Logger A
[System] Tick Logger B
[System] Tick Logger A
[System] Tick Logger B
[System] Tick Logger A
[System] Tick Logger B
[System] Tick Logger A
[System] Tick Logger B
[System] Tick Logger A
[System] Tick Logger B
[System] Tick Logger A
[System] Tick Logger B
[System] Tick Logger A
[System] Tick Logger B
[System] Tick Logger A
[System] Tick Logger B
[System] Tick Logger A
[System] Tick Logger B
[System] Tick Logger A
[System] Tick Logger B
[System] Tick Logger A
[System] Tick Logger B
[System] Tick Logger A
[System] Tick Logger B
[System] Tick Logger A
[System] Tick Logger B
[System] Tick Logger A
[System] Tick Logger B
[System] Tick Logger A
[System] Tick Logger B
[System] Tick Logger A
[System] Tick Logger B
[System] Tick Logger A
[System] Tick Logger B
[System] Tick Logger A
[System] Tick Logger B
[System] Tick Logger A
[System] Tick Logger B
[System] Tick Logger A
[System] Tick Logger B
[System] Tick Logger A
[System] Tick Logger B
[System] Tick Logger A
[System] Tick Logger B
[System] Tick Logger A
[System] Tick Logger B
[System] Tick Logger A
[System] Tick Logger B
[System] Tick Logger A
[System] Tick Logger B
[System] Tick Logger A
[System] Tick Logger B
[System] Tick Logger A
[System] Tick Logger B
[System] Tick Logger A
[System] Tick Logger B
[System] Tick Logger A
[System] Tick Logger B
[System] Tick Logger A
[System] Tick Logger B
[System] Tick Logger A
[System] Tick Logger B
[System] Tick Logger A
[System] Tick Logger B
[System] Tick Logger A
[System] Tick Logger B
[System] Tick Logger A
[System] Tick Logger B
[System] Tick Logger A
[System] Tick Logger B
[System] Tick Logger A
[System] Tick Logger B
[System] Tick Logger A
[System] Tick Logger B
[System] Tick Logger A
[System] Tick Logger B
[System] Tick Logger A
[System] Tick Logger B
[Physics] tick=6720 ents=12 hasDyn=12 types(d/k)=12/0 null=0 yRange=[0.209,0.865] yDyn0=0.809 pendingDestroy=0
[System] Tick Logger A
[System] Tick Logger B
[System] Tick Logger A
[System] Tick Logger B
[System] Tick Logger A
[System] Tick Logger B
[System] Tick Logger A
[System] Tick Logger B
[System] Tick Logger A
[System] Tick Logger B
[System] Tick Logger A
[System] Tick Logger B
[System] Tick Logger A
[System] Tick Logger B
[System] Tick Logger A
[System] Tick Logger B
[System] Tick Logger A
[System] Tick Logger B
[System] Tick Logger A
[System] Tick Logger B
[System] Tick Logger A
[System] Tick Logger B
[System] Tick Logger A
[System] Tick Logger B
[System] Tick Logger A
[System] Tick Logger B
[System] Tick Logger A
[System] Tick Logger B
[System] Tick Logger A
[System] Tick Logger B
[System] Tick Logger A
[System] Tick Logger B
[System] Tick Logger A
[System] Tick Logger B
[System] Tick Logger A
[System] Tick Logger B
[System] Tick Logger A
[System] Tick Logger B
[System] Tick Logger A
[System] Tick Logger B
[System] Tick Logger A
[System] Tick Logger B
[System] Tick Logger A
[System] Tick Logger B
[System] Tick Logger A
[System] Tick Logger B
[System] Tick Logger A
[System] Tick Logger B
[System] Tick Logger A
[System] Tick Logger B
[System] Tick Logger A
[System] Tick Logger B
[System] Tick Logger A
[System] Tick Logger B
[System] Tick Logger A
[System] Tick Logger B
[System] Tick Logger A
[System] Tick Logger B
[System] Tick Logger A
[System] Tick Logger B
[System] Tick Logger A
[System] Tick Logger B
[System] Tick Logger A
[System] Tick Logger B
[System] Tick Logger A
[System] Tick Logger B
[System] Tick Logger A
[System] Tick Logger B
[System] Tick Logger A
[System] Tick Logger B
[System] Tick Logger A
[System] Tick Logger B
[System] Tick Logger A
[System] Tick Logger B
[System] Tick Logger A
[System] Tick Logger B
[System] Tick Logger A
[System] Tick Logger B
[System] Tick Logger A
[System] Tick Logger B
[System] Tick Logger A
[System] Tick Logger B
[System] Tick Logger A
[System] Tick Logger B
[System] Tick Logger A
[System] Tick Logger B
[System] Tick Logger A
[System] Tick Logger B
[System] Tick Logger A
[System] Tick Logger B
[System] Tick Logger A
[System] Tick Logger B
[System] Tick Logger A
[System] Tick Logger B
[System] Tick Logger A
[System] Tick Logger B
[System] Tick Logger A
[System] Tick Logger B
[System] Tick Logger A
[System] Tick Logger B
[System] Tick Logger A
[System] Tick Logger B
[System] Tick Logger A
[System] Tick Logger B
[System] Tick Logger A
[System] Tick Logger B
[System] Tick Logger A
[System] Tick Logger B
[System] Tick Logger A
[System] Tick Logger B
[System] Tick Logger A
[System] Tick Logger B
[System] Tick Logger A
[System] Tick Logger B
[System] Tick Logger A
[System] Tick Logger B
[System] Tick Logger A
[System] Tick Logger B
[System] Tick Logger A
[System] Tick Logger B
[Physics] tick=6780 ents=12 hasDyn=12 types(d/k)=12/0 null=0 yRange=[0.210,0.865] yDyn0=0.809 pendingDestroy=0
[System] Tick Logger A
[System] Tick Logger B
[System] Tick Logger A
[System] Tick Logger B
[System] Tick Logger A
[System] Tick Logger B
[System] Tick Logger A
[System] Tick Logger B
[System] Tick Logger A
[System] Tick Logger B
[System] Tick Logger A
[System] Tick Logger B
[System] Tick Logger A
[System] Tick Logger B
[System] Tick Logger A
[System] Tick Logger B
[System] Tick Logger A
[System] Tick Logger B
[System] Tick Logger A
[System] Tick Logger B
[System] Tick Logger A
[System] Tick Logger B
[System] Tick Logger A
[System] Tick Logger B
[System] Tick Logger A
[System] Tick Logger B
[System] Tick Logger A
[System] Tick Logger B
[System] Tick Logger A
[System] Tick Logger B
[System] Tick Logger A
[System] Tick Logger B
[System] Tick Logger A
[System] Tick Logger B
[System] Tick Logger A
[System] Tick Logger B
[System] Tick Logger A
[System] Tick Logger B
[System] Tick Logger A
[System] Tick Logger B
[System] Tick Logger A
[System] Tick Logger B
[System] Tick Logger A
[System] Tick Logger B
[System] Tick Logger A
[System] Tick Logger B
[System] Tick Logger A
[System] Tick Logger B
[System] Tick Logger A
[System] Tick Logger B
[System] Tick Logger A
[System] Tick Logger B
[System] Tick Logger A
[System] Tick Logger B
[System] Tick Logger A
[System] Tick Logger B
[System] Tick Logger A
[System] Tick Logger B
[System] Tick Logger A
[System] Tick Logger B
[System] Tick Logger A
[System] Tick Logger B
[System] Tick Logger A
[System] Tick Logger B
[System] Tick Logger A
[System] Tick Logger B
[System] Tick Logger A
[System] Tick Logger B
[System] Tick Logger A
[System] Tick Logger B
[System] Tick Logger A
[System] Tick Logger B
[System] Tick Logger A
[System] Tick Logger B
[System] Tick Logger A
[System] Tick Logger B
[System] Tick Logger A
[System] Tick Logger B
[System] Tick Logger A
[System] Tick Logger B
[System] Tick Logger A
[System] Tick Logger B
[System] Tick Logger A
[System] Tick Logger B
[System] Tick Logger A
[System] Tick Logger B
[System] Tick Logger A
[System] Tick Logger B
[System] Tick Logger A
[System] Tick Logger B
[System] Tick Logger A
[System] Tick Logger B
[System] Tick Logger A
[System] Tick Logger B
[System] Tick Logger A
[System] Tick Logger B
[System] Tick Logger A
[System] Tick Logger B
[System] Tick Logger A
[System] Tick Logger B
[System] Tick Logger A
[System] Tick Logger B
[System] Tick Logger A
[System] Tick Logger B
[System] Tick Logger A
[System] Tick Logger B
[System] Tick Logger A
[System] Tick Logger B
[System] Tick Logger A
[System] Tick Logger B
[System] Tick Logger A
[System] Tick Logger B
[System] Tick Logger A
[System] Tick Logger B
[System] Tick Logger A
[System] Tick Logger B
[System] Tick Logger A
[System] Tick Logger B
[System] Tick Logger A
[System] Tick Logger B
[Physics] tick=6840 ents=12 hasDyn=12 types(d/k)=12/0 null=0 yRange=[0.209,0.865] yDyn0=0.809 pendingDestroy=0
[System] Tick Logger A
[System] Tick Logger B
[System] Tick Logger A
[System] Tick Logger B
[System] Tick Logger A
[System] Tick Logger B
[System] Tick Logger A
[System] Tick Logger B
[System] Tick Logger A
[System] Tick Logger B
[System] Tick Logger A
[System] Tick Logger B
[System] Tick Logger A
[System] Tick Logger B
[System] Tick Logger A
[System] Tick Logger B
[System] Tick Logger A
[System] Tick Logger B
[System] Tick Logger A
[System] Tick Logger B
[System] Tick Logger A
[System] Tick Logger B
[System] Tick Logger A
[System] Tick Logger B
[System] Tick Logger A
[System] Tick Logger B
[System] Tick Logger A
[System] Tick Logger B
[System] Tick Logger A
[System] Tick Logger B
[System] Tick Logger A
[System] Tick Logger B
[System] Tick Logger A
[System] Tick Logger B
[System] Tick Logger A
[System] Tick Logger B
[System] Tick Logger A
[System] Tick Logger B
[System] Tick Logger A
[System] Tick Logger B
[System] Tick Logger A
[System] Tick Logger B
[System] Tick Logger A
[System] Tick Logger B
[System] Tick Logger A
[System] Tick Logger B
[System] Tick Logger A
[System] Tick Logger B
[System] Tick Logger A
[System] Tick Logger B
[System] Tick Logger A
[System] Tick Logger B
[System] Tick Logger A
[System] Tick Logger B
[System] Tick Logger A
[System] Tick Logger B
[System] Tick Logger A
[System] Tick Logger B
[System] Tick Logger A
[System] Tick Logger B
[System] Tick Logger A
[System] Tick Logger B
[System] Tick Logger A
[System] Tick Logger B
[System] Tick Logger A
[System] Tick Logger B
[System] Tick Logger A
[System] Tick Logger B
[System] Tick Logger A
[System] Tick Logger B
[System] Tick Logger A
[System] Tick Logger B
[System] Tick Logger A
[System] Tick Logger B
[System] Tick Logger A
[System] Tick Logger B
[System] Tick Logger A
[System] Tick Logger B
[System] Tick Logger A
[System] Tick Logger B
[System] Tick Logger A
[System] Tick Logger B
[System] Tick Logger A
[System] Tick Logger B
[System] Tick Logger A
[System] Tick Logger B
[System] Tick Logger A
[System] Tick Logger B
[System] Tick Logger A
[System] Tick Logger B
[System] Tick Logger A
[System] Tick Logger B
[System] Tick Logger A
[System] Tick Logger B
[System] Tick Logger A
[System] Tick Logger B
[System] Tick Logger A
[System] Tick Logger B
[System] Tick Logger A
[System] Tick Logger B
[System] Tick Logger A
[System] Tick Logger B
[System] Tick Logger A
[System] Tick Logger B
[System] Tick Logger A
[System] Tick Logger B
[System] Tick Logger A
[System] Tick Logger B
[System] Tick Logger A
[System] Tick Logger B
[System] Tick Logger A
[System] Tick Logger B
[System] Tick Logger A
[System] Tick Logger B
[System] Tick Logger A
[System] Tick Logger B
[System] Tick Logger A
[System] Tick Logger B
[System] Tick Logger A
[System] Tick Logger B
[Physics] tick=6900 ents=12 hasDyn=12 types(d/k)=12/0 null=0 yRange=[0.209,0.865] yDyn0=0.809 pendingDestroy=0
[System] Tick Logger A
[System] Tick Logger B
[System] Tick Logger A
[System] Tick Logger B
[System] Tick Logger A
[System] Tick Logger B
[System] Tick Logger A
[System] Tick Logger B
[System] Tick Logger A
[System] Tick Logger B
[System] Tick Logger A
[System] Tick Logger B
[System] Tick Logger A
[System] Tick Logger B
[System] Tick Logger A
[System] Tick Logger B
[System] Tick Logger A
[System] Tick Logger B
[System] Tick Logger A
[System] Tick Logger B
[System] Tick Logger A
[System] Tick Logger B
[System] Tick Logger A
[System] Tick Logger B
[System] Tick Logger A
[System] Tick Logger B
[System] Tick Logger A
[System] Tick Logger B
[System] Tick Logger A
[System] Tick Logger B
[System] Tick Logger A
[System] Tick Logger B
[System] Tick Logger A
[System] Tick Logger B
[System] Tick Logger A
[System] Tick Logger B
[System] Tick Logger A
[System] Tick Logger B
[System] Tick Logger A
[System] Tick Logger B
[System] Tick Logger A
[System] Tick Logger B
[System] Tick Logger A
[System] Tick Logger B
[System] Tick Logger A
[System] Tick Logger B
[System] Tick Logger A
[System] Tick Logger B
[System] Tick Logger A
[System] Tick Logger B
[System] Tick Logger A
[System] Tick Logger B
[System] Tick Logger A
[System] Tick Logger B
[System] Tick Logger A
[System] Tick Logger B
[System] Tick Logger A
[System] Tick Logger B
[System] Tick Logger A
[System] Tick Logger B
[System] Tick Logger A
[System] Tick Logger B
[System] Tick Logger A
[System] Tick Logger B
[System] Tick Logger A
[System] Tick Logger B
[System] Tick Logger A
[System] Tick Logger B
[System] Tick Logger A
[System] Tick Logger B
[System] Tick Logger A
[System] Tick Logger B
[System] Tick Logger A
[System] Tick Logger B
[System] Tick Logger A
[System] Tick Logger B
[System] Tick Logger A
[System] Tick Logger B
[System] Tick Logger A
[System] Tick Logger B
[System] Tick Logger A
[System] Tick Logger B
[System] Tick Logger A
[System] Tick Logger B
[System] Tick Logger A
[System] Tick Logger B
[System] Tick Logger A
[System] Tick Logger B
[System] Tick Logger A
[System] Tick Logger B
[System] Tick Logger A
[System] Tick Logger B
[System] Tick Logger A
[System] Tick Logger B
[System] Tick Logger A
[System] Tick Logger B
[System] Tick Logger A
[System] Tick Logger B
[System] Tick Logger A
[System] Tick Logger B
[System] Tick Logger A
[System] Tick Logger B
[System] Tick Logger A
[System] Tick Logger B
[System] Tick Logger A
[System] Tick Logger B
[System] Tick Logger A
[System] Tick Logger B
[System] Tick Logger A
[System] Tick Logger B
[System] Tick Logger A
[System] Tick Logger B
[System] Tick Logger A
[System] Tick Logger B
[System] Tick Logger A
[System] Tick Logger B
[System] Tick Logger A
[System] Tick Logger B
[System] Tick Logger A
[System] Tick Logger B
[Physics] tick=6960 ents=12 hasDyn=12 types(d/k)=12/0 null=0 yRange=[0.208,0.865] yDyn0=0.809 pendingDestroy=0
[System] Tick Logger A
[System] Tick Logger B
[System] Tick Logger A
[System] Tick Logger B
[System] Tick Logger A
[System] Tick Logger B
[System] Tick Logger A
[System] Tick Logger B
[System] Tick Logger A
[System] Tick Logger B
[System] Tick Logger A
[System] Tick Logger B
[System] Tick Logger A
[System] Tick Logger B
[System] Tick Logger A
[System] Tick Logger B
[System] Tick Logger A
[System] Tick Logger B
[System] Tick Logger A
[System] Tick Logger B
[System] Tick Logger A
[System] Tick Logger B
[System] Tick Logger A
[System] Tick Logger B
[System] Tick Logger A
[System] Tick Logger B
[System] Tick Logger A
[System] Tick Logger B
[System] Tick Logger A
[System] Tick Logger B
[System] Tick Logger A
[System] Tick Logger B
[System] Tick Logger A
[System] Tick Logger B
[System] Tick Logger A
[System] Tick Logger B
[System] Tick Logger A
[System] Tick Logger B
[System] Tick Logger A
[System] Tick Logger B
[System] Tick Logger A
[System] Tick Logger B
[System] Tick Logger A
[System] Tick Logger B
[System] Tick Logger A
[System] Tick Logger B
[System] Tick Logger A
[System] Tick Logger B
[System] Tick Logger A
[System] Tick Logger B
[System] Tick Logger A
[System] Tick Logger B
[System] Tick Logger A
[System] Tick Logger B
[soccer] id7 pos=(2.02,-2.53) bodyvel=(0.75,-2.00) desired=(0.21,-4.29) force=(-155.3,-656.9) round=0/0 phase=1
[System] Tick Logger A
[System] Tick Logger B
[System] Tick Logger A
[System] Tick Logger B
[System] Tick Logger A
[System] Tick Logger B
[System] Tick Logger A
[System] Tick Logger B
[System] Tick Logger A
[System] Tick Logger B
[System] Tick Logger A
[System] Tick Logger B
[System] Tick Logger A
[System] Tick Logger B
[System] Tick Logger A
[System] Tick Logger B
[System] Tick Logger A
[System] Tick Logger B
[System] Tick Logger A
[System] Tick Logger B
[System] Tick Logger A
[System] Tick Logger B
[System] Tick Logger A
[System] Tick Logger B
[System] Tick Logger A
[System] Tick Logger B
[System] Tick Logger A
[System] Tick Logger B
[System] Tick Logger A
[System] Tick Logger B
[System] Tick Logger A
[System] Tick Logger B
[System] Tick Logger A
[System] Tick Logger B
[System] Tick Logger A
[System] Tick Logger B
[System] Tick Logger A
[System] Tick Logger B
[System] Tick Logger A
[System] Tick Logger B
[System] Tick Logger A
[System] Tick Logger B
[System] Tick Logger A
[System] Tick Logger B
[System] Tick Logger A
[System] Tick Logger B
[System] Tick Logger A
[System] Tick Logger B
[System] Tick Logger A
[System] Tick Logger B
[System] Tick Logger A
[System] Tick Logger B
[System] Tick Logger A
[System] Tick Logger B
[System] Tick Logger A
[System] Tick Logger B
[System] Tick Logger A
[System] Tick Logger B
[System] Tick Logger A
[System] Tick Logger B
[System] Tick Logger A
[System] Tick Logger B
[System] Tick Logger A
[System] Tick Logger B
[System] Tick Logger A
[System] Tick Logger B
[Physics] tick=7020 ents=12 hasDyn=12 types(d/k)=12/0 null=0 yRange=[0.208,0.865] yDyn0=0.809 pendingDestroy=0
[System] Tick Logger A
[System] Tick Logger B
[System] Tick Logger A
[System] Tick Logger B
[System] Tick Logger A
[System] Tick Logger B
[System] Tick Logger A
[System] Tick Logger B
[System] Tick Logger A
[System] Tick Logger B
[System] Tick Logger A
[System] Tick Logger B
[System] Tick Logger A
[System] Tick Logger B
[System] Tick Logger A
[System] Tick Logger B
[System] Tick Logger A
[System] Tick Logger B
[System] Tick Logger A
[System] Tick Logger B
[System] Tick Logger A
[System] Tick Logger B
[System] Tick Logger A
[System] Tick Logger B
[System] Tick Logger A
[System] Tick Logger B
[System] Tick Logger A
[System] Tick Logger B
[System] Tick Logger A
[System] Tick Logger B
[System] Tick Logger A
[System] Tick Logger B
[System] Tick Logger A
[System] Tick Logger B
[System] Tick Logger A
[System] Tick Logger B
[System] Tick Logger A
[System] Tick Logger B
[System] Tick Logger A
[System] Tick Logger B
[System] Tick Logger A
[System] Tick Logger B
[System] Tick Logger A
[System] Tick Logger B
[System] Tick Logger A
[System] Tick Logger B
[System] Tick Logger A
[System] Tick Logger B
[System] Tick Logger A
[System] Tick Logger B
[System] Tick Logger A
[System] Tick Logger B
[System] Tick Logger A
[System] Tick Logger B
[System] Tick Logger A
[System] Tick Logger B
[System] Tick Logger A
[System] Tick Logger B
[System] Tick Logger A
[System] Tick Logger B
[System] Tick Logger A
[System] Tick Logger B
[System] Tick Logger A
[System] Tick Logger B
[System] Tick Logger A
[System] Tick Logger B
[System] Tick Logger A
[System] Tick Logger B
[System] Tick Logger A
[System] Tick Logger B
[System] Tick Logger A
[System] Tick Logger B
[System] Tick Logger A
[System] Tick Logger B
[System] Tick Logger A
[System] Tick Logger B
[System] Tick Logger A
[System] Tick Logger B
[System] Tick Logger A
[System] Tick Logger B
[System] Tick Logger A
[System] Tick Logger B
[System] Tick Logger A
[System] Tick Logger B
[System] Tick Logger A
[System] Tick Logger B
[System] Tick Logger A
[System] Tick Logger B
[System] Tick Logger A
[System] Tick Logger B
[System] Tick Logger A
[System] Tick Logger B
[System] Tick Logger A
[System] Tick Logger B
[System] Tick Logger A
[System] Tick Logger B
[System] Tick Logger A
[System] Tick Logger B
[System] Tick Logger A
[System] Tick Logger B
[System] Tick Logger A
[System] Tick Logger B
[System] Tick Logger A
[System] Tick Logger B
[System] Tick Logger A
[System] Tick Logger B
[System] Tick Logger A
[System] Tick Logger B
[System] Tick Logger A
[System] Tick Logger B
[System] Tick Logger A
[System] Tick Logger B
[System] Tick Logger A
[System] Tick Logger B
[System] Tick Logger A
[System] Tick Logger B
[System] Tick Logger A
[System] Tick Logger B
[System] Tick Logger A
[System] Tick Logger B
[Physics] tick=7080 ents=12 hasDyn=12 types(d/k)=12/0 null=0 yRange=[0.208,0.865] yDyn0=0.809 pendingDestroy=0
[System] Tick Logger A
[System] Tick Logger B
[System] Tick Logger A
[System] Tick Logger B
[System] Tick Logger A
[System] Tick Logger B
[System] Tick Logger A
[System] Tick Logger B
[System] Tick Logger A
[System] Tick Logger B
[System] Tick Logger A
[System] Tick Logger B
[System] Tick Logger A
[System] Tick Logger B
[System] Tick Logger A
[System] Tick Logger B
[System] Tick Logger A
[System] Tick Logger B
[System] Tick Logger A
[System] Tick Logger B
[System] Tick Logger A
[System] Tick Logger B
[System] Tick Logger A
[System] Tick Logger B
[System] Tick Logger A
[System] Tick Logger B
[System] Tick Logger A
[System] Tick Logger B
[System] Tick Logger A
[System] Tick Logger B
[System] Tick Logger A
[System] Tick Logger B
[System] Tick Logger A
[System] Tick Logger B
[System] Tick Logger A
[System] Tick Logger B
[System] Tick Logger A
[System] Tick Logger B
[System] Tick Logger A
[System] Tick Logger B
[System] Tick Logger A
[System] Tick Logger B
[System] Tick Logger A
[System] Tick Logger B
[System] Tick Logger A
[System] Tick Logger B
[System] Tick Logger A
[System] Tick Logger B
[System] Tick Logger A
[System] Tick Logger B
[System] Tick Logger A
[System] Tick Logger B
[System] Tick Logger A
[System] Tick Logger B
[System] Tick Logger A
[System] Tick Logger B
[System] Tick Logger A
[System] Tick Logger B
[System] Tick Logger A
[System] Tick Logger B
[System] Tick Logger A
[System] Tick Logger B
[System] Tick Logger A
[System] Tick Logger B
[System] Tick Logger A
[System] Tick Logger B
[System] Tick Logger A
[System] Tick Logger B
[System] Tick Logger A
[System] Tick Logger B
[System] Tick Logger A
[System] Tick Logger B
[System] Tick Logger A
[System] Tick Logger B
[System] Tick Logger A
[System] Tick Logger B
[System] Tick Logger A
[System] Tick Logger B
[System] Tick Logger A
[System] Tick Logger B
[System] Tick Logger A
[System] Tick Logger B
[System] Tick Logger A
[System] Tick Logger B
[System] Tick Logger A
[System] Tick Logger B
[System] Tick Logger A
[System] Tick Logger B
[System] Tick Logger A
[System] Tick Logger B
[System] Tick Logger A
[System] Tick Logger B
[System] Tick Logger A
[System] Tick Logger B
[System] Tick Logger A
[System] Tick Logger B
[System] Tick Logger A
[System] Tick Logger B
[System] Tick Logger A
[System] Tick Logger B
[System] Tick Logger A
[System] Tick Logger B
[System] Tick Logger A
[System] Tick Logger B
[System] Tick Logger A
[System] Tick Logger B
[System] Tick Logger A
[System] Tick Logger B
[System] Tick Logger A
[System] Tick Logger B
[System] Tick Logger A
[System] Tick Logger B
[System] Tick Logger A
[System] Tick Logger B
[System] Tick Logger A
[System] Tick Logger B
[System] Tick Logger A
[System] Tick Logger B
[System] Tick Logger A
[System] Tick Logger B
[Physics] tick=7140 ents=12 hasDyn=12 types(d/k)=12/0 null=0 yRange=[0.208,0.865] yDyn0=0.809 pendingDestroy=0
[System] Tick Logger A
[System] Tick Logger B
[System] Tick Logger A
[System] Tick Logger B
[System] Tick Logger A
[System] Tick Logger B
[System] Tick Logger A
[System] Tick Logger B
[System] Tick Logger A
[System] Tick Logger B
[System] Tick Logger A
[System] Tick Logger B
[System] Tick Logger A
[System] Tick Logger B
[System] Tick Logger A
[System] Tick Logger B
[System] Tick Logger A
[System] Tick Logger B
[System] Tick Logger A
[System] Tick Logger B
[System] Tick Logger A
[System] Tick Logger B
[System] Tick Logger A
[System] Tick Logger B
[System] Tick Logger A
[System] Tick Logger B
[System] Tick Logger A
[System] Tick Logger B
[System] Tick Logger A
[System] Tick Logger B
[System] Tick Logger A
[System] Tick Logger B
[System] Tick Logger A
[System] Tick Logger B
[System] Tick Logger A
[System] Tick Logger B
[System] Tick Logger A
[System] Tick Logger B
[System] Tick Logger A
[System] Tick Logger B
[System] Tick Logger A
[System] Tick Logger B
[System] Tick Logger A
[System] Tick Logger B
[System] Tick Logger A
[System] Tick Logger B
[System] Tick Logger A
[System] Tick Logger B
[System] Tick Logger A
[System] Tick Logger B
[System] Tick Logger A
[System] Tick Logger B
[System] Tick Logger A
[System] Tick Logger B
[System] Tick Logger A
[System] Tick Logger B
[System] Tick Logger A
[System] Tick Logger B
[System] Tick Logger A
[System] Tick Logger B
[System] Tick Logger A
[System] Tick Logger B
[System] Tick Logger A
[System] Tick Logger B
[System] Tick Logger A
[System] Tick Logger B
[System] Tick Logger A
[System] Tick Logger B
[System] Tick Logger A
[System] Tick Logger B
[System] Tick Logger A
[System] Tick Logger B
[System] Tick Logger A
[System] Tick Logger B
[System] Tick Logger A
[System] Tick Logger B
[System] Tick Logger A
[System] Tick Logger B
[System] Tick Logger A
[System] Tick Logger B
[System] Tick Logger A
[System] Tick Logger B
[System] Tick Logger A
[System] Tick Logger B
[System] Tick Logger A
[System] Tick Logger B
[System] Tick Logger A
[System] Tick Logger B
[System] Tick Logger A
[System] Tick Logger B
[System] Tick Logger A
[System] Tick Logger B
[System] Tick Logger A
[System] Tick Logger B
[System] Tick Logger A
[System] Tick Logger B
[System] Tick Logger A
[System] Tick Logger B
[System] Tick Logger A
[System] Tick Logger B
[System] Tick Logger A
[System] Tick Logger B
[System] Tick Logger A
[System] Tick Logger B
[System] Tick Logger A
[System] Tick Logger B
[System] Tick Logger A
[System] Tick Logger B
[System] Tick Logger A
[System] Tick Logger B
[System] Tick Logger A
[System] Tick Logger B
[System] Tick Logger A
[System] Tick Logger B
[System] Tick Logger A
[System] Tick Logger B
[System] Tick Logger A
[System] Tick Logger B
[System] Tick Logger A
[System] Tick Logger B
[Physics] tick=7200 ents=12 hasDyn=12 types(d/k)=12/0 null=0 yRange=[0.208,0.865] yDyn0=0.809 pendingDestroy=0
[System] Tick Logger A
[System] Tick Logger B
[System] Tick Logger A
[System] Tick Logger B
[System] Tick Logger A
[System] Tick Logger B
[System] Tick Logger A
[System] Tick Logger B
[System] Tick Logger A
[System] Tick Logger B
[System] Tick Logger A
[System] Tick Logger B
[System] Tick Logger A
[System] Tick Logger B
[System] Tick Logger A
[System] Tick Logger B
[System] Tick Logger A
[System] Tick Logger B
[System] Tick Logger A
[System] Tick Logger B
[System] Tick Logger A
[System] Tick Logger B
[System] Tick Logger A
[System] Tick Logger B
[System] Tick Logger A
[System] Tick Logger B
[System] Tick Logger A
[System] Tick Logger B
[System] Tick Logger A
[System] Tick Logger B
[System] Tick Logger A
[System] Tick Logger B
[System] Tick Logger A
[System] Tick Logger B
[System] Tick Logger A
[System] Tick Logger B
[System] Tick Logger A
[System] Tick Logger B
[System] Tick Logger A
[System] Tick Logger B
[System] Tick Logger A
[System] Tick Logger B
[System] Tick Logger A
[System] Tick Logger B
[System] Tick Logger A
[System] Tick Logger B
[System] Tick Logger A
[System] Tick Logger B
[System] Tick Logger A
[System] Tick Logger B
[System] Tick Logger A
[System] Tick Logger B
[System] Tick Logger A
[System] Tick Logger B
[System] Tick Logger A
[System] Tick Logger B
[System] Tick Logger A
[System] Tick Logger B
[System] Tick Logger A
[System] Tick Logger B
[System] Tick Logger A
[System] Tick Logger B
[System] Tick Logger A
[System] Tick Logger B
[System] Tick Logger A
[System] Tick Logger B
[System] Tick Logger A
[System] Tick Logger B
[System] Tick Logger A
[System] Tick Logger B
[System] Tick Logger A
[System] Tick Logger B
[System] Tick Logger A
[System] Tick Logger B
[System] Tick Logger A
[System] Tick Logger B
[System] Tick Logger A
[System] Tick Logger B
[System] Tick Logger A
[System] Tick Logger B
[System] Tick Logger A
[System] Tick Logger B
[System] Tick Logger A
[System] Tick Logger B
[System] Tick Logger A
[System] Tick Logger B
[System] Tick Logger A
[System] Tick Logger B
[System] Tick Logger A
[System] Tick Logger B
[System] Tick Logger A
[System] Tick Logger B
[System] Tick Logger A
[System] Tick Logger B
[System] Tick Logger A
[System] Tick Logger B
[System] Tick Logger A
[System] Tick Logger B
[System] Tick Logger A
[System] Tick Logger B
[System] Tick Logger A
[System] Tick Logger B
[System] Tick Logger A
[System] Tick Logger B
[System] Tick Logger A
[System] Tick Logger B
[System] Tick Logger A
[System] Tick Logger B
[System] Tick Logger A
[System] Tick Logger B
[System] Tick Logger A
[System] Tick Logger B
[System] Tick Logger A
[System] Tick Logger B
[System] Tick Logger A
[System] Tick Logger B
[System] Tick Logger A
[System] Tick Logger B
[System] Tick Logger A
[System] Tick Logger B
[Physics] tick=7260 ents=12 hasDyn=12 types(d/k)=12/0 null=0 yRange=[0.208,0.865] yDyn0=0.809 pendingDestroy=0
[System] Tick Logger A
[System] Tick Logger B
[System] Tick Logger A
[System] Tick Logger B
[System] Tick Logger A
[System] Tick Logger B
[System] Tick Logger A
[System] Tick Logger B
[System] Tick Logger A
[System] Tick Logger B
[System] Tick Logger A
[System] Tick Logger B
[System] Tick Logger A
[System] Tick Logger B
[System] Tick Logger A
[System] Tick Logger B
[System] Tick Logger A
[System] Tick Logger B
[System] Tick Logger A
[System] Tick Logger B
[System] Tick Logger A
[System] Tick Logger B
[System] Tick Logger A
[System] Tick Logger B
[System] Tick Logger A
[System] Tick Logger B
[System] Tick Logger A
[System] Tick Logger B
[System] Tick Logger A
[System] Tick Logger B
[System] Tick Logger A
[System] Tick Logger B
[System] Tick Logger A
[System] Tick Logger B
[System] Tick Logger A
[System] Tick Logger B
[System] Tick Logger A
[System] Tick Logger B
[System] Tick Logger A
[System] Tick Logger B
[System] Tick Logger A
[System] Tick Logger B
[System] Tick Logger A
[System] Tick Logger B
[System] Tick Logger A
[System] Tick Logger B
[System] Tick Logger A
[System] Tick Logger B
[System] Tick Logger A
[System] Tick Logger B
[System] Tick Logger A
[System] Tick Logger B
[System] Tick Logger A
[System] Tick Logger B
[System] Tick Logger A
[System] Tick Logger B
[System] Tick Logger A
[System] Tick Logger B
[System] Tick Logger A
[System] Tick Logger B
[System] Tick Logger A
[System] Tick Logger B
[System] Tick Logger A
[System] Tick Logger B
[System] Tick Logger A
[System] Tick Logger B
[System] Tick Logger A
[System] Tick Logger B
[System] Tick Logger A
[System] Tick Logger B
[System] Tick Logger A
[System] Tick Logger B
[System] Tick Logger A
[System] Tick Logger B
[System] Tick Logger A
[System] Tick Logger B
[System] Tick Logger A
[System] Tick Logger B
[System] Tick Logger A
[System] Tick Logger B
[System] Tick Logger A
[System] Tick Logger B
[System] Tick Logger A
[System] Tick Logger B
[System] Tick Logger A
[System] Tick Logger B
[System] Tick Logger A
[System] Tick Logger B
[System] Tick Logger A
[System] Tick Logger B
[System] Tick Logger A
[System] Tick Logger B
[System] Tick Logger A
[System] Tick Logger B
[System] Tick Logger A
[System] Tick Logger B
[System] Tick Logger A
[System] Tick Logger B
[System] Tick Logger A
[System] Tick Logger B
[System] Tick Logger A
[System] Tick Logger B
[System] Tick Logger A
[System] Tick Logger B
[System] Tick Logger A
[System] Tick Logger B
[System] Tick Logger A
[System] Tick Logger B
[System] Tick Logger A
[System] Tick Logger B
[System] Tick Logger A
[System] Tick Logger B
[System] Tick Logger A
[System] Tick Logger B
[System] Tick Logger A
[System] Tick Logger B
[System] Tick Logger A
[System] Tick Logger B
[System] Tick Logger A
[System] Tick Logger B
[Physics] tick=7320 ents=12 hasDyn=12 types(d/k)=12/0 null=0 yRange=[0.208,0.865] yDyn0=0.809 pendingDestroy=0
[System] Tick Logger A
[System] Tick Logger B
[System] Tick Logger A
[System] Tick Logger B
[System] Tick Logger A
[System] Tick Logger B
[System] Tick Logger A
[System] Tick Logger B
[System] Tick Logger A
[System] Tick Logger B
[System] Tick Logger A
[System] Tick Logger B
[System] Tick Logger A
[System] Tick Logger B
[System] Tick Logger A
[System] Tick Logger B
[System] Tick Logger A
[System] Tick Logger B
[System] Tick Logger A
[System] Tick Logger B
[System] Tick Logger A
[System] Tick Logger B
[System] Tick Logger A
[System] Tick Logger B
[System] Tick Logger A
[System] Tick Logger B
[System] Tick Logger A
[System] Tick Logger B
[System] Tick Logger A
[System] Tick Logger B
[System] Tick Logger A
[System] Tick Logger B
[System] Tick Logger A
[System] Tick Logger B
[System] Tick Logger A
[System] Tick Logger B
[System] Tick Logger A
[System] Tick Logger B
[System] Tick Logger A
[System] Tick Logger B
[System] Tick Logger A
[System] Tick Logger B
[System] Tick Logger A
[System] Tick Logger B
[System] Tick Logger A
[System] Tick Logger B
[System] Tick Logger A
[System] Tick Logger B
[System] Tick Logger A
[System] Tick Logger B
[soccer] id7 pos=(2.49,-3.46) bodyvel=(1.71,-0.51) desired=(5.45,0.78) force=(638.5,219.1) round=0/0 phase=1
[System] Tick Logger A
[System] Tick Logger B
[System] Tick Logger A
[System] Tick Logger B
[System] Tick Logger A
[System] Tick Logger B
[System] Tick Logger A
[System] Tick Logger B
[System] Tick Logger A
[System] Tick Logger B
[System] Tick Logger A
[System] Tick Logger B
[System] Tick Logger A
[System] Tick Logger B
[System] Tick Logger A
[System] Tick Logger B
[System] Tick Logger A
[System] Tick Logger B
[System] Tick Logger A
[System] Tick Logger B
[System] Tick Logger A
[System] Tick Logger B
[System] Tick Logger A
[System] Tick Logger B
[System] Tick Logger A
[System] Tick Logger B
[System] Tick Logger A
[System] Tick Logger B
[System] Tick Logger A
[System] Tick Logger B
[System] Tick Logger A
[System] Tick Logger B
[System] Tick Logger A
[System] Tick Logger B
[System] Tick Logger A
[System] Tick Logger B
[System] Tick Logger A
[System] Tick Logger B
[System] Tick Logger A
[System] Tick Logger B
[System] Tick Logger A
[System] Tick Logger B
[System] Tick Logger A
[System] Tick Logger B
[System] Tick Logger A
[System] Tick Logger B
[System] Tick Logger A
[System] Tick Logger B
[System] Tick Logger A
[System] Tick Logger B
[System] Tick Logger A
[System] Tick Logger B
[System] Tick Logger A
[System] Tick Logger B
[System] Tick Logger A
[System] Tick Logger B
[System] Tick Logger A
[System] Tick Logger B
[System] Tick Logger A
[System] Tick Logger B
[System] Tick Logger A
[System] Tick Logger B
[System] Tick Logger A
[System] Tick Logger B
[System] Tick Logger A
[System] Tick Logger B
[System] Tick Logger A
[System] Tick Logger B
[System] Tick Logger A
[System] Tick Logger B
[Physics] tick=7380 ents=12 hasDyn=12 types(d/k)=12/0 null=0 yRange=[0.209,0.865] yDyn0=0.809 pendingDestroy=0
[System] Tick Logger A
[System] Tick Logger B
[System] Tick Logger A
[System] Tick Logger B
[System] Tick Logger A
[System] Tick Logger B
[System] Tick Logger A
[System] Tick Logger B
[System] Tick Logger A
[System] Tick Logger B
[System] Tick Logger A
[System] Tick Logger B
[System] Tick Logger A
[System] Tick Logger B
[System] Tick Logger A
[System] Tick Logger B
[System] Tick Logger A
[System] Tick Logger B
[System] Tick Logger A
[System] Tick Logger B
[System] Tick Logger A
[System] Tick Logger B
[System] Tick Logger A
[System] Tick Logger B
[System] Tick Logger A
[System] Tick Logger B
[System] Tick Logger A
[System] Tick Logger B
[System] Tick Logger A
[System] Tick Logger B
[System] Tick Logger A
[System] Tick Logger B
[System] Tick Logger A
[System] Tick Logger B
[System] Tick Logger A
[System] Tick Logger B
[System] Tick Logger A
[System] Tick Logger B
[System] Tick Logger A
[System] Tick Logger B
[System] Tick Logger A
[System] Tick Logger B
[System] Tick Logger A
[System] Tick Logger B
[System] Tick Logger A
[System] Tick Logger B
[System] Tick Logger A
[System] Tick Logger B
[System] Tick Logger A
[System] Tick Logger B
[System] Tick Logger A
[System] Tick Logger B
[System] Tick Logger A
[System] Tick Logger B
[System] Tick Logger A
[System] Tick Logger B
[System] Tick Logger A
[System] Tick Logger B
[System] Tick Logger A
[System] Tick Logger B
[System] Tick Logger A
[System] Tick Logger B
[System] Tick Logger A
[System] Tick Logger B
[System] Tick Logger A
[System] Tick Logger B
[System] Tick Logger A
[System] Tick Logger B
[System] Tick Logger A
[System] Tick Logger B
[System] Tick Logger A
[System] Tick Logger B
[System] Tick Logger A
[System] Tick Logger B
[System] Tick Logger A
[System] Tick Logger B
[System] Tick Logger A
[System] Tick Logger B
[System] Tick Logger A
[System] Tick Logger B
[System] Tick Logger A
[System] Tick Logger B
[System] Tick Logger A
[System] Tick Logger B
[System] Tick Logger A
[System] Tick Logger B
[System] Tick Logger A
[System] Tick Logger B
[System] Tick Logger A
[System] Tick Logger B
[System] Tick Logger A
[System] Tick Logger B
[System] Tick Logger A
[System] Tick Logger B
[System] Tick Logger A
[System] Tick Logger B
[System] Tick Logger A
[System] Tick Logger B
[System] Tick Logger A
[System] Tick Logger B
[System] Tick Logger A
[System] Tick Logger B
[System] Tick Logger A
[System] Tick Logger B
[System] Tick Logger A
[System] Tick Logger B
[System] Tick Logger A
[System] Tick Logger B
[System] Tick Logger A
[System] Tick Logger B
[System] Tick Logger A
[System] Tick Logger B
[System] Tick Logger A
[System] Tick Logger B
[System] Tick Logger A
[System] Tick Logger B
[System] Tick Logger A
[System] Tick Logger B
[System] Tick Logger A
[System] Tick Logger B
[Physics] tick=7440 ents=12 hasDyn=12 types(d/k)=12/0 null=0 yRange=[0.209,0.865] yDyn0=0.809 pendingDestroy=0
[System] Tick Logger A
[System] Tick Logger B
[System] Tick Logger A
[System] Tick Logger B
[System] Tick Logger A
[System] Tick Logger B
[System] Tick Logger A
[System] Tick Logger B
[System] Tick Logger A
[System] Tick Logger B
[System] Tick Logger A
[System] Tick Logger B
[System] Tick Logger A
[System] Tick Logger B
[System] Tick Logger A
[System] Tick Logger B
[System] Tick Logger A
[System] Tick Logger B
[System] Tick Logger A
[System] Tick Logger B
[System] Tick Logger A
[System] Tick Logger B
[System] Tick Logger A
[System] Tick Logger B
[System] Tick Logger A
[System] Tick Logger B
[System] Tick Logger A
[System] Tick Logger B
[System] Tick Logger A
[System] Tick Logger B
[System] Tick Logger A
[System] Tick Logger B
[System] Tick Logger A
[System] Tick Logger B
[System] Tick Logger A
[System] Tick Logger B
[System] Tick Logger A
[System] Tick Logger B
[System] Tick Logger A
[System] Tick Logger B
[System] Tick Logger A
[System] Tick Logger B
[System] Tick Logger A
[System] Tick Logger B
[System] Tick Logger A
[System] Tick Logger B
[System] Tick Logger A
[System] Tick Logger B
[System] Tick Logger A
[System] Tick Logger B
[System] Tick Logger A
[System] Tick Logger B
[System] Tick Logger A
[System] Tick Logger B
[System] Tick Logger A
[System] Tick Logger B
[System] Tick Logger A
[System] Tick Logger B
[System] Tick Logger A
[System] Tick Logger B
[System] Tick Logger A
[System] Tick Logger B
[System] Tick Logger A
[System] Tick Logger B
[System] Tick Logger A
[System] Tick Logger B
[System] Tick Logger A
[System] Tick Logger B
[System] Tick Logger A
[System] Tick Logger B
[System] Tick Logger A
[System] Tick Logger B
[System] Tick Logger A
[System] Tick Logger B
[System] Tick Logger A
[System] Tick Logger B
[System] Tick Logger A
[System] Tick Logger B
[System] Tick Logger A
[System] Tick Logger B
[System] Tick Logger A
[System] Tick Logger B
[System] Tick Logger A
[System] Tick Logger B
[System] Tick Logger A
[System] Tick Logger B
[System] Tick Logger A
[System] Tick Logger B
[System] Tick Logger A
[System] Tick Logger B
[System] Tick Logger A
[System] Tick Logger B
[System] Tick Logger A
[System] Tick Logger B
[System] Tick Logger A
[System] Tick Logger B
[System] Tick Logger A
[System] Tick Logger B
[System] Tick Logger A
[System] Tick Logger B
[System] Tick Logger A
[System] Tick Logger B
[System] Tick Logger A
[System] Tick Logger B
[System] Tick Logger A
[System] Tick Logger B
[System] Tick Logger A
[System] Tick Logger B
[System] Tick Logger A
[System] Tick Logger B
[System] Tick Logger A
[System] Tick Logger B
[System] Tick Logger A
[System] Tick Logger B
[System] Tick Logger A
[System] Tick Logger B
[System] Tick Logger A
[System] Tick Logger B
[System] Tick Logger A
[System] Tick Logger B
[Physics] tick=7500 ents=12 hasDyn=12 types(d/k)=12/0 null=0 yRange=[0.209,0.865] yDyn0=0.809 pendingDestroy=0
[System] Tick Logger A
[System] Tick Logger B
[System] Tick Logger A
[System] Tick Logger B
[System] Tick Logger A
[System] Tick Logger B
[System] Tick Logger A
[System] Tick Logger B
[System] Tick Logger A
[System] Tick Logger B
[System] Tick Logger A
[System] Tick Logger B
[System] Tick Logger A
[System] Tick Logger B
[System] Tick Logger A
[System] Tick Logger B
[System] Tick Logger A
[System] Tick Logger B
[System] Tick Logger A
[System] Tick Logger B
[System] Tick Logger A
[System] Tick Logger B
[System] Tick Logger A
[System] Tick Logger B
[System] Tick Logger A
[System] Tick Logger B
[System] Tick Logger A
[System] Tick Logger B
[System] Tick Logger A
[System] Tick Logger B
[System] Tick Logger A
[System] Tick Logger B
[System] Tick Logger A
[System] Tick Logger B
[System] Tick Logger A
[System] Tick Logger B
[System] Tick Logger A
[System] Tick Logger B
[System] Tick Logger A
[System] Tick Logger B
[System] Tick Logger A
[System] Tick Logger B
[System] Tick Logger A
[System] Tick Logger B
[System] Tick Logger A
[System] Tick Logger B
[System] Tick Logger A
[System] Tick Logger B
[System] Tick Logger A
[System] Tick Logger B
[System] Tick Logger A
[System] Tick Logger B
[System] Tick Logger A
[System] Tick Logger B
[System] Tick Logger A
[System] Tick Logger B
[System] Tick Logger A
[System] Tick Logger B
[System] Tick Logger A
[System] Tick Logger B
[System] Tick Logger A
[System] Tick Logger B
[System] Tick Logger A
[System] Tick Logger B
[System] Tick Logger A
[System] Tick Logger B
[System] Tick Logger A
[System] Tick Logger B
[System] Tick Logger A
[System] Tick Logger B
[System] Tick Logger A
[System] Tick Logger B
[System] Tick Logger A
[System] Tick Logger B
[System] Tick Logger A
[System] Tick Logger B
[System] Tick Logger A
[System] Tick Logger B
[System] Tick Logger A
[System] Tick Logger B
[System] Tick Logger A
[System] Tick Logger B
[System] Tick Logger A
[System] Tick Logger B
[System] Tick Logger A
[System] Tick Logger B
[System] Tick Logger A
[System] Tick Logger B
[System] Tick Logger A
[System] Tick Logger B
[System] Tick Logger A
[System] Tick Logger B
[System] Tick Logger A
[System] Tick Logger B
[System] Tick Logger A
[System] Tick Logger B
[System] Tick Logger A
[System] Tick Logger B
[System] Tick Logger A
[System] Tick Logger B
[System] Tick Logger A
[System] Tick Logger B
[System] Tick Logger A
[System] Tick Logger B
[System] Tick Logger A
[System] Tick Logger B
[System] Tick Logger A
[System] Tick Logger B
[System] Tick Logger A
[System] Tick Logger B
[System] Tick Logger A
[System] Tick Logger B
[System] Tick Logger A
[System] Tick Logger B
[System] Tick Logger A
[System] Tick Logger B
[System] Tick Logger A
[System] Tick Logger B
[System] Tick Logger A
[System] Tick Logger B
[Physics] tick=7560 ents=12 hasDyn=12 types(d/k)=12/0 null=0 yRange=[0.210,0.865] yDyn0=0.809 pendingDestroy=0
[System] Tick Logger A
[System] Tick Logger B
[System] Tick Logger A
[System] Tick Logger B
[System] Tick Logger A
[System] Tick Logger B
[System] Tick Logger A
[System] Tick Logger B
[System] Tick Logger A
[System] Tick Logger B
[System] Tick Logger A
[System] Tick Logger B
[System] Tick Logger A
[System] Tick Logger B
[System] Tick Logger A
[System] Tick Logger B
[System] Tick Logger A
[System] Tick Logger B
[System] Tick Logger A
[System] Tick Logger B
[System] Tick Logger A
[System] Tick Logger B
[System] Tick Logger A
[System] Tick Logger B
[System] Tick Logger A
[System] Tick Logger B
[System] Tick Logger A
[System] Tick Logger B
[System] Tick Logger A
[System] Tick Logger B
[System] Tick Logger A
[System] Tick Logger B
[System] Tick Logger A
[System] Tick Logger B
[System] Tick Logger A
[System] Tick Logger B
[System] Tick Logger A
[System] Tick Logger B
[System] Tick Logger A
[System] Tick Logger B
[System] Tick Logger A
[System] Tick Logger B
[System] Tick Logger A
[System] Tick Logger B
[System] Tick Logger A
[System] Tick Logger B
[System] Tick Logger A
[System] Tick Logger B
[System] Tick Logger A
[System] Tick Logger B
[System] Tick Logger A
[System] Tick Logger B
[System] Tick Logger A
[System] Tick Logger B
[System] Tick Logger A
[System] Tick Logger B
[System] Tick Logger A
[System] Tick Logger B
[System] Tick Logger A
[System] Tick Logger B
[System] Tick Logger A
[System] Tick Logger B
[System] Tick Logger A
[System] Tick Logger B
[System] Tick Logger A
[System] Tick Logger B
[System] Tick Logger A
[System] Tick Logger B
[System] Tick Logger A
[System] Tick Logger B
[System] Tick Logger A
[System] Tick Logger B
[System] Tick Logger A
[System] Tick Logger B
[System] Tick Logger A
[System] Tick Logger B
[System] Tick Logger A
[System] Tick Logger B
[System] Tick Logger A
[System] Tick Logger B
[System] Tick Logger A
[System] Tick Logger B
[System] Tick Logger A
[System] Tick Logger B
[System] Tick Logger A
[System] Tick Logger B
[System] Tick Logger A
[System] Tick Logger B
[System] Tick Logger A
[System] Tick Logger B
[System] Tick Logger A
[System] Tick Logger B
[System] Tick Logger A
[System] Tick Logger B
[System] Tick Logger A
[System] Tick Logger B
[System] Tick Logger A
[System] Tick Logger B
[System] Tick Logger A
[System] Tick Logger B
[System] Tick Logger A
[System] Tick Logger B
[System] Tick Logger A
[System] Tick Logger B
[System] Tick Logger A
[System] Tick Logger B
[System] Tick Logger A
[System] Tick Logger B
[System] Tick Logger A
[System] Tick Logger B
[System] Tick Logger A
[System] Tick Logger B
[System] Tick Logger A
[System] Tick Logger B
[System] Tick Logger A
[System] Tick Logger B
[System] Tick Logger A
[System] Tick Logger B
[System] Tick Logger A
[System] Tick Logger B
[Physics] tick=7620 ents=12 hasDyn=12 types(d/k)=12/0 null=0 yRange=[0.209,0.865] yDyn0=0.809 pendingDestroy=0
[System] Tick Logger A
[System] Tick Logger B
[System] Tick Logger A
[System] Tick Logger B
[System] Tick Logger A
[System] Tick Logger B
[System] Tick Logger A
[System] Tick Logger B
[System] Tick Logger A
[System] Tick Logger B
[System] Tick Logger A
[System] Tick Logger B
[System] Tick Logger A
[System] Tick Logger B
[System] Tick Logger A
[System] Tick Logger B
[System] Tick Logger A
[System] Tick Logger B
[System] Tick Logger A
[System] Tick Logger B
[System] Tick Logger A
[System] Tick Logger B
[System] Tick Logger A
[System] Tick Logger B
[System] Tick Logger A
[System] Tick Logger B
[System] Tick Logger A
[System] Tick Logger B
[System] Tick Logger A
[System] Tick Logger B
[System] Tick Logger A
[System] Tick Logger B
[System] Tick Logger A
[System] Tick Logger B
[System] Tick Logger A
[System] Tick Logger B
[System] Tick Logger A
[System] Tick Logger B
[System] Tick Logger A
[System] Tick Logger B
[System] Tick Logger A
[System] Tick Logger B
[System] Tick Logger A
[System] Tick Logger B
[System] Tick Logger A
[System] Tick Logger B
[System] Tick Logger A
[System] Tick Logger B
[System] Tick Logger A
[System] Tick Logger B
[System] Tick Logger A
[System] Tick Logger B
[System] Tick Logger A
[System] Tick Logger B
[System] Tick Logger A
[System] Tick Logger B
[System] Tick Logger A
[System] Tick Logger B
[System] Tick Logger A
[System] Tick Logger B
[System] Tick Logger A
[System] Tick Logger B
[System] Tick Logger A
[System] Tick Logger B
[System] Tick Logger A
[System] Tick Logger B
[System] Tick Logger A
[System] Tick Logger B
[System] Tick Logger A
[System] Tick Logger B
[System] Tick Logger A
[System] Tick Logger B
[System] Tick Logger A
[System] Tick Logger B
[System] Tick Logger A
[System] Tick Logger B
[System] Tick Logger A
[System] Tick Logger B
[System] Tick Logger A
[System] Tick Logger B
[System] Tick Logger A
[System] Tick Logger B
[System] Tick Logger A
[System] Tick Logger B
[System] Tick Logger A
[System] Tick Logger B
[System] Tick Logger A
[System] Tick Logger B
[System] Tick Logger A
[System] Tick Logger B
[System] Tick Logger A
[System] Tick Logger B
[System] Tick Logger A
[System] Tick Logger B
[System] Tick Logger A
[System] Tick Logger B
[System] Tick Logger A
[System] Tick Logger B
[System] Tick Logger A
[System] Tick Logger B
[System] Tick Logger A
[System] Tick Logger B
[System] Tick Logger A
[System] Tick Logger B
[System] Tick Logger A
[System] Tick Logger B
[System] Tick Logger A
[System] Tick Logger B
[System] Tick Logger A
[System] Tick Logger B
[System] Tick Logger A
[System] Tick Logger B
[System] Tick Logger A
[System] Tick Logger B
[System] Tick Logger A
[System] Tick Logger B
[System] Tick Logger A
[System] Tick Logger B
[System] Tick Logger A
[System] Tick Logger B
[Physics] tick=7680 ents=12 hasDyn=12 types(d/k)=12/0 null=0 yRange=[0.209,0.865] yDyn0=0.809 pendingDestroy=0
[System] Tick Logger A
[System] Tick Logger B
[System] Tick Logger A
[System] Tick Logger B
[System] Tick Logger A
[System] Tick Logger B
[System] Tick Logger A
[System] Tick Logger B
[System] Tick Logger A
[System] Tick Logger B
[System] Tick Logger A
[System] Tick Logger B
[System] Tick Logger A
[System] Tick Logger B
[System] Tick Logger A
[System] Tick Logger B
[System] Tick Logger A
[System] Tick Logger B
[System] Tick Logger A
[System] Tick Logger B
[System] Tick Logger A
[System] Tick Logger B
[System] Tick Logger A
[System] Tick Logger B
[System] Tick Logger A
[System] Tick Logger B
[System] Tick Logger A
[System] Tick Logger B
[System] Tick Logger A
[System] Tick Logger B
[soccer] id7 pos=(3.36,-3.58) bodyvel=(0.59,0.06) desired=(0.79,5.44) force=(24.9,674.5) round=0/0 phase=1
[System] Tick Logger A
[System] Tick Logger B
[System] Tick Logger A
[System] Tick Logger B
[System] Tick Logger A
[System] Tick Logger B
[System] Tick Logger A
[System] Tick Logger B
[System] Tick Logger A
[System] Tick Logger B
[System] Tick Logger A
[System] Tick Logger B
[System] Tick Logger A
[System] Tick Logger B
[System] Tick Logger A
[System] Tick Logger B
[System] Tick Logger A
[System] Tick Logger B
[System] Tick Logger A
[System] Tick Logger B
[System] Tick Logger A
[System] Tick Logger B
[System] Tick Logger A
[System] Tick Logger B
[System] Tick Logger A
[System] Tick Logger B
[System] Tick Logger A
[System] Tick Logger B
[System] Tick Logger A
[System] Tick Logger B
[System] Tick Logger A
[System] Tick Logger B
[System] Tick Logger A
[System] Tick Logger B
[System] Tick Logger A
[System] Tick Logger B
[System] Tick Logger A
[System] Tick Logger B
[System] Tick Logger A
[System] Tick Logger B
[System] Tick Logger A
[System] Tick Logger B
[System] Tick Logger A
[System] Tick Logger B
[System] Tick Logger A
[System] Tick Logger B
[System] Tick Logger A
[System] Tick Logger B
[System] Tick Logger A
[System] Tick Logger B
[System] Tick Logger A
[System] Tick Logger B
[System] Tick Logger A
[System] Tick Logger B
[System] Tick Logger A
[System] Tick Logger B
[System] Tick Logger A
[System] Tick Logger B
[System] Tick Logger A
[System] Tick Logger B
[System] Tick Logger A
[System] Tick Logger B
[System] Tick Logger A
[System] Tick Logger B
[System] Tick Logger A
[System] Tick Logger B
[System] Tick Logger A
[System] Tick Logger B
[System] Tick Logger A
[System] Tick Logger B
[System] Tick Logger A
[System] Tick Logger B
[System] Tick Logger A
[System] Tick Logger B
[System] Tick Logger A
[System] Tick Logger B
[System] Tick Logger A
[System] Tick Logger B
[System] Tick Logger A
[System] Tick Logger B
[System] Tick Logger A
[System] Tick Logger B
[System] Tick Logger A
[System] Tick Logger B
[System] Tick Logger A
[System] Tick Logger B
[System] Tick Logger A
[System] Tick Logger B
[System] Tick Logger A
[System] Tick Logger B
[Physics] tick=7740 ents=12 hasDyn=12 types(d/k)=12/0 null=0 yRange=[0.209,0.865] yDyn0=0.809 pendingDestroy=0
[System] Tick Logger A
[System] Tick Logger B
[System] Tick Logger A
[System] Tick Logger B
[System] Tick Logger A
[System] Tick Logger B
[System] Tick Logger A
[System] Tick Logger B
[System] Tick Logger A
[System] Tick Logger B
[System] Tick Logger A
[System] Tick Logger B
[System] Tick Logger A
[System] Tick Logger B
[System] Tick Logger A
[System] Tick Logger B
[System] Tick Logger A
[System] Tick Logger B
[System] Tick Logger A
[System] Tick Logger B
[System] Tick Logger A
[System] Tick Logger B
[System] Tick Logger A
[System] Tick Logger B
[System] Tick Logger A
[System] Tick Logger B
[System] Tick Logger A
[System] Tick Logger B
[System] Tick Logger A
[System] Tick Logger B
[System] Tick Logger A
[System] Tick Logger B
[System] Tick Logger A
[System] Tick Logger B
[System] Tick Logger A
[System] Tick Logger B
[System] Tick Logger A
[System] Tick Logger B
[System] Tick Logger A
[System] Tick Logger B
[System] Tick Logger A
[System] Tick Logger B
[System] Tick Logger A
[System] Tick Logger B
[System] Tick Logger A
[System] Tick Logger B
[System] Tick Logger A
[System] Tick Logger B
[System] Tick Logger A
[System] Tick Logger B
[System] Tick Logger A
[System] Tick Logger B
[System] Tick Logger A
[System] Tick Logger B
[System] Tick Logger A
[System] Tick Logger B
[System] Tick Logger A
[System] Tick Logger B
[System] Tick Logger A
[System] Tick Logger B
[System] Tick Logger A
[System] Tick Logger B
[System] Tick Logger A
[System] Tick Logger B
[System] Tick Logger A
[System] Tick Logger B
[System] Tick Logger A
[System] Tick Logger B
[System] Tick Logger A
[System] Tick Logger B
[System] Tick Logger A
[System] Tick Logger B
[System] Tick Logger A
[System] Tick Logger B
[System] Tick Logger A
[System] Tick Logger B
[System] Tick Logger A
[System] Tick Logger B
[System] Tick Logger A
[System] Tick Logger B
[System] Tick Logger A
[System] Tick Logger B
[System] Tick Logger A
[System] Tick Logger B
[System] Tick Logger A
[System] Tick Logger B
[System] Tick Logger A
[System] Tick Logger B
[System] Tick Logger A
[System] Tick Logger B
[System] Tick Logger A
[System] Tick Logger B
[System] Tick Logger A
[System] Tick Logger B
[System] Tick Logger A
[System] Tick Logger B
[System] Tick Logger A
[System] Tick Logger B
[System] Tick Logger A
[System] Tick Logger B
[System] Tick Logger A
[System] Tick Logger B
[System] Tick Logger A
[System] Tick Logger B
[System] Tick Logger A
[System] Tick Logger B
[System] Tick Logger A
[System] Tick Logger B
[System] Tick Logger A
[System] Tick Logger B
[System] Tick Logger A
[System] Tick Logger B
[System] Tick Logger A
[System] Tick Logger B
[System] Tick Logger A
[System] Tick Logger B
[System] Tick Logger A
[System] Tick Logger B
[System] Tick Logger A
[System] Tick Logger B
[Physics] tick=7800 ents=12 hasDyn=12 types(d/k)=12/0 null=0 yRange=[0.209,0.865] yDyn0=0.809 pendingDestroy=0
[System] Tick Logger A
[System] Tick Logger B
[System] Tick Logger A
[System] Tick Logger B
[System] Tick Logger A
[System] Tick Logger B
[System] Tick Logger A
[System] Tick Logger B
[System] Tick Logger A
[System] Tick Logger B
[System] Tick Logger A
[System] Tick Logger B
[System] Tick Logger A
[System] Tick Logger B
[System] Tick Logger A
[System] Tick Logger B
[System] Tick Logger A
[System] Tick Logger B
[System] Tick Logger A
[System] Tick Logger B
[System] Tick Logger A
[System] Tick Logger B
[System] Tick Logger A
[System] Tick Logger B
[System] Tick Logger A
[System] Tick Logger B
[System] Tick Logger A
[System] Tick Logger B
[System] Tick Logger A
[System] Tick Logger B
[System] Tick Logger A
[System] Tick Logger B
[System] Tick Logger A
[System] Tick Logger B
[System] Tick Logger A
[System] Tick Logger B
[System] Tick Logger A
[System] Tick Logger B
[System] Tick Logger A
[System] Tick Logger B
[System] Tick Logger A
[System] Tick Logger B
[System] Tick Logger A
[System] Tick Logger B
[System] Tick Logger A
[System] Tick Logger B
[System] Tick Logger A
[System] Tick Logger B
[System] Tick Logger A
[System] Tick Logger B
[System] Tick Logger A
[System] Tick Logger B
[System] Tick Logger A
[System] Tick Logger B
[System] Tick Logger A
[System] Tick Logger B
[System] Tick Logger A
[System] Tick Logger B
[System] Tick Logger A
[System] Tick Logger B
[System] Tick Logger A
[System] Tick Logger B
[System] Tick Logger A
[System] Tick Logger B
[System] Tick Logger A
[System] Tick Logger B
[System] Tick Logger A
[System] Tick Logger B
[System] Tick Logger A
[System] Tick Logger B
[System] Tick Logger A
[System] Tick Logger B
[System] Tick Logger A
[System] Tick Logger B
[System] Tick Logger A
[System] Tick Logger B
[System] Tick Logger A
[System] Tick Logger B
[System] Tick Logger A
[System] Tick Logger B
[System] Tick Logger A
[System] Tick Logger B
[System] Tick Logger A
[System] Tick Logger B
[System] Tick Logger A
[System] Tick Logger B
[System] Tick Logger A
[System] Tick Logger B
[System] Tick Logger A
[System] Tick Logger B
[System] Tick Logger A
[System] Tick Logger B
[System] Tick Logger A
[System] Tick Logger B
[System] Tick Logger A
[System] Tick Logger B
[System] Tick Logger A
[System] Tick Logger B
[System] Tick Logger A
[System] Tick Logger B
[System] Tick Logger A
[System] Tick Logger B
[System] Tick Logger A
[System] Tick Logger B
[System] Tick Logger A
[System] Tick Logger B
[System] Tick Logger A
[System] Tick Logger B
[System] Tick Logger A
[System] Tick Logger B
[System] Tick Logger A
[System] Tick Logger B
[System] Tick Logger A
[System] Tick Logger B
[System] Tick Logger A
[System] Tick Logger B
[System] Tick Logger A
[System] Tick Logger B
[System] Tick Logger A
[System] Tick Logger B
[Physics] tick=7860 ents=12 hasDyn=12 types(d/k)=12/0 null=0 yRange=[0.208,0.865] yDyn0=0.809 pendingDestroy=0
[System] Tick Logger A
[System] Tick Logger B
[System] Tick Logger A
[System] Tick Logger B
[System] Tick Logger A
[System] Tick Logger B
[System] Tick Logger A
[System] Tick Logger B
[System] Tick Logger A
[System] Tick Logger B
[System] Tick Logger A
[System] Tick Logger B
[System] Tick Logger A
[System] Tick Logger B
[System] Tick Logger A
[System] Tick Logger B
[System] Tick Logger A
[System] Tick Logger B
[System] Tick Logger A
[System] Tick Logger B
[System] Tick Logger A
[System] Tick Logger B
[System] Tick Logger A
[System] Tick Logger B
[System] Tick Logger A
[System] Tick Logger B
[System] Tick Logger A
[System] Tick Logger B
[System] Tick Logger A
[System] Tick Logger B
[System] Tick Logger A
[System] Tick Logger B
[System] Tick Logger A
[System] Tick Logger B
[System] Tick Logger A
[System] Tick Logger B
[System] Tick Logger A
[System] Tick Logger B
[System] Tick Logger A
[System] Tick Logger B
[System] Tick Logger A
[System] Tick Logger B
[System] Tick Logger A
[System] Tick Logger B
[System] Tick Logger A
[System] Tick Logger B
[System] Tick Logger A
[System] Tick Logger B
[System] Tick Logger A
[System] Tick Logger B
[System] Tick Logger A
[System] Tick Logger B
[System] Tick Logger A
[System] Tick Logger B
[System] Tick Logger A
[System] Tick Logger B
[System] Tick Logger A
[System] Tick Logger B
[System] Tick Logger A
[System] Tick Logger B
[System] Tick Logger A
[System] Tick Logger B
[System] Tick Logger A
[System] Tick Logger B
[System] Tick Logger A
[System] Tick Logger B
[System] Tick Logger A
[System] Tick Logger B
[System] Tick Logger A
[System] Tick Logger B
[System] Tick Logger A
[System] Tick Logger B
[System] Tick Logger A
[System] Tick Logger B
[System] Tick Logger A
[System] Tick Logger B
[System] Tick Logger A
[System] Tick Logger B
[System] Tick Logger A
[System] Tick Logger B
[System] Tick Logger A
[System] Tick Logger B
[System] Tick Logger A
[System] Tick Logger B
[System] Tick Logger A
[System] Tick Logger B
[System] Tick Logger A
[System] Tick Logger B
[System] Tick Logger A
[System] Tick Logger B
[System] Tick Logger A
[System] Tick Logger B
[System] Tick Logger A
[System] Tick Logger B
[System] Tick Logger A
[System] Tick Logger B
[System] Tick Logger A
[System] Tick Logger B
[System] Tick Logger A
[System] Tick Logger B
[System] Tick Logger A
[System] Tick Logger B
[System] Tick Logger A
[System] Tick Logger B
[System] Tick Logger A
[System] Tick Logger B
[System] Tick Logger A
[System] Tick Logger B
[System] Tick Logger A
[System] Tick Logger B
[System] Tick Logger A
[System] Tick Logger B
[System] Tick Logger A
[System] Tick Logger B
[System] Tick Logger A
[System] Tick Logger B
[System] Tick Logger A
[System] Tick Logger B
[System] Tick Logger A
[System] Tick Logger B
[Physics] tick=7920 ents=12 hasDyn=12 types(d/k)=12/0 null=0 yRange=[0.208,0.865] yDyn0=0.809 pendingDestroy=0
[System] Tick Logger A
[System] Tick Logger B
[System] Tick Logger A
[System] Tick Logger B
[System] Tick Logger A
[System] Tick Logger B
[System] Tick Logger A
[System] Tick Logger B
[System] Tick Logger A
[System] Tick Logger B
[System] Tick Logger A
[System] Tick Logger B
[System] Tick Logger A
[System] Tick Logger B
[System] Tick Logger A
[System] Tick Logger B
[System] Tick Logger A
[System] Tick Logger B
[System] Tick Logger A
[System] Tick Logger B
[System] Tick Logger A
[System] Tick Logger B
[System] Tick Logger A
[System] Tick Logger B
[System] Tick Logger A
[System] Tick Logger B
[System] Tick Logger A
[System] Tick Logger B
[System] Tick Logger A
[System] Tick Logger B
[System] Tick Logger A
[System] Tick Logger B
[System] Tick Logger A
[System] Tick Logger B
[System] Tick Logger A
[System] Tick Logger B
[System] Tick Logger A
[System] Tick Logger B
[System] Tick Logger A
[System] Tick Logger B
[System] Tick Logger A
[System] Tick Logger B
[System] Tick Logger A
[System] Tick Logger B
[System] Tick Logger A
[System] Tick Logger B
[System] Tick Logger A
[System] Tick Logger B
[System] Tick Logger A
[System] Tick Logger B
[System] Tick Logger A
[System] Tick Logger B
[System] Tick Logger A
[System] Tick Logger B
[System] Tick Logger A
[System] Tick Logger B
[System] Tick Logger A
[System] Tick Logger B
[System] Tick Logger A
[System] Tick Logger B
[System] Tick Logger A
[System] Tick Logger B
[System] Tick Logger A
[System] Tick Logger B
[System] Tick Logger A
[System] Tick Logger B
[System] Tick Logger A
[System] Tick Logger B
[System] Tick Logger A
[System] Tick Logger B
[System] Tick Logger A
[System] Tick Logger B
[System] Tick Logger A
[System] Tick Logger B
[System] Tick Logger A
[System] Tick Logger B
[System] Tick Logger A
[System] Tick Logger B
[System] Tick Logger A
[System] Tick Logger B
[System] Tick Logger A
[System] Tick Logger B
[System] Tick Logger A
[System] Tick Logger B
[System] Tick Logger A
[System] Tick Logger B
[System] Tick Logger A
[System] Tick Logger B
[System] Tick Logger A
[System] Tick Logger B
[System] Tick Logger A
[System] Tick Logger B
[System] Tick Logger A
[System] Tick Logger B
[System] Tick Logger A
[System] Tick Logger B
[System] Tick Logger A
[System] Tick Logger B
[System] Tick Logger A
[System] Tick Logger B
[System] Tick Logger A
[System] Tick Logger B
[System] Tick Logger A
[System] Tick Logger B
[System] Tick Logger A
[System] Tick Logger B
[System] Tick Logger A
[System] Tick Logger B
[System] Tick Logger A
[System] Tick Logger B
[System] Tick Logger A
[System] Tick Logger B
[System] Tick Logger A
[System] Tick Logger B
[System] Tick Logger A
[System] Tick Logger B
[System] Tick Logger A
[System] Tick Logger B
[System] Tick Logger A
[System] Tick Logger B
[Physics] tick=7980 ents=12 hasDyn=12 types(d/k)=12/0 null=0 yRange=[0.208,0.865] yDyn0=0.809 pendingDestroy=0
[System] Tick Logger A
[System] Tick Logger B
[System] Tick Logger A
[System] Tick Logger B
[System] Tick Logger A
[System] Tick Logger B
[System] Tick Logger A
[System] Tick Logger B
[System] Tick Logger A
[System] Tick Logger B
[System] Tick Logger A
[System] Tick Logger B
[System] Tick Logger A
[System] Tick Logger B
[System] Tick Logger A
[System] Tick Logger B
[System] Tick Logger A
[System] Tick Logger B
[System] Tick Logger A
[System] Tick Logger B
[System] Tick Logger A
[System] Tick Logger B
[System] Tick Logger A
[System] Tick Logger B
[System] Tick Logger A
[System] Tick Logger B
[System] Tick Logger A
[System] Tick Logger B
[System] Tick Logger A
[System] Tick Logger B
[System] Tick Logger A
[System] Tick Logger B
[System] Tick Logger A
[System] Tick Logger B
[System] Tick Logger A
[System] Tick Logger B
[System] Tick Logger A
[System] Tick Logger B
[System] Tick Logger A
[System] Tick Logger B
[System] Tick Logger A
[System] Tick Logger B
[System] Tick Logger A
[System] Tick Logger B
[System] Tick Logger A
[System] Tick Logger B
[System] Tick Logger A
[System] Tick Logger B
[System] Tick Logger A
[System] Tick Logger B
[System] Tick Logger A
[System] Tick Logger B
[System] Tick Logger A
[System] Tick Logger B
[System] Tick Logger A
[System] Tick Logger B
[System] Tick Logger A
[System] Tick Logger B
[System] Tick Logger A
[System] Tick Logger B
[System] Tick Logger A
[System] Tick Logger B
[System] Tick Logger A
[System] Tick Logger B
[System] Tick Logger A
[System] Tick Logger B
[System] Tick Logger A
[System] Tick Logger B
[System] Tick Logger A
[System] Tick Logger B
[System] Tick Logger A
[System] Tick Logger B
[System] Tick Logger A
[System] Tick Logger B
[System] Tick Logger A
[System] Tick Logger B
[System] Tick Logger A
[System] Tick Logger B
[System] Tick Logger A
[System] Tick Logger B
[System] Tick Logger A
[System] Tick Logger B
[System] Tick Logger A
[System] Tick Logger B
[System] Tick Logger A
[System] Tick Logger B
[System] Tick Logger A
[System] Tick Logger B
[System] Tick Logger A
[System] Tick Logger B
[System] Tick Logger A
[System] Tick Logger B
[System] Tick Logger A
[System] Tick Logger B
[System] Tick Logger A
[System] Tick Logger B
[System] Tick Logger A
[System] Tick Logger B
[System] Tick Logger A
[System] Tick Logger B
[System] Tick Logger A
[System] Tick Logger B
[System] Tick Logger A
[System] Tick Logger B
[System] Tick Logger A
[System] Tick Logger B
[System] Tick Logger A
[System] Tick Logger B
[System] Tick Logger A
[System] Tick Logger B
[System] Tick Logger A
[System] Tick Logger B
[System] Tick Logger A
[System] Tick Logger B
[System] Tick Logger A
[System] Tick Logger B
[System] Tick Logger A
[System] Tick Logger B
[System] Tick Logger A
[System] Tick Logger B
[Physics] tick=8040 ents=12 hasDyn=12 types(d/k)=12/0 null=0 yRange=[0.207,0.865] yDyn0=0.809 pendingDestroy=0
[System] Tick Logger A
[System] Tick Logger B
[System] Tick Logger A
[System] Tick Logger B
[System] Tick Logger A
[System] Tick Logger B
[System] Tick Logger A
[System] Tick Logger B
[System] Tick Logger A
[System] Tick Logger B
[soccer] id7 pos=(3.60,-3.74) bodyvel=(1.06,-0.07) desired=(5.42,0.93) force=(658.1,149.9) round=0/0 phase=1
[System] Tick Logger A
[System] Tick Logger B
[System] Tick Logger A
[System] Tick Logger B
[System] Tick Logger A
[System] Tick Logger B
[System] Tick Logger A
[System] Tick Logger B
[System] Tick Logger A
[System] Tick Logger B
[System] Tick Logger A
[System] Tick Logger B
[System] Tick Logger A
[System] Tick Logger B
[System] Tick Logger A
[System] Tick Logger B
[System] Tick Logger A
[System] Tick Logger B
[System] Tick Logger A
[System] Tick Logger B
[System] Tick Logger A
[System] Tick Logger B
[System] Tick Logger A
[System] Tick Logger B
[System] Tick Logger A
[System] Tick Logger B
[System] Tick Logger A
[System] Tick Logger B
[System] Tick Logger A
[System] Tick Logger B
[System] Tick Logger A
[System] Tick Logger B
[System] Tick Logger A
[System] Tick Logger B
[System] Tick Logger A
[System] Tick Logger B
[System] Tick Logger A
[System] Tick Logger B
[System] Tick Logger A
[System] Tick Logger B
[System] Tick Logger A
[System] Tick Logger B
[System] Tick Logger A
[System] Tick Logger B
[System] Tick Logger A
[System] Tick Logger B
[System] Tick Logger A
[System] Tick Logger B
[System] Tick Logger A
[System] Tick Logger B
[System] Tick Logger A
[System] Tick Logger B
[System] Tick Logger A
[System] Tick Logger B
[System] Tick Logger A
[System] Tick Logger B
[System] Tick Logger A
[System] Tick Logger B
[System] Tick Logger A
[System] Tick Logger B
[System] Tick Logger A
[System] Tick Logger B
[System] Tick Logger A
[System] Tick Logger B
[System] Tick Logger A
[System] Tick Logger B
[System] Tick Logger A
[System] Tick Logger B
[System] Tick Logger A
[System] Tick Logger B
[System] Tick Logger A
[System] Tick Logger B
[System] Tick Logger A
[System] Tick Logger B
[System] Tick Logger A
[System] Tick Logger B
[System] Tick Logger A
[System] Tick Logger B
[System] Tick Logger A
[System] Tick Logger B
[System] Tick Logger A
[System] Tick Logger B
[System] Tick Logger A
[System] Tick Logger B
[System] Tick Logger A
[System] Tick Logger B
[System] Tick Logger A
[System] Tick Logger B
[System] Tick Logger A
[System] Tick Logger B
[System] Tick Logger A
[System] Tick Logger B
[System] Tick Logger A
[System] Tick Logger B
[System] Tick Logger A
[System] Tick Logger B
[System] Tick Logger A
[System] Tick Logger B
[System] Tick Logger A
[System] Tick Logger B
[System] Tick Logger A
[System] Tick Logger B
[System] Tick Logger A
[System] Tick Logger B
[System] Tick Logger A
[System] Tick Logger B
[System] Tick Logger A
[System] Tick Logger B
[System] Tick Logger A
[System] Tick Logger B
[Physics] tick=8100 ents=12 hasDyn=12 types(d/k)=12/0 null=0 yRange=[0.208,0.865] yDyn0=0.809 pendingDestroy=0
[System] Tick Logger A
[System] Tick Logger B
[System] Tick Logger A
[System] Tick Logger B
[System] Tick Logger A
[System] Tick Logger B
[System] Tick Logger A
[System] Tick Logger B
[System] Tick Logger A
[System] Tick Logger B
[System] Tick Logger A
[System] Tick Logger B
[System] Tick Logger A
[System] Tick Logger B
[System] Tick Logger A
[System] Tick Logger B
[System] Tick Logger A
[System] Tick Logger B
[System] Tick Logger A
[System] Tick Logger B
[System] Tick Logger A
[System] Tick Logger B
[System] Tick Logger A
[System] Tick Logger B
[System] Tick Logger A
[System] Tick Logger B
[System] Tick Logger A
[System] Tick Logger B
[System] Tick Logger A
[System] Tick Logger B
[System] Tick Logger A
[System] Tick Logger B
[System] Tick Logger A
[System] Tick Logger B
[System] Tick Logger A
[System] Tick Logger B
[System] Tick Logger A
[System] Tick Logger B
[System] Tick Logger A
[System] Tick Logger B
[System] Tick Logger A
[System] Tick Logger B
[System] Tick Logger A
[System] Tick Logger B
[System] Tick Logger A
[System] Tick Logger B
[System] Tick Logger A
[System] Tick Logger B
[System] Tick Logger A
[System] Tick Logger B
[System] Tick Logger A
[System] Tick Logger B
[System] Tick Logger A
[System] Tick Logger B
[System] Tick Logger A
[System] Tick Logger B
[System] Tick Logger A
[System] Tick Logger B
[System] Tick Logger A
[System] Tick Logger B
[System] Tick Logger A
[System] Tick Logger B
[System] Tick Logger A
[System] Tick Logger B
[System] Tick Logger A
[System] Tick Logger B
[System] Tick Logger A
[System] Tick Logger B
[System] Tick Logger A
[System] Tick Logger B
[System] Tick Logger A
[System] Tick Logger B
[System] Tick Logger A
[System] Tick Logger B
[System] Tick Logger A
[System] Tick Logger B
[System] Tick Logger A
[System] Tick Logger B
[System] Tick Logger A
[System] Tick Logger B
[System] Tick Logger A
[System] Tick Logger B
[System] Tick Logger A
[System] Tick Logger B
[System] Tick Logger A
[System] Tick Logger B
[System] Tick Logger A
[System] Tick Logger B
[System] Tick Logger A
[System] Tick Logger B
[System] Tick Logger A
[System] Tick Logger B
[System] Tick Logger A
[System] Tick Logger B
[System] Tick Logger A
[System] Tick Logger B
[System] Tick Logger A
[System] Tick Logger B
[System] Tick Logger A
[System] Tick Logger B
[System] Tick Logger A
[System] Tick Logger B
[System] Tick Logger A
[System] Tick Logger B
[System] Tick Logger A
[System] Tick Logger B
[System] Tick Logger A
[System] Tick Logger B
[System] Tick Logger A
[System] Tick Logger B
[System] Tick Logger A
[System] Tick Logger B
[System] Tick Logger A
[System] Tick Logger B
[System] Tick Logger A
[System] Tick Logger B
[System] Tick Logger A
[System] Tick Logger B
[System] Tick Logger A
[System] Tick Logger B
[Physics] tick=8160 ents=12 hasDyn=12 types(d/k)=12/0 null=0 yRange=[0.208,0.865] yDyn0=0.809 pendingDestroy=0
[System] Tick Logger A
[System] Tick Logger B
[System] Tick Logger A
[System] Tick Logger B
[System] Tick Logger A
[System] Tick Logger B
[System] Tick Logger A
[System] Tick Logger B
[System] Tick Logger A
[System] Tick Logger B
[System] Tick Logger A
[System] Tick Logger B
[System] Tick Logger A
[System] Tick Logger B
[System] Tick Logger A
[System] Tick Logger B
[System] Tick Logger A
[System] Tick Logger B
[System] Tick Logger A
[System] Tick Logger B
[System] Tick Logger A
[System] Tick Logger B
[System] Tick Logger A
[System] Tick Logger B
[System] Tick Logger A
[System] Tick Logger B
[System] Tick Logger A
[System] Tick Logger B
[System] Tick Logger A
[System] Tick Logger B
[System] Tick Logger A
[System] Tick Logger B
[System] Tick Logger A
[System] Tick Logger B
[System] Tick Logger A
[System] Tick Logger B
[System] Tick Logger A
[System] Tick Logger B
[System] Tick Logger A
[System] Tick Logger B
[System] Tick Logger A
[System] Tick Logger B
[System] Tick Logger A
[System] Tick Logger B
[System] Tick Logger A
[System] Tick Logger B
[System] Tick Logger A
[System] Tick Logger B
[System] Tick Logger A
[System] Tick Logger B
[System] Tick Logger A
[System] Tick Logger B
[System] Tick Logger A
[System] Tick Logger B
[System] Tick Logger A
[System] Tick Logger B
[System] Tick Logger A
[System] Tick Logger B
[System] Tick Logger A
[System] Tick Logger B
[System] Tick Logger A
[System] Tick Logger B
[System] Tick Logger A
[System] Tick Logger B
[System] Tick Logger A
[System] Tick Logger B
[System] Tick Logger A
[System] Tick Logger B
[System] Tick Logger A
[System] Tick Logger B
[System] Tick Logger A
[System] Tick Logger B
[System] Tick Logger A
[System] Tick Logger B
[System] Tick Logger A
[System] Tick Logger B
[System] Tick Logger A
[System] Tick Logger B
[System] Tick Logger A
[System] Tick Logger B
[System] Tick Logger A
[System] Tick Logger B
[System] Tick Logger A
[System] Tick Logger B
[System] Tick Logger A
[System] Tick Logger B
[System] Tick Logger A
[System] Tick Logger B
[System] Tick Logger A
[System] Tick Logger B
[System] Tick Logger A
[System] Tick Logger B
[System] Tick Logger A
[System] Tick Logger B
[System] Tick Logger A
[System] Tick Logger B
[System] Tick Logger A
[System] Tick Logger B
[System] Tick Logger A
[System] Tick Logger B
[System] Tick Logger A
[System] Tick Logger B
[System] Tick Logger A
[System] Tick Logger B
[System] Tick Logger A
[System] Tick Logger B
[System] Tick Logger A
[System] Tick Logger B
[System] Tick Logger A
[System] Tick Logger B
[System] Tick Logger A
[System] Tick Logger B
[System] Tick Logger A
[System] Tick Logger B
[System] Tick Logger A
[System] Tick Logger B
[System] Tick Logger A
[System] Tick Logger B
[System] Tick Logger A
[System] Tick Logger B
[Physics] tick=8220 ents=12 hasDyn=12 types(d/k)=12/0 null=0 yRange=[0.208,0.865] yDyn0=0.809 pendingDestroy=0
[System] Tick Logger A
[System] Tick Logger B
[System] Tick Logger A
[System] Tick Logger B
[System] Tick Logger A
[System] Tick Logger B
[System] Tick Logger A
[System] Tick Logger B
[System] Tick Logger A
[System] Tick Logger B
[System] Tick Logger A
[System] Tick Logger B
[System] Tick Logger A
[System] Tick Logger B
[System] Tick Logger A
[System] Tick Logger B
[System] Tick Logger A
[System] Tick Logger B
[System] Tick Logger A
[System] Tick Logger B
[System] Tick Logger A
[System] Tick Logger B
[System] Tick Logger A
[System] Tick Logger B
[System] Tick Logger A
[System] Tick Logger B
[System] Tick Logger A
[System] Tick Logger B
[System] Tick Logger A
[System] Tick Logger B
[System] Tick Logger A
[System] Tick Logger B
[System] Tick Logger A
[System] Tick Logger B
[System] Tick Logger A
[System] Tick Logger B
[System] Tick Logger A
[System] Tick Logger B
[System] Tick Logger A
[System] Tick Logger B
[System] Tick Logger A
[System] Tick Logger B
[System] Tick Logger A
[System] Tick Logger B
[System] Tick Logger A
[System] Tick Logger B
[System] Tick Logger A
[System] Tick Logger B
[System] Tick Logger A
[System] Tick Logger B
[System] Tick Logger A
[System] Tick Logger B
[System] Tick Logger A
[System] Tick Logger B
[System] Tick Logger A
[System] Tick Logger B
[System] Tick Logger A
[System] Tick Logger B
[System] Tick Logger A
[System] Tick Logger B
[System] Tick Logger A
[System] Tick Logger B
[System] Tick Logger A
[System] Tick Logger B
[System] Tick Logger A
[System] Tick Logger B
[System] Tick Logger A
[System] Tick Logger B
[System] Tick Logger A
[System] Tick Logger B
[System] Tick Logger A
[System] Tick Logger B
[System] Tick Logger A
[System] Tick Logger B
[System] Tick Logger A
[System] Tick Logger B
[System] Tick Logger A
[System] Tick Logger B
[System] Tick Logger A
[System] Tick Logger B
[System] Tick Logger A
[System] Tick Logger B
[System] Tick Logger A
[System] Tick Logger B
[System] Tick Logger A
[System] Tick Logger B
[System] Tick Logger A
[System] Tick Logger B
[System] Tick Logger A
[System] Tick Logger B
[System] Tick Logger A
[System] Tick Logger B
[System] Tick Logger A
[System] Tick Logger B
[System] Tick Logger A
[System] Tick Logger B
[System] Tick Logger A
[System] Tick Logger B
[System] Tick Logger A
[System] Tick Logger B
[System] Tick Logger A
[System] Tick Logger B
[System] Tick Logger A
[System] Tick Logger B
[System] Tick Logger A
[System] Tick Logger B
[System] Tick Logger A
[System] Tick Logger B
[System] Tick Logger A
[System] Tick Logger B
[System] Tick Logger A
[System] Tick Logger B
[System] Tick Logger A
[System] Tick Logger B
[System] Tick Logger A
[System] Tick Logger B
[System] Tick Logger A
[System] Tick Logger B
[System] Tick Logger A
[System] Tick Logger B
[Physics] tick=8280 ents=12 hasDyn=12 types(d/k)=12/0 null=0 yRange=[0.209,0.865] yDyn0=0.809 pendingDestroy=0
[System] Tick Logger A
[System] Tick Logger B
[System] Tick Logger A
[System] Tick Logger B
[System] Tick Logger A
[System] Tick Logger B
[System] Tick Logger A
[System] Tick Logger B
[System] Tick Logger A
[System] Tick Logger B
[System] Tick Logger A
[System] Tick Logger B
[System] Tick Logger A
[System] Tick Logger B
[System] Tick Logger A
[System] Tick Logger B
[System] Tick Logger A
[System] Tick Logger B
[System] Tick Logger A
[System] Tick Logger B
[System] Tick Logger A
[System] Tick Logger B
[System] Tick Logger A
[System] Tick Logger B
[System] Tick Logger A
[System] Tick Logger B
[System] Tick Logger A
[System] Tick Logger B
[System] Tick Logger A
[System] Tick Logger B
[System] Tick Logger A
[System] Tick Logger B
[System] Tick Logger A
[System] Tick Logger B
[System] Tick Logger A
[System] Tick Logger B
[System] Tick Logger A
[System] Tick Logger B
[System] Tick Logger A
[System] Tick Logger B
[System] Tick Logger A
[System] Tick Logger B
[System] Tick Logger A
[System] Tick Logger B
[System] Tick Logger A
[System] Tick Logger B
[System] Tick Logger A
[System] Tick Logger B
[System] Tick Logger A
[System] Tick Logger B
[System] Tick Logger A
[System] Tick Logger B
[System] Tick Logger A
[System] Tick Logger B
[System] Tick Logger A
[System] Tick Logger B
[System] Tick Logger A
[System] Tick Logger B
[System] Tick Logger A
[System] Tick Logger B
[System] Tick Logger A
[System] Tick Logger B
[System] Tick Logger A
[System] Tick Logger B
[System] Tick Logger A
[System] Tick Logger B
[System] Tick Logger A
[System] Tick Logger B
[System] Tick Logger A
[System] Tick Logger B
[System] Tick Logger A
[System] Tick Logger B
[System] Tick Logger A
[System] Tick Logger B
[System] Tick Logger A
[System] Tick Logger B
[System] Tick Logger A
[System] Tick Logger B
[System] Tick Logger A
[System] Tick Logger B
[System] Tick Logger A
[System] Tick Logger B
[System] Tick Logger A
[System] Tick Logger B
[System] Tick Logger A
[System] Tick Logger B
[System] Tick Logger A
[System] Tick Logger B
[System] Tick Logger A
[System] Tick Logger B
[System] Tick Logger A
[System] Tick Logger B
[System] Tick Logger A
[System] Tick Logger B
[System] Tick Logger A
[System] Tick Logger B
[System] Tick Logger A
[System] Tick Logger B
[System] Tick Logger A
[System] Tick Logger B
[System] Tick Logger A
[System] Tick Logger B
[System] Tick Logger A
[System] Tick Logger B
[System] Tick Logger A
[System] Tick Logger B
[System] Tick Logger A
[System] Tick Logger B
[System] Tick Logger A
[System] Tick Logger B
[System] Tick Logger A
[System] Tick Logger B
[System] Tick Logger A
[System] Tick Logger B
[System] Tick Logger A
[System] Tick Logger B
[System] Tick Logger A
[System] Tick Logger B
[System] Tick Logger A
[System] Tick Logger B
[Physics] tick=8340 ents=12 hasDyn=12 types(d/k)=12/0 null=0 yRange=[0.210,0.865] yDyn0=0.809 pendingDestroy=0
[System] Tick Logger A
[System] Tick Logger B
[System] Tick Logger A
[System] Tick Logger B
[System] Tick Logger A
[System] Tick Logger B
[System] Tick Logger A
[System] Tick Logger B
[System] Tick Logger A
[System] Tick Logger B
[System] Tick Logger A
[System] Tick Logger B
[System] Tick Logger A
[System] Tick Logger B
[System] Tick Logger A
[System] Tick Logger B
[System] Tick Logger A
[System] Tick Logger B
[System] Tick Logger A
[System] Tick Logger B
[System] Tick Logger A
[System] Tick Logger B
[System] Tick Logger A
[System] Tick Logger B
[System] Tick Logger A
[System] Tick Logger B
[System] Tick Logger A
[System] Tick Logger B
[System] Tick Logger A
[System] Tick Logger B
[System] Tick Logger A
[System] Tick Logger B
[System] Tick Logger A
[System] Tick Logger B
[System] Tick Logger A
[System] Tick Logger B
[System] Tick Logger A
[System] Tick Logger B
[System] Tick Logger A
[System] Tick Logger B
[System] Tick Logger A
[System] Tick Logger B
[System] Tick Logger A
[System] Tick Logger B
[System] Tick Logger A
[System] Tick Logger B
[System] Tick Logger A
[System] Tick Logger B
[System] Tick Logger A
[System] Tick Logger B
[System] Tick Logger A
[System] Tick Logger B
[System] Tick Logger A
[System] Tick Logger B
[System] Tick Logger A
[System] Tick Logger B
[System] Tick Logger A
[System] Tick Logger B
[System] Tick Logger A
[System] Tick Logger B
[System] Tick Logger A
[System] Tick Logger B
[System] Tick Logger A
[System] Tick Logger B
[System] Tick Logger A
[System] Tick Logger B
[System] Tick Logger A
[System] Tick Logger B
[System] Tick Logger A
[System] Tick Logger B
[System] Tick Logger A
[System] Tick Logger B
[System] Tick Logger A
[System] Tick Logger B
[System] Tick Logger A
[System] Tick Logger B
[System] Tick Logger A
[System] Tick Logger B
[System] Tick Logger A
[System] Tick Logger B
[System] Tick Logger A
[System] Tick Logger B
[System] Tick Logger A
[System] Tick Logger B
[System] Tick Logger A
[System] Tick Logger B
[System] Tick Logger A
[System] Tick Logger B
[System] Tick Logger A
[System] Tick Logger B
[System] Tick Logger A
[System] Tick Logger B
[System] Tick Logger A
[System] Tick Logger B
[System] Tick Logger A
[System] Tick Logger B
[System] Tick Logger A
[System] Tick Logger B
[System] Tick Logger A
[System] Tick Logger B
[System] Tick Logger A
[System] Tick Logger B
[System] Tick Logger A
[System] Tick Logger B
[System] Tick Logger A
[System] Tick Logger B
[System] Tick Logger A
[System] Tick Logger B
[System] Tick Logger A
[System] Tick Logger B
[System] Tick Logger A
[System] Tick Logger B
[System] Tick Logger A
[System] Tick Logger B
[System] Tick Logger A
[System] Tick Logger B
[System] Tick Logger A
[System] Tick Logger B
[System] Tick Logger A
[System] Tick Logger B
[Physics] tick=8400 ents=12 hasDyn=12 types(d/k)=12/0 null=0 yRange=[0.209,0.865] yDyn0=0.809 pendingDestroy=0
[soccer] id7 pos=(4.49,-3.60) bodyvel=(2.45,0.61) desired=(5.20,1.79) force=(620.1,266.6) round=0/0 phase=1
[System] Tick Logger A
[System] Tick Logger B
[System] Tick Logger A
[System] Tick Logger B
[System] Tick Logger A
[System] Tick Logger B
[System] Tick Logger A
[System] Tick Logger B
[System] Tick Logger A
[System] Tick Logger B
[System] Tick Logger A
[System] Tick Logger B
[System] Tick Logger A
[System] Tick Logger B
[System] Tick Logger A
[System] Tick Logger B
[System] Tick Logger A
[System] Tick Logger B
[System] Tick Logger A
[System] Tick Logger B
[System] Tick Logger A
[System] Tick Logger B
[System] Tick Logger A
[System] Tick Logger B
[System] Tick Logger A
[System] Tick Logger B
[System] Tick Logger A
[System] Tick Logger B
[System] Tick Logger A
[System] Tick Logger B
[System] Tick Logger A
[System] Tick Logger B
[System] Tick Logger A
[System] Tick Logger B
[System] Tick Logger A
[System] Tick Logger B
[System] Tick Logger A
[System] Tick Logger B
[System] Tick Logger A
[System] Tick Logger B
[System] Tick Logger A
[System] Tick Logger B
[System] Tick Logger A
[System] Tick Logger B
[System] Tick Logger A
[System] Tick Logger B
[System] Tick Logger A
[System] Tick Logger B
[System] Tick Logger A
[System] Tick Logger B
[System] Tick Logger A
[System] Tick Logger B
[System] Tick Logger A
[System] Tick Logger B
[System] Tick Logger A
[System] Tick Logger B
[System] Tick Logger A
[System] Tick Logger B
[System] Tick Logger A
[System] Tick Logger B
[System] Tick Logger A
[System] Tick Logger B
[System] Tick Logger A
[System] Tick Logger B
[System] Tick Logger A
[System] Tick Logger B
[System] Tick Logger A
[System] Tick Logger B
[System] Tick Logger A
[System] Tick Logger B
[System] Tick Logger A
[System] Tick Logger B
[System] Tick Logger A
[System] Tick Logger B
[System] Tick Logger A
[System] Tick Logger B
[System] Tick Logger A
[System] Tick Logger B
[System] Tick Logger A
[System] Tick Logger B
[System] Tick Logger A
[System] Tick Logger B
[System] Tick Logger A
[System] Tick Logger B
[System] Tick Logger A
[System] Tick Logger B
[System] Tick Logger A
[System] Tick Logger B
[System] Tick Logger A
[System] Tick Logger B
[System] Tick Logger A
[System] Tick Logger B
[System] Tick Logger A
[System] Tick Logger B
[System] Tick Logger A
[System] Tick Logger B
[System] Tick Logger A
[System] Tick Logger B
[System] Tick Logger A
[System] Tick Logger B
[System] Tick Logger A
[System] Tick Logger B
[System] Tick Logger A
[System] Tick Logger B
[System] Tick Logger A
[System] Tick Logger B
[System] Tick Logger A
[System] Tick Logger B
[System] Tick Logger A
[System] Tick Logger B
[System] Tick Logger A
[System] Tick Logger B
[System] Tick Logger A
[System] Tick Logger B
[System] Tick Logger A
[System] Tick Logger B
[System] Tick Logger A
[System] Tick Logger B
[System] Tick Logger A
[System] Tick Logger B
[Physics] tick=8460 ents=12 hasDyn=12 types(d/k)=12/0 null=0 yRange=[0.209,0.865] yDyn0=0.809 pendingDestroy=0
[System] Tick Logger A
[System] Tick Logger B
[System] Tick Logger A
[System] Tick Logger B
[System] Tick Logger A
[System] Tick Logger B
[System] Tick Logger A
[System] Tick Logger B
[System] Tick Logger A
[System] Tick Logger B
[System] Tick Logger A
[System] Tick Logger B
[System] Tick Logger A
[System] Tick Logger B
[System] Tick Logger A
[System] Tick Logger B
[System] Tick Logger A
[System] Tick Logger B
[System] Tick Logger A
[System] Tick Logger B
[System] Tick Logger A
[System] Tick Logger B
[System] Tick Logger A
[System] Tick Logger B
[System] Tick Logger A
[System] Tick Logger B
[System] Tick Logger A
[System] Tick Logger B
[System] Tick Logger A
[System] Tick Logger B
[System] Tick Logger A
[System] Tick Logger B
[System] Tick Logger A
[System] Tick Logger B
[System] Tick Logger A
[System] Tick Logger B
[System] Tick Logger A
[System] Tick Logger B
[System] Tick Logger A
[System] Tick Logger B
[System] Tick Logger A
[System] Tick Logger B
[System] Tick Logger A
[System] Tick Logger B
[System] Tick Logger A
[System] Tick Logger B
[System] Tick Logger A
[System] Tick Logger B
[System] Tick Logger A
[System] Tick Logger B
[System] Tick Logger A
[System] Tick Logger B
[System] Tick Logger A
[System] Tick Logger B
[System] Tick Logger A
[System] Tick Logger B
[System] Tick Logger A
[System] Tick Logger B
[System] Tick Logger A
[System] Tick Logger B
[System] Tick Logger A
[System] Tick Logger B
[System] Tick Logger A
[System] Tick Logger B
[System] Tick Logger A
[System] Tick Logger B
[System] Tick Logger A
[System] Tick Logger B
[System] Tick Logger A
[System] Tick Logger B
[System] Tick Logger A
[System] Tick Logger B
[System] Tick Logger A
[System] Tick Logger B
[System] Tick Logger A
[System] Tick Logger B
[System] Tick Logger A
[System] Tick Logger B
[System] Tick Logger A
[System] Tick Logger B
[System] Tick Logger A
[System] Tick Logger B
[System] Tick Logger A
[System] Tick Logger B
[System] Tick Logger A
[System] Tick Logger B
[System] Tick Logger A
[System] Tick Logger B
[System] Tick Logger A
[System] Tick Logger B
[System] Tick Logger A
[System] Tick Logger B
[System] Tick Logger A
[System] Tick Logger B
[System] Tick Logger A
[System] Tick Logger B
[System] Tick Logger A
[System] Tick Logger B
[System] Tick Logger A
[System] Tick Logger B
[System] Tick Logger A
[System] Tick Logger B
[System] Tick Logger A
[System] Tick Logger B
[System] Tick Logger A
[System] Tick Logger B
[System] Tick Logger A
[System] Tick Logger B
[System] Tick Logger A
[System] Tick Logger B
[System] Tick Logger A
[System] Tick Logger B
[System] Tick Logger A
[System] Tick Logger B
[System] Tick Logger A
[System] Tick Logger B
[System] Tick Logger A
[System] Tick Logger B
[System] Tick Logger A
[System] Tick Logger B
[Physics] tick=8520 ents=12 hasDyn=12 types(d/k)=12/0 null=0 yRange=[0.208,0.865] yDyn0=0.809 pendingDestroy=0
[System] Tick Logger A
[System] Tick Logger B
[System] Tick Logger A
[System] Tick Logger B
[System] Tick Logger A
[System] Tick Logger B
[System] Tick Logger A
[System] Tick Logger B
[System] Tick Logger A
[System] Tick Logger B
[System] Tick Logger A
[System] Tick Logger B
[System] Tick Logger A
[System] Tick Logger B
[System] Tick Logger A
[System] Tick Logger B
[System] Tick Logger A
[System] Tick Logger B
[System] Tick Logger A
[System] Tick Logger B
[System] Tick Logger A
[System] Tick Logger B
[System] Tick Logger A
[System] Tick Logger B
[System] Tick Logger A
[System] Tick Logger B
[System] Tick Logger A
[System] Tick Logger B
[System] Tick Logger A
[System] Tick Logger B
[System] Tick Logger A
[System] Tick Logger B
[System] Tick Logger A
[System] Tick Logger B
[System] Tick Logger A
[System] Tick Logger B
[System] Tick Logger A
[System] Tick Logger B
[System] Tick Logger A
[System] Tick Logger B
[System] Tick Logger A
[System] Tick Logger B
[System] Tick Logger A
[System] Tick Logger B
[System] Tick Logger A
[System] Tick Logger B
[System] Tick Logger A
[System] Tick Logger B
[System] Tick Logger A
[System] Tick Logger B
[System] Tick Logger A
[System] Tick Logger B
[System] Tick Logger A
[System] Tick Logger B
[System] Tick Logger A
[System] Tick Logger B
[System] Tick Logger A
[System] Tick Logger B
[System] Tick Logger A
[System] Tick Logger B
[System] Tick Logger A
[System] Tick Logger B
[System] Tick Logger A
[System] Tick Logger B
[System] Tick Logger A
[System] Tick Logger B
[System] Tick Logger A
[System] Tick Logger B
[System] Tick Logger A
[System] Tick Logger B
[System] Tick Logger A
[System] Tick Logger B
[System] Tick Logger A
[System] Tick Logger B
[System] Tick Logger A
[System] Tick Logger B
[System] Tick Logger A
[System] Tick Logger B
[System] Tick Logger A
[System] Tick Logger B
[System] Tick Logger A
[System] Tick Logger B
[System] Tick Logger A
[System] Tick Logger B
[System] Tick Logger A
[System] Tick Logger B
[System] Tick Logger A
[System] Tick Logger B
[System] Tick Logger A
[System] Tick Logger B
[System] Tick Logger A
[System] Tick Logger B
[System] Tick Logger A
[System] Tick Logger B
[System] Tick Logger A
[System] Tick Logger B
[System] Tick Logger A
[System] Tick Logger B
[System] Tick Logger A
[System] Tick Logger B
[System] Tick Logger A
[System] Tick Logger B
[System] Tick Logger A
[System] Tick Logger B
[System] Tick Logger A
[System] Tick Logger B
[System] Tick Logger A
[System] Tick Logger B
[System] Tick Logger A
[System] Tick Logger B
[System] Tick Logger A
[System] Tick Logger B
[System] Tick Logger A
[System] Tick Logger B
[System] Tick Logger A
[System] Tick Logger B
[System] Tick Logger A
[System] Tick Logger B
[System] Tick Logger A
[System] Tick Logger B
[Physics] tick=8580 ents=12 hasDyn=12 types(d/k)=12/0 null=0 yRange=[0.208,0.865] yDyn0=0.809 pendingDestroy=0
[System] Tick Logger A
[System] Tick Logger B
[System] Tick Logger A
[System] Tick Logger B
[System] Tick Logger A
[System] Tick Logger B
[System] Tick Logger A
[System] Tick Logger B
[System] Tick Logger A
[System] Tick Logger B
[System] Tick Logger A
[System] Tick Logger B
[System] Tick Logger A
[System] Tick Logger B
[System] Tick Logger A
[System] Tick Logger B
[System] Tick Logger A
[System] Tick Logger B
[System] Tick Logger A
[System] Tick Logger B
[System] Tick Logger A
[System] Tick Logger B
[System] Tick Logger A
[System] Tick Logger B
[System] Tick Logger A
[System] Tick Logger B
[System] Tick Logger A
[System] Tick Logger B
[System] Tick Logger A
[System] Tick Logger B
[System] Tick Logger A
[System] Tick Logger B
[System] Tick Logger A
[System] Tick Logger B
[System] Tick Logger A
[System] Tick Logger B
[System] Tick Logger A
[System] Tick Logger B
[System] Tick Logger A
[System] Tick Logger B
[System] Tick Logger A
[System] Tick Logger B
[System] Tick Logger A
[System] Tick Logger B
[System] Tick Logger A
[System] Tick Logger B
[System] Tick Logger A
[System] Tick Logger B
[System] Tick Logger A
[System] Tick Logger B
[System] Tick Logger A
[System] Tick Logger B
[System] Tick Logger A
[System] Tick Logger B
[System] Tick Logger A
[System] Tick Logger B
[System] Tick Logger A
[System] Tick Logger B
[System] Tick Logger A
[System] Tick Logger B
[System] Tick Logger A
[System] Tick Logger B
[System] Tick Logger A
[System] Tick Logger B
[System] Tick Logger A
[System] Tick Logger B
[System] Tick Logger A
[System] Tick Logger B
[System] Tick Logger A
[System] Tick Logger B
[System] Tick Logger A
[System] Tick Logger B
[System] Tick Logger A
[System] Tick Logger B
[System] Tick Logger A
[System] Tick Logger B
[System] Tick Logger A
[System] Tick Logger B
[System] Tick Logger A
[System] Tick Logger B
[System] Tick Logger A
[System] Tick Logger B
[System] Tick Logger A
[System] Tick Logger B
[System] Tick Logger A
[System] Tick Logger B
[System] Tick Logger A
[System] Tick Logger B
[System] Tick Logger A
[System] Tick Logger B
[System] Tick Logger A
[System] Tick Logger B
[System] Tick Logger A
[System] Tick Logger B
[System] Tick Logger A
[System] Tick Logger B
[System] Tick Logger A
[System] Tick Logger B
[System] Tick Logger A
[System] Tick Logger B
[System] Tick Logger A
[System] Tick Logger B
[System] Tick Logger A
[System] Tick Logger B
[System] Tick Logger A
[System] Tick Logger B
[System] Tick Logger A
[System] Tick Logger B
[System] Tick Logger A
[System] Tick Logger B
[System] Tick Logger A
[System] Tick Logger B
[System] Tick Logger A
[System] Tick Logger B
[System] Tick Logger A
[System] Tick Logger B
[System] Tick Logger A
[System] Tick Logger B
[System] Tick Logger A
[System] Tick Logger B
[Physics] tick=8640 ents=12 hasDyn=12 types(d/k)=12/0 null=0 yRange=[0.208,0.865] yDyn0=0.809 pendingDestroy=0
[System] Tick Logger A
[System] Tick Logger B
[System] Tick Logger A
[System] Tick Logger B
[System] Tick Logger A
[System] Tick Logger B
[System] Tick Logger A
[System] Tick Logger B
[System] Tick Logger A
[System] Tick Logger B
[System] Tick Logger A
[System] Tick Logger B
[System] Tick Logger A
[System] Tick Logger B
[System] Tick Logger A
[System] Tick Logger B
[System] Tick Logger A
[System] Tick Logger B
[System] Tick Logger A
[System] Tick Logger B
[System] Tick Logger A
[System] Tick Logger B
[System] Tick Logger A
[System] Tick Logger B
[System] Tick Logger A
[System] Tick Logger B
[System] Tick Logger A
[System] Tick Logger B
[System] Tick Logger A
[System] Tick Logger B
[System] Tick Logger A
[System] Tick Logger B
[System] Tick Logger A
[System] Tick Logger B
[System] Tick Logger A
[System] Tick Logger B
[System] Tick Logger A
[System] Tick Logger B
[System] Tick Logger A
[System] Tick Logger B
[System] Tick Logger A
[System] Tick Logger B
[System] Tick Logger A
[System] Tick Logger B
[System] Tick Logger A
[System] Tick Logger B
[System] Tick Logger A
[System] Tick Logger B
[System] Tick Logger A
[System] Tick Logger B
[System] Tick Logger A
[System] Tick Logger B
[System] Tick Logger A
[System] Tick Logger B
[System] Tick Logger A
[System] Tick Logger B
[System] Tick Logger A
[System] Tick Logger B
[System] Tick Logger A
[System] Tick Logger B
[System] Tick Logger A
[System] Tick Logger B
[System] Tick Logger A
[System] Tick Logger B
[System] Tick Logger A
[System] Tick Logger B
[System] Tick Logger A
[System] Tick Logger B
[System] Tick Logger A
[System] Tick Logger B
[System] Tick Logger A
[System] Tick Logger B
[System] Tick Logger A
[System] Tick Logger B
[System] Tick Logger A
[System] Tick Logger B
[System] Tick Logger A
[System] Tick Logger B
[System] Tick Logger A
[System] Tick Logger B
[System] Tick Logger A
[System] Tick Logger B
[System] Tick Logger A
[System] Tick Logger B
[System] Tick Logger A
[System] Tick Logger B
[System] Tick Logger A
[System] Tick Logger B
[System] Tick Logger A
[System] Tick Logger B
[System] Tick Logger A
[System] Tick Logger B
[System] Tick Logger A
[System] Tick Logger B
[System] Tick Logger A
[System] Tick Logger B
[System] Tick Logger A
[System] Tick Logger B
[System] Tick Logger A
[System] Tick Logger B
[System] Tick Logger A
[System] Tick Logger B
[System] Tick Logger A
[System] Tick Logger B
[System] Tick Logger A
[System] Tick Logger B
[System] Tick Logger A
[System] Tick Logger B
[System] Tick Logger A
[System] Tick Logger B
[System] Tick Logger A
[System] Tick Logger B
[System] Tick Logger A
[System] Tick Logger B
[System] Tick Logger A
[System] Tick Logger B
[System] Tick Logger A
[System] Tick Logger B
[System] Tick Logger A
[System] Tick Logger B
[Physics] tick=8700 ents=12 hasDyn=12 types(d/k)=12/0 null=0 yRange=[0.207,0.865] yDyn0=0.809 pendingDestroy=0
[System] Tick Logger A
[System] Tick Logger B
[System] Tick Logger A
[System] Tick Logger B
[System] Tick Logger A
[System] Tick Logger B
[System] Tick Logger A
[System] Tick Logger B
[System] Tick Logger A
[System] Tick Logger B
[System] Tick Logger A
[System] Tick Logger B
[System] Tick Logger A
[System] Tick Logger B
[System] Tick Logger A
[System] Tick Logger B
[System] Tick Logger A
[System] Tick Logger B
[System] Tick Logger A
[System] Tick Logger B
[System] Tick Logger A
[System] Tick Logger B
[System] Tick Logger A
[System] Tick Logger B
[System] Tick Logger A
[System] Tick Logger B
[System] Tick Logger A
[System] Tick Logger B
[System] Tick Logger A
[System] Tick Logger B
[System] Tick Logger A
[System] Tick Logger B
[System] Tick Logger A
[System] Tick Logger B
[System] Tick Logger A
[System] Tick Logger B
[System] Tick Logger A
[System] Tick Logger B
[System] Tick Logger A
[System] Tick Logger B
[System] Tick Logger A
[System] Tick Logger B
[System] Tick Logger A
[System] Tick Logger B
[System] Tick Logger A
[System] Tick Logger B
[System] Tick Logger A
[System] Tick Logger B
[System] Tick Logger A
[System] Tick Logger B
[System] Tick Logger A
[System] Tick Logger B
[System] Tick Logger A
[System] Tick Logger B
[System] Tick Logger A
[System] Tick Logger B
[System] Tick Logger A
[System] Tick Logger B
[System] Tick Logger A
[System] Tick Logger B
[System] Tick Logger A
[System] Tick Logger B
[System] Tick Logger A
[System] Tick Logger B
[System] Tick Logger A
[System] Tick Logger B
[System] Tick Logger A
[System] Tick Logger B
[System] Tick Logger A
[System] Tick Logger B
[System] Tick Logger A
[System] Tick Logger B
[System] Tick Logger A
[System] Tick Logger B
[System] Tick Logger A
[System] Tick Logger B
[System] Tick Logger A
[System] Tick Logger B
[System] Tick Logger A
[System] Tick Logger B
[System] Tick Logger A
[System] Tick Logger B
[System] Tick Logger A
[System] Tick Logger B
[System] Tick Logger A
[System] Tick Logger B
[System] Tick Logger A
[System] Tick Logger B
[System] Tick Logger A
[System] Tick Logger B
[System] Tick Logger A
[System] Tick Logger B
[System] Tick Logger A
[System] Tick Logger B
[System] Tick Logger A
[System] Tick Logger B
[System] Tick Logger A
[System] Tick Logger B
[System] Tick Logger A
[System] Tick Logger B
[System] Tick Logger A
[System] Tick Logger B
[System] Tick Logger A
[System] Tick Logger B
[System] Tick Logger A
[System] Tick Logger B
[System] Tick Logger A
[System] Tick Logger B
[System] Tick Logger A
[System] Tick Logger B
[System] Tick Logger A
[System] Tick Logger B
[System] Tick Logger A
[System] Tick Logger B
[soccer] id7 pos=(5.93,-2.92) bodyvel=(3.03,2.31) desired=(4.05,3.72) force=(397.4,545.6) round=0/0 phase=1
[System] Tick Logger A
[System] Tick Logger B
[System] Tick Logger A
[System] Tick Logger B
[System] Tick Logger A
[System] Tick Logger B
[Physics] tick=8760 ents=12 hasDyn=12 types(d/k)=12/0 null=0 yRange=[0.208,0.865] yDyn0=0.809 pendingDestroy=0
[System] Tick Logger A
[System] Tick Logger B
[System] Tick Logger A
[System] Tick Logger B
[System] Tick Logger A
[System] Tick Logger B
[System] Tick Logger A
[System] Tick Logger B
[System] Tick Logger A
[System] Tick Logger B
[System] Tick Logger A
[System] Tick Logger B
[System] Tick Logger A
[System] Tick Logger B
[System] Tick Logger A
[System] Tick Logger B
[System] Tick Logger A
[System] Tick Logger B
[System] Tick Logger A
[System] Tick Logger B
[System] Tick Logger A
[System] Tick Logger B
[System] Tick Logger A
[System] Tick Logger B
[System] Tick Logger A
[System] Tick Logger B
[System] Tick Logger A
[System] Tick Logger B
[System] Tick Logger A
[System] Tick Logger B
[System] Tick Logger A
[System] Tick Logger B
[System] Tick Logger A
[System] Tick Logger B
[System] Tick Logger A
[System] Tick Logger B
[System] Tick Logger A
[System] Tick Logger B
[System] Tick Logger A
[System] Tick Logger B
[System] Tick Logger A
[System] Tick Logger B
[System] Tick Logger A
[System] Tick Logger B
[System] Tick Logger A
[System] Tick Logger B
[System] Tick Logger A
[System] Tick Logger B
[System] Tick Logger A
[System] Tick Logger B
[System] Tick Logger A
[System] Tick Logger B
[System] Tick Logger A
[System] Tick Logger B
[System] Tick Logger A
[System] Tick Logger B
[System] Tick Logger A
[System] Tick Logger B
[System] Tick Logger A
[System] Tick Logger B
[System] Tick Logger A
[System] Tick Logger B
[System] Tick Logger A
[System] Tick Logger B
[System] Tick Logger A
[System] Tick Logger B
[System] Tick Logger A
[System] Tick Logger B
[System] Tick Logger A
[System] Tick Logger B
[System] Tick Logger A
[System] Tick Logger B
[System] Tick Logger A
[System] Tick Logger B
[System] Tick Logger A
[System] Tick Logger B
[System] Tick Logger A
[System] Tick Logger B
[System] Tick Logger A
[System] Tick Logger B
[System] Tick Logger A
[System] Tick Logger B
[System] Tick Logger A
[System] Tick Logger B
[System] Tick Logger A
[System] Tick Logger B
[System] Tick Logger A
[System] Tick Logger B
[System] Tick Logger A
[System] Tick Logger B
[System] Tick Logger A
[System] Tick Logger B
[System] Tick Logger A
[System] Tick Logger B
[System] Tick Logger A
[System] Tick Logger B
[System] Tick Logger A
[System] Tick Logger B
[System] Tick Logger A
[System] Tick Logger B
[System] Tick Logger A
[System] Tick Logger B
[System] Tick Logger A
[System] Tick Logger B
[System] Tick Logger A
[System] Tick Logger B
[System] Tick Logger A
[System] Tick Logger B
[System] Tick Logger A
[System] Tick Logger B
[System] Tick Logger A
[System] Tick Logger B
[System] Tick Logger A
[System] Tick Logger B
[System] Tick Logger A
[System] Tick Logger B
[System] Tick Logger A
[System] Tick Logger B
[System] Tick Logger A
[System] Tick Logger B
[Physics] tick=8820 ents=12 hasDyn=12 types(d/k)=12/0 null=0 yRange=[0.208,0.865] yDyn0=0.809 pendingDestroy=0
[System] Tick Logger A
[System] Tick Logger B
[System] Tick Logger A
[System] Tick Logger B
[System] Tick Logger A
[System] Tick Logger B
[System] Tick Logger A
[System] Tick Logger B
[System] Tick Logger A
[System] Tick Logger B
[System] Tick Logger A
[System] Tick Logger B
[System] Tick Logger A
[System] Tick Logger B
[System] Tick Logger A
[System] Tick Logger B
[System] Tick Logger A
[System] Tick Logger B
[System] Tick Logger A
[System] Tick Logger B
[System] Tick Logger A
[System] Tick Logger B
[System] Tick Logger A
[System] Tick Logger B
[System] Tick Logger A
[System] Tick Logger B
[System] Tick Logger A
[System] Tick Logger B
[System] Tick Logger A
[System] Tick Logger B
[System] Tick Logger A
[System] Tick Logger B
[System] Tick Logger A
[System] Tick Logger B
[System] Tick Logger A
[System] Tick Logger B
[System] Tick Logger A
[System] Tick Logger B
[System] Tick Logger A
[System] Tick Logger B
[System] Tick Logger A
[System] Tick Logger B
[System] Tick Logger A
[System] Tick Logger B
[System] Tick Logger A
[System] Tick Logger B
[System] Tick Logger A
[System] Tick Logger B
[System] Tick Logger A
[System] Tick Logger B
[System] Tick Logger A
[System] Tick Logger B
[System] Tick Logger A
[System] Tick Logger B
[System] Tick Logger A
[System] Tick Logger B
[System] Tick Logger A
[System] Tick Logger B
[System] Tick Logger A
[System] Tick Logger B
[System] Tick Logger A
[System] Tick Logger B
[System] Tick Logger A
[System] Tick Logger B
[System] Tick Logger A
[System] Tick Logger B
[System] Tick Logger A
[System] Tick Logger B
[System] Tick Logger A
[System] Tick Logger B
[System] Tick Logger A
[System] Tick Logger B
[System] Tick Logger A
[System] Tick Logger B
[System] Tick Logger A
[System] Tick Logger B
[System] Tick Logger A
[System] Tick Logger B
[System] Tick Logger A
[System] Tick Logger B
[System] Tick Logger A
[System] Tick Logger B
[System] Tick Logger A
[System] Tick Logger B
[System] Tick Logger A
[System] Tick Logger B
[System] Tick Logger A
[System] Tick Logger B
[System] Tick Logger A
[System] Tick Logger B
[System] Tick Logger A
[System] Tick Logger B
[System] Tick Logger A
[System] Tick Logger B
[System] Tick Logger A
[System] Tick Logger B
[System] Tick Logger A
[System] Tick Logger B
[System] Tick Logger A
[System] Tick Logger B
[System] Tick Logger A
[System] Tick Logger B
[System] Tick Logger A
[System] Tick Logger B
[System] Tick Logger A
[System] Tick Logger B
[System] Tick Logger A
[System] Tick Logger B
[System] Tick Logger A
[System] Tick Logger B
[System] Tick Logger A
[System] Tick Logger B
[System] Tick Logger A
[System] Tick Logger B
[System] Tick Logger A
[System] Tick Logger B
[System] Tick Logger A
[System] Tick Logger B
[System] Tick Logger A
[System] Tick Logger B
[Physics] tick=8880 ents=12 hasDyn=12 types(d/k)=12/0 null=0 yRange=[0.208,0.865] yDyn0=0.809 pendingDestroy=0
[System] Tick Logger A
[System] Tick Logger B
[System] Tick Logger A
[System] Tick Logger B
[System] Tick Logger A
[System] Tick Logger B
[System] Tick Logger A
[System] Tick Logger B
[System] Tick Logger A
[System] Tick Logger B
[System] Tick Logger A
[System] Tick Logger B
[System] Tick Logger A
[System] Tick Logger B
[System] Tick Logger A
[System] Tick Logger B
[System] Tick Logger A
[System] Tick Logger B
[System] Tick Logger A
[System] Tick Logger B
[System] Tick Logger A
[System] Tick Logger B
[System] Tick Logger A
[System] Tick Logger B
[System] Tick Logger A
[System] Tick Logger B
[System] Tick Logger A
[System] Tick Logger B
[System] Tick Logger A
[System] Tick Logger B
[System] Tick Logger A
[System] Tick Logger B
[System] Tick Logger A
[System] Tick Logger B
[System] Tick Logger A
[System] Tick Logger B
[System] Tick Logger A
[System] Tick Logger B
[System] Tick Logger A
[System] Tick Logger B
[System] Tick Logger A
[System] Tick Logger B
[System] Tick Logger A
[System] Tick Logger B
[System] Tick Logger A
[System] Tick Logger B
[System] Tick Logger A
[System] Tick Logger B
[System] Tick Logger A
[System] Tick Logger B
[System] Tick Logger A
[System] Tick Logger B
[System] Tick Logger A
[System] Tick Logger B
[System] Tick Logger A
[System] Tick Logger B
[System] Tick Logger A
[System] Tick Logger B
[System] Tick Logger A
[System] Tick Logger B
[System] Tick Logger A
[System] Tick Logger B
[System] Tick Logger A
[System] Tick Logger B
[System] Tick Logger A
[System] Tick Logger B
[System] Tick Logger A
[System] Tick Logger B
[System] Tick Logger A
[System] Tick Logger B
[System] Tick Logger A
[System] Tick Logger B
[System] Tick Logger A
[System] Tick Logger B
[System] Tick Logger A
[System] Tick Logger B
[System] Tick Logger A
[System] Tick Logger B
[System] Tick Logger A
[System] Tick Logger B
[System] Tick Logger A
[System] Tick Logger B
[System] Tick Logger A
[System] Tick Logger B
[System] Tick Logger A
[System] Tick Logger B
[System] Tick Logger A
[System] Tick Logger B
[System] Tick Logger A
[System] Tick Logger B
[System] Tick Logger A
[System] Tick Logger B
[System] Tick Logger A
[System] Tick Logger B
[System] Tick Logger A
[System] Tick Logger B
[System] Tick Logger A
[System] Tick Logger B
[System] Tick Logger A
[System] Tick Logger B
[System] Tick Logger A
[System] Tick Logger B
[System] Tick Logger A
[System] Tick Logger B
[System] Tick Logger A
[System] Tick Logger B
[System] Tick Logger A
[System] Tick Logger B
[System] Tick Logger A
[System] Tick Logger B
[System] Tick Logger A
[System] Tick Logger B
[System] Tick Logger A
[System] Tick Logger B
[System] Tick Logger A
[System] Tick Logger B
[System] Tick Logger A
[System] Tick Logger B
[System] Tick Logger A
[System] Tick Logger B
[Physics] tick=8940 ents=12 hasDyn=12 types(d/k)=12/0 null=0 yRange=[0.209,0.865] yDyn0=0.809 pendingDestroy=0
[System] Tick Logger A
[System] Tick Logger B
[System] Tick Logger A
[System] Tick Logger B
[System] Tick Logger A
[System] Tick Logger B
[System] Tick Logger A
[System] Tick Logger B
[System] Tick Logger A
[System] Tick Logger B
[System] Tick Logger A
[System] Tick Logger B
[System] Tick Logger A
[System] Tick Logger B
[System] Tick Logger A
[System] Tick Logger B
[System] Tick Logger A
[System] Tick Logger B
[System] Tick Logger A
[System] Tick Logger B
[System] Tick Logger A
[System] Tick Logger B
[System] Tick Logger A
[System] Tick Logger B
[System] Tick Logger A
[System] Tick Logger B
[System] Tick Logger A
[System] Tick Logger B
[System] Tick Logger A
[System] Tick Logger B
[System] Tick Logger A
[System] Tick Logger B
[System] Tick Logger A
[System] Tick Logger B
[System] Tick Logger A
[System] Tick Logger B
[System] Tick Logger A
[System] Tick Logger B
[System] Tick Logger A
[System] Tick Logger B
[System] Tick Logger A
[System] Tick Logger B
[System] Tick Logger A
[System] Tick Logger B
[System] Tick Logger A
[System] Tick Logger B
[System] Tick Logger A
[System] Tick Logger B
[System] Tick Logger A
[System] Tick Logger B
[System] Tick Logger A
[System] Tick Logger B
[System] Tick Logger A
[System] Tick Logger B
[System] Tick Logger A
[System] Tick Logger B
[System] Tick Logger A
[System] Tick Logger B
[System] Tick Logger A
[System] Tick Logger B
[System] Tick Logger A
[System] Tick Logger B
[System] Tick Logger A
[System] Tick Logger B
[System] Tick Logger A
[System] Tick Logger B
[System] Tick Logger A
[System] Tick Logger B
[System] Tick Logger A
[System] Tick Logger B
[System] Tick Logger A
[System] Tick Logger B
[System] Tick Logger A
[System] Tick Logger B
[System] Tick Logger A
[System] Tick Logger B
[System] Tick Logger A
[System] Tick Logger B
[System] Tick Logger A
[System] Tick Logger B
[System] Tick Logger A
[System] Tick Logger B
[System] Tick Logger A
[System] Tick Logger B
[System] Tick Logger A
[System] Tick Logger B
[System] Tick Logger A
[System] Tick Logger B
[System] Tick Logger A
[System] Tick Logger B
[System] Tick Logger A
[System] Tick Logger B
[System] Tick Logger A
[System] Tick Logger B
[System] Tick Logger A
[System] Tick Logger B
[System] Tick Logger A
[System] Tick Logger B
[System] Tick Logger A
[System] Tick Logger B
[System] Tick Logger A
[System] Tick Logger B
[System] Tick Logger A
[System] Tick Logger B
[System] Tick Logger A
[System] Tick Logger B
[System] Tick Logger A
[System] Tick Logger B
[System] Tick Logger A
[System] Tick Logger B
[System] Tick Logger A
[System] Tick Logger B
[System] Tick Logger A
[System] Tick Logger B
[System] Tick Logger A
[System] Tick Logger B
[System] Tick Logger A
[System] Tick Logger B
[System] Tick Logger A
[System] Tick Logger B
[Physics] tick=9000 ents=12 hasDyn=12 types(d/k)=12/0 null=0 yRange=[0.210,0.865] yDyn0=0.809 pendingDestroy=0
[System] Tick Logger A
[System] Tick Logger B
[System] Tick Logger A
[System] Tick Logger B
[System] Tick Logger A
[System] Tick Logger B
[System] Tick Logger A
[System] Tick Logger B
[System] Tick Logger A
[System] Tick Logger B
[System] Tick Logger A
[System] Tick Logger B
[System] Tick Logger A
[System] Tick Logger B
[System] Tick Logger A
[System] Tick Logger B
[System] Tick Logger A
[System] Tick Logger B
[System] Tick Logger A
[System] Tick Logger B
[System] Tick Logger A
[System] Tick Logger B
[System] Tick Logger A
[System] Tick Logger B
[System] Tick Logger A
[System] Tick Logger B
[System] Tick Logger A
[System] Tick Logger B
[System] Tick Logger A
[System] Tick Logger B
[System] Tick Logger A
[System] Tick Logger B
[System] Tick Logger A
[System] Tick Logger B
[System] Tick Logger A
[System] Tick Logger B
[System] Tick Logger A
[System] Tick Logger B
[System] Tick Logger A
[System] Tick Logger B
[System] Tick Logger A
[System] Tick Logger B
[System] Tick Logger A
[System] Tick Logger B
[System] Tick Logger A
[System] Tick Logger B
[System] Tick Logger A
[System] Tick Logger B
[System] Tick Logger A
[System] Tick Logger B
[System] Tick Logger A
[System] Tick Logger B
[System] Tick Logger A
[System] Tick Logger B
[System] Tick Logger A
[System] Tick Logger B
[System] Tick Logger A
[System] Tick Logger B
[System] Tick Logger A
[System] Tick Logger B
[System] Tick Logger A
[System] Tick Logger B
[System] Tick Logger A
[System] Tick Logger B
[System] Tick Logger A
[System] Tick Logger B
[System] Tick Logger A
[System] Tick Logger B
[System] Tick Logger A
[System] Tick Logger B
[System] Tick Logger A
[System] Tick Logger B
[System] Tick Logger A
[System] Tick Logger B
[System] Tick Logger A
[System] Tick Logger B
[System] Tick Logger A
[System] Tick Logger B
[System] Tick Logger A
[System] Tick Logger B
[System] Tick Logger A
[System] Tick Logger B
[System] Tick Logger A
[System] Tick Logger B
[System] Tick Logger A
[System] Tick Logger B
[System] Tick Logger A
[System] Tick Logger B
[System] Tick Logger A
[System] Tick Logger B
[System] Tick Logger A
[System] Tick Logger B
[System] Tick Logger A
[System] Tick Logger B
[System] Tick Logger A
[System] Tick Logger B
[System] Tick Logger A
[System] Tick Logger B
[System] Tick Logger A
[System] Tick Logger B
[System] Tick Logger A
[System] Tick Logger B
[System] Tick Logger A
[System] Tick Logger B
[System] Tick Logger A
[System] Tick Logger B
[System] Tick Logger A
[System] Tick Logger B
[System] Tick Logger A
[System] Tick Logger B
[System] Tick Logger A
[System] Tick Logger B
[System] Tick Logger A
[System] Tick Logger B
[System] Tick Logger A
[System] Tick Logger B
[System] Tick Logger A
[System] Tick Logger B
[System] Tick Logger A
[System] Tick Logger B
[Physics] tick=9060 ents=12 hasDyn=12 types(d/k)=12/0 null=0 yRange=[0.210,0.865] yDyn0=0.809 pendingDestroy=0
[System] Tick Logger A
[System] Tick Logger B
[System] Tick Logger A
[System] Tick Logger B
[System] Tick Logger A
[System] Tick Logger B
[System] Tick Logger A
[System] Tick Logger B
[System] Tick Logger A
[System] Tick Logger B
[System] Tick Logger A
[System] Tick Logger B
[System] Tick Logger A
[System] Tick Logger B
[System] Tick Logger A
[System] Tick Logger B
[System] Tick Logger A
[System] Tick Logger B
[System] Tick Logger A
[System] Tick Logger B
[System] Tick Logger A
[System] Tick Logger B
[System] Tick Logger A
[System] Tick Logger B
[System] Tick Logger A
[System] Tick Logger B
[System] Tick Logger A
[System] Tick Logger B
[System] Tick Logger A
[System] Tick Logger B
[System] Tick Logger A
[System] Tick Logger B
[System] Tick Logger A
[System] Tick Logger B
[System] Tick Logger A
[System] Tick Logger B
[System] Tick Logger A
[System] Tick Logger B
[System] Tick Logger A
[System] Tick Logger B
[soccer] id7 pos=(6.61,-2.25) bodyvel=(-0.39,0.35) desired=(-1.12,0.09) force=(-636.1,-225.7) round=0/0 phase=1
[System] Tick Logger A
[System] Tick Logger B
[System] Tick Logger A
[System] Tick Logger B
[System] Tick Logger A
[System] Tick Logger B
[System] Tick Logger A
[System] Tick Logger B
[System] Tick Logger A
[System] Tick Logger B
[System] Tick Logger A
[System] Tick Logger B
[System] Tick Logger A
[System] Tick Logger B
[System] Tick Logger A
[System] Tick Logger B
[System] Tick Logger A
[System] Tick Logger B
[System] Tick Logger A
[System] Tick Logger B
[System] Tick Logger A
[System] Tick Logger B
[System] Tick Logger A
[System] Tick Logger B
[System] Tick Logger A
[System] Tick Logger B
[System] Tick Logger A
[System] Tick Logger B
[System] Tick Logger A
[System] Tick Logger B
[System] Tick Logger A
[System] Tick Logger B
[System] Tick Logger A
[System] Tick Logger B
[System] Tick Logger A
[System] Tick Logger B
[System] Tick Logger A
[System] Tick Logger B
[System] Tick Logger A
[System] Tick Logger B
[System] Tick Logger A
[System] Tick Logger B
[System] Tick Logger A
[System] Tick Logger B
[System] Tick Logger A
[System] Tick Logger B
[System] Tick Logger A
[System] Tick Logger B
[System] Tick Logger A
[System] Tick Logger B
[System] Tick Logger A
[System] Tick Logger B
[System] Tick Logger A
[System] Tick Logger B
[System] Tick Logger A
[System] Tick Logger B
[System] Tick Logger A
[System] Tick Logger B
[System] Tick Logger A
[System] Tick Logger B
[System] Tick Logger A
[System] Tick Logger B
[System] Tick Logger A
[System] Tick Logger B
[System] Tick Logger A
[System] Tick Logger B
[System] Tick Logger A
[System] Tick Logger B
[System] Tick Logger A
[System] Tick Logger B
[System] Tick Logger A
[System] Tick Logger B
[System] Tick Logger A
[System] Tick Logger B
[System] Tick Logger A
[System] Tick Logger B
[System] Tick Logger A
[System] Tick Logger B
[System] Tick Logger A
[System] Tick Logger B
[Physics] tick=9120 ents=12 hasDyn=12 types(d/k)=12/0 null=0 yRange=[0.210,0.865] yDyn0=0.809 pendingDestroy=0
[System] Tick Logger A
[System] Tick Logger B
[System] Tick Logger A
[System] Tick Logger B
[System] Tick Logger A
[System] Tick Logger B
[System] Tick Logger A
[System] Tick Logger B
[System] Tick Logger A
[System] Tick Logger B
[System] Tick Logger A
[System] Tick Logger B
[System] Tick Logger A
[System] Tick Logger B
[System] Tick Logger A
[System] Tick Logger B
[System] Tick Logger A
[System] Tick Logger B
[System] Tick Logger A
[System] Tick Logger B
[System] Tick Logger A
[System] Tick Logger B
[System] Tick Logger A
[System] Tick Logger B
[System] Tick Logger A
[System] Tick Logger B
[System] Tick Logger A
[System] Tick Logger B
[System] Tick Logger A
[System] Tick Logger B
[System] Tick Logger A
[System] Tick Logger B
[System] Tick Logger A
[System] Tick Logger B
[System] Tick Logger A
[System] Tick Logger B
[System] Tick Logger A
[System] Tick Logger B
[System] Tick Logger A
[System] Tick Logger B
[System] Tick Logger A
[System] Tick Logger B
[System] Tick Logger A
[System] Tick Logger B
[System] Tick Logger A
[System] Tick Logger B
[System] Tick Logger A
[System] Tick Logger B
[System] Tick Logger A
[System] Tick Logger B
[System] Tick Logger A
[System] Tick Logger B
[System] Tick Logger A
[System] Tick Logger B
[System] Tick Logger A
[System] Tick Logger B
[System] Tick Logger A
[System] Tick Logger B
[System] Tick Logger A
[System] Tick Logger B
[System] Tick Logger A
[System] Tick Logger B
[System] Tick Logger A
[System] Tick Logger B
[System] Tick Logger A
[System] Tick Logger B
[System] Tick Logger A
[System] Tick Logger B
[System] Tick Logger A
[System] Tick Logger B
[System] Tick Logger A
[System] Tick Logger B
[System] Tick Logger A
[System] Tick Logger B
[System] Tick Logger A
[System] Tick Logger B
[System] Tick Logger A
[System] Tick Logger B
[System] Tick Logger A
[System] Tick Logger B
[System] Tick Logger A
[System] Tick Logger B
[System] Tick Logger A
[System] Tick Logger B
[System] Tick Logger A
[System] Tick Logger B
[System] Tick Logger A
[System] Tick Logger B
[System] Tick Logger A
[System] Tick Logger B
[System] Tick Logger A
[System] Tick Logger B
[System] Tick Logger A
[System] Tick Logger B
[System] Tick Logger A
[System] Tick Logger B
[System] Tick Logger A
[System] Tick Logger B
[System] Tick Logger A
[System] Tick Logger B
[System] Tick Logger A
[System] Tick Logger B
[System] Tick Logger A
[System] Tick Logger B
[System] Tick Logger A
[System] Tick Logger B
[System] Tick Logger A
[System] Tick Logger B
[System] Tick Logger A
[System] Tick Logger B
[System] Tick Logger A
[System] Tick Logger B
[System] Tick Logger A
[System] Tick Logger B
[System] Tick Logger A
[System] Tick Logger B
[System] Tick Logger A
[System] Tick Logger B
[System] Tick Logger A
[System] Tick Logger B
[Physics] tick=9180 ents=12 hasDyn=12 types(d/k)=12/0 null=0 yRange=[0.209,0.865] yDyn0=0.809 pendingDestroy=0
[System] Tick Logger A
[System] Tick Logger B
[System] Tick Logger A
[System] Tick Logger B
[System] Tick Logger A
[System] Tick Logger B
[System] Tick Logger A
[System] Tick Logger B
[System] Tick Logger A
[System] Tick Logger B
[System] Tick Logger A
[System] Tick Logger B
[System] Tick Logger A
[System] Tick Logger B
[System] Tick Logger A
[System] Tick Logger B
[System] Tick Logger A
[System] Tick Logger B
[System] Tick Logger A
[System] Tick Logger B
[System] Tick Logger A
[System] Tick Logger B
[System] Tick Logger A
[System] Tick Logger B
[System] Tick Logger A
[System] Tick Logger B
[System] Tick Logger A
[System] Tick Logger B
[System] Tick Logger A
[System] Tick Logger B
[System] Tick Logger A
[System] Tick Logger B
[System] Tick Logger A
[System] Tick Logger B
[System] Tick Logger A
[System] Tick Logger B
[System] Tick Logger A
[System] Tick Logger B
[System] Tick Logger A
[System] Tick Logger B
[System] Tick Logger A
[System] Tick Logger B
[System] Tick Logger A
[System] Tick Logger B
[System] Tick Logger A
[System] Tick Logger B
[System] Tick Logger A
[System] Tick Logger B
[System] Tick Logger A
[System] Tick Logger B
[System] Tick Logger A
[System] Tick Logger B
[System] Tick Logger A
[System] Tick Logger B
[System] Tick Logger A
[System] Tick Logger B
[System] Tick Logger A
[System] Tick Logger B
[System] Tick Logger A
[System] Tick Logger B
[System] Tick Logger A
[System] Tick Logger B
[System] Tick Logger A
[System] Tick Logger B
[System] Tick Logger A
[System] Tick Logger B
[System] Tick Logger A
[System] Tick Logger B
[System] Tick Logger A
[System] Tick Logger B
[System] Tick Logger A
[System] Tick Logger B
[System] Tick Logger A
[System] Tick Logger B
[System] Tick Logger A
[System] Tick Logger B
[System] Tick Logger A
[System] Tick Logger B
[System] Tick Logger A
[System] Tick Logger B
[System] Tick Logger A
[System] Tick Logger B
[System] Tick Logger A
[System] Tick Logger B
[System] Tick Logger A
[System] Tick Logger B
[System] Tick Logger A
[System] Tick Logger B
[System] Tick Logger A
[System] Tick Logger B
[System] Tick Logger A
[System] Tick Logger B
[System] Tick Logger A
[System] Tick Logger B
[System] Tick Logger A
[System] Tick Logger B
[System] Tick Logger A
[System] Tick Logger B
[System] Tick Logger A
[System] Tick Logger B
[System] Tick Logger A
[System] Tick Logger B
[System] Tick Logger A
[System] Tick Logger B
[System] Tick Logger A
[System] Tick Logger B
[System] Tick Logger A
[System] Tick Logger B
[System] Tick Logger A
[System] Tick Logger B
[System] Tick Logger A
[System] Tick Logger B
[System] Tick Logger A
[System] Tick Logger B
[System] Tick Logger A
[System] Tick Logger B
[System] Tick Logger A
[System] Tick Logger B
[System] Tick Logger A
[System] Tick Logger B
[Physics] tick=9240 ents=12 hasDyn=12 types(d/k)=12/0 null=0 yRange=[0.209,0.865] yDyn0=0.809 pendingDestroy=0
[System] Tick Logger A
[System] Tick Logger B
[System] Tick Logger A
[System] Tick Logger B
[System] Tick Logger A
[System] Tick Logger B
[System] Tick Logger A
[System] Tick Logger B
[System] Tick Logger A
[System] Tick Logger B
[System] Tick Logger A
[System] Tick Logger B
[System] Tick Logger A
[System] Tick Logger B
[System] Tick Logger A
[System] Tick Logger B
[System] Tick Logger A
[System] Tick Logger B
[System] Tick Logger A
[System] Tick Logger B
[System] Tick Logger A
[System] Tick Logger B
[System] Tick Logger A
[System] Tick Logger B
[System] Tick Logger A
[System] Tick Logger B
[System] Tick Logger A
[System] Tick Logger B
[System] Tick Logger A
[System] Tick Logger B
[System] Tick Logger A
[System] Tick Logger B
[System] Tick Logger A
[System] Tick Logger B
[System] Tick Logger A
[System] Tick Logger B
[System] Tick Logger A
[System] Tick Logger B
[System] Tick Logger A
[System] Tick Logger B
[System] Tick Logger A
[System] Tick Logger B
[System] Tick Logger A
[System] Tick Logger B
[System] Tick Logger A
[System] Tick Logger B
[System] Tick Logger A
[System] Tick Logger B
[System] Tick Logger A
[System] Tick Logger B
[System] Tick Logger A
[System] Tick Logger B
[System] Tick Logger A
[System] Tick Logger B
[System] Tick Logger A
[System] Tick Logger B
[System] Tick Logger A
[System] Tick Logger B
[System] Tick Logger A
[System] Tick Logger B
[System] Tick Logger A
[System] Tick Logger B
[System] Tick Logger A
[System] Tick Logger B
[System] Tick Logger A
[System] Tick Logger B
[System] Tick Logger A
[System] Tick Logger B
[System] Tick Logger A
[System] Tick Logger B
[System] Tick Logger A
[System] Tick Logger B
[System] Tick Logger A
[System] Tick Logger B
[System] Tick Logger A
[System] Tick Logger B
[System] Tick Logger A
[System] Tick Logger B
[System] Tick Logger A
[System] Tick Logger B
[System] Tick Logger A
[System] Tick Logger B
[System] Tick Logger A
[System] Tick Logger B
[System] Tick Logger A
[System] Tick Logger B
[System] Tick Logger A
[System] Tick Logger B
[System] Tick Logger A
[System] Tick Logger B
[System] Tick Logger A
[System] Tick Logger B
[System] Tick Logger A
[System] Tick Logger B
[System] Tick Logger A
[System] Tick Logger B
[System] Tick Logger A
[System] Tick Logger B
[System] Tick Logger A
[System] Tick Logger B
[System] Tick Logger A
[System] Tick Logger B
[System] Tick Logger A
[System] Tick Logger B
[System] Tick Logger A
[System] Tick Logger B
[System] Tick Logger A
[System] Tick Logger B
[System] Tick Logger A
[System] Tick Logger B
[System] Tick Logger A
[System] Tick Logger B
[System] Tick Logger A
[System] Tick Logger B
[System] Tick Logger A
[System] Tick Logger B
[System] Tick Logger A
[System] Tick Logger B
[System] Tick Logger A
[System] Tick Logger B
[Physics] tick=9300 ents=12 hasDyn=12 types(d/k)=12/0 null=0 yRange=[0.210,0.865] yDyn0=0.809 pendingDestroy=0
[System] Tick Logger A
[System] Tick Logger B
[System] Tick Logger A
[System] Tick Logger B
[System] Tick Logger A
[System] Tick Logger B
[System] Tick Logger A
[System] Tick Logger B
[System] Tick Logger A
[System] Tick Logger B
[System] Tick Logger A
[System] Tick Logger B
[System] Tick Logger A
[System] Tick Logger B
[System] Tick Logger A
[System] Tick Logger B
[System] Tick Logger A
[System] Tick Logger B
[System] Tick Logger A
[System] Tick Logger B
[System] Tick Logger A
[System] Tick Logger B
[System] Tick Logger A
[System] Tick Logger B
[System] Tick Logger A
[System] Tick Logger B
[System] Tick Logger A
[System] Tick Logger B
[System] Tick Logger A
[System] Tick Logger B
[System] Tick Logger A
[System] Tick Logger B
[System] Tick Logger A
[System] Tick Logger B
[System] Tick Logger A
[System] Tick Logger B
[System] Tick Logger A
[System] Tick Logger B
[System] Tick Logger A
[System] Tick Logger B
[System] Tick Logger A
[System] Tick Logger B
[System] Tick Logger A
[System] Tick Logger B
[System] Tick Logger A
[System] Tick Logger B
[System] Tick Logger A
[System] Tick Logger B
[System] Tick Logger A
[System] Tick Logger B
[System] Tick Logger A
[System] Tick Logger B
[System] Tick Logger A
[System] Tick Logger B
[System] Tick Logger A
[System] Tick Logger B
[System] Tick Logger A
[System] Tick Logger B
[System] Tick Logger A
[System] Tick Logger B
[System] Tick Logger A
[System] Tick Logger B
[System] Tick Logger A
[System] Tick Logger B
[System] Tick Logger A
[System] Tick Logger B
[System] Tick Logger A
[System] Tick Logger B
[System] Tick Logger A
[System] Tick Logger B
[System] Tick Logger A
[System] Tick Logger B
[System] Tick Logger A
[System] Tick Logger B
[System] Tick Logger A
[System] Tick Logger B
[System] Tick Logger A
[System] Tick Logger B
[System] Tick Logger A
[System] Tick Logger B
[System] Tick Logger A
[System] Tick Logger B
[System] Tick Logger A
[System] Tick Logger B
[System] Tick Logger A
[System] Tick Logger B
[System] Tick Logger A
[System] Tick Logger B
[System] Tick Logger A
[System] Tick Logger B
[System] Tick Logger A
[System] Tick Logger B
[System] Tick Logger A
[System] Tick Logger B
[System] Tick Logger A
[System] Tick Logger B
[System] Tick Logger A
[System] Tick Logger B
[System] Tick Logger A
[System] Tick Logger B
[System] Tick Logger A
[System] Tick Logger B
[System] Tick Logger A
[System] Tick Logger B
[System] Tick Logger A
[System] Tick Logger B
[System] Tick Logger A
[System] Tick Logger B
[System] Tick Logger A
[System] Tick Logger B
[System] Tick Logger A
[System] Tick Logger B
[System] Tick Logger A
[System] Tick Logger B
[System] Tick Logger A
[System] Tick Logger B
[System] Tick Logger A
[System] Tick Logger B
[System] Tick Logger A
[System] Tick Logger B
[Physics] tick=9360 ents=12 hasDyn=12 types(d/k)=12/0 null=0 yRange=[0.210,0.865] yDyn0=0.809 pendingDestroy=0
[System] Tick Logger A
[System] Tick Logger B
[System] Tick Logger A
[System] Tick Logger B
[System] Tick Logger A
[System] Tick Logger B
[System] Tick Logger A
[System] Tick Logger B
[System] Tick Logger A
[System] Tick Logger B
[System] Tick Logger A
[System] Tick Logger B
[System] Tick Logger A
[System] Tick Logger B
[System] Tick Logger A
[System] Tick Logger B
[System] Tick Logger A
[System] Tick Logger B
[System] Tick Logger A
[System] Tick Logger B
[System] Tick Logger A
[System] Tick Logger B
[System] Tick Logger A
[System] Tick Logger B
[System] Tick Logger A
[System] Tick Logger B
[System] Tick Logger A
[System] Tick Logger B
[System] Tick Logger A
[System] Tick Logger B
[System] Tick Logger A
[System] Tick Logger B
[System] Tick Logger A
[System] Tick Logger B
[System] Tick Logger A
[System] Tick Logger B
[System] Tick Logger A
[System] Tick Logger B
[System] Tick Logger A
[System] Tick Logger B
[System] Tick Logger A
[System] Tick Logger B
[System] Tick Logger A
[System] Tick Logger B
[System] Tick Logger A
[System] Tick Logger B
[System] Tick Logger A
[System] Tick Logger B
[System] Tick Logger A
[System] Tick Logger B
[System] Tick Logger A
[System] Tick Logger B
[System] Tick Logger A
[System] Tick Logger B
[System] Tick Logger A
[System] Tick Logger B
[System] Tick Logger A
[System] Tick Logger B
[System] Tick Logger A
[System] Tick Logger B
[System] Tick Logger A
[System] Tick Logger B
[System] Tick Logger A
[System] Tick Logger B
[System] Tick Logger A
[System] Tick Logger B
[System] Tick Logger A
[System] Tick Logger B
[System] Tick Logger A
[System] Tick Logger B
[System] Tick Logger A
[System] Tick Logger B
[System] Tick Logger A
[System] Tick Logger B
[System] Tick Logger A
[System] Tick Logger B
[System] Tick Logger A
[System] Tick Logger B
[System] Tick Logger A
[System] Tick Logger B
[System] Tick Logger A
[System] Tick Logger B
[System] Tick Logger A
[System] Tick Logger B
[System] Tick Logger A
[System] Tick Logger B
[System] Tick Logger A
[System] Tick Logger B
[System] Tick Logger A
[System] Tick Logger B
[System] Tick Logger A
[System] Tick Logger B
[System] Tick Logger A
[System] Tick Logger B
[System] Tick Logger A
[System] Tick Logger B
[System] Tick Logger A
[System] Tick Logger B
[System] Tick Logger A
[System] Tick Logger B
[System] Tick Logger A
[System] Tick Logger B
[System] Tick Logger A
[System] Tick Logger B
[System] Tick Logger A
[System] Tick Logger B
[System] Tick Logger A
[System] Tick Logger B
[System] Tick Logger A
[System] Tick Logger B
[System] Tick Logger A
[System] Tick Logger B
[System] Tick Logger A
[System] Tick Logger B
[System] Tick Logger A
[System] Tick Logger B
[System] Tick Logger A
[System] Tick Logger B
[System] Tick Logger A
[System] Tick Logger B
[Physics] tick=9420 ents=12 hasDyn=12 types(d/k)=12/0 null=0 yRange=[0.209,0.865] yDyn0=0.809 pendingDestroy=0
[System] Tick Logger A
[System] Tick Logger B
[System] Tick Logger A
[System] Tick Logger B
[System] Tick Logger A
[System] Tick Logger B
[System] Tick Logger A
[System] Tick Logger B
[System] Tick Logger A
[System] Tick Logger B
[System] Tick Logger A
[System] Tick Logger B
[System] Tick Logger A
[System] Tick Logger B
[System] Tick Logger A
[System] Tick Logger B
[System] Tick Logger A
[System] Tick Logger B
[System] Tick Logger A
[System] Tick Logger B
[System] Tick Logger A
[System] Tick Logger B
[System] Tick Logger A
[System] Tick Logger B
[System] Tick Logger A
[System] Tick Logger B
[System] Tick Logger A
[System] Tick Logger B
[System] Tick Logger A
[System] Tick Logger B
[System] Tick Logger A
[System] Tick Logger B
[System] Tick Logger A
[System] Tick Logger B
[System] Tick Logger A
[System] Tick Logger B
[System] Tick Logger A
[System] Tick Logger B
[System] Tick Logger A
[System] Tick Logger B
[System] Tick Logger A
[System] Tick Logger B
[System] Tick Logger A
[System] Tick Logger B
[System] Tick Logger A
[System] Tick Logger B
[System] Tick Logger A
[System] Tick Logger B
[soccer] id7 pos=(6.40,-2.30) bodyvel=(0.12,0.40) desired=(0.16,0.89) force=(53.6,672.9) round=0/0 phase=1
[System] Tick Logger A
[System] Tick Logger B
[System] Tick Logger A
[System] Tick Logger B
[System] Tick Logger A
[System] Tick Logger B
[System] Tick Logger A
[System] Tick Logger B
[System] Tick Logger A
[System] Tick Logger B
[System] Tick Logger A
[System] Tick Logger B
[System] Tick Logger A
[System] Tick Logger B
[System] Tick Logger A
[System] Tick Logger B
[System] Tick Logger A
[System] Tick Logger B
[System] Tick Logger A
[System] Tick Logger B
[System] Tick Logger A
[System] Tick Logger B
[System] Tick Logger A
[System] Tick Logger B
[System] Tick Logger A
[System] Tick Logger B
[System] Tick Logger A
[System] Tick Logger B
[System] Tick Logger A
[System] Tick Logger B
[System] Tick Logger A
[System] Tick Logger B
[System] Tick Logger A
[System] Tick Logger B
[System] Tick Logger A
[System] Tick Logger B
[System] Tick Logger A
[System] Tick Logger B
[System] Tick Logger A
[System] Tick Logger B
[System] Tick Logger A
[System] Tick Logger B
[System] Tick Logger A
[System] Tick Logger B
[System] Tick Logger A
[System] Tick Logger B
[System] Tick Logger A
[System] Tick Logger B
[System] Tick Logger A
[System] Tick Logger B
[System] Tick Logger A
[System] Tick Logger B
[System] Tick Logger A
[System] Tick Logger B
[System] Tick Logger A
[System] Tick Logger B
[System] Tick Logger A
[System] Tick Logger B
[System] Tick Logger A
[System] Tick Logger B
[System] Tick Logger A
[System] Tick Logger B
[System] Tick Logger A
[System] Tick Logger B
[System] Tick Logger A
[System] Tick Logger B
[System] Tick Logger A
[System] Tick Logger B
[System] Tick Logger A
[System] Tick Logger B
[System] Tick Logger A
[System] Tick Logger B
[Physics] tick=9480 ents=12 hasDyn=12 types(d/k)=12/0 null=0 yRange=[0.210,0.865] yDyn0=0.809 pendingDestroy=0
[System] Tick Logger A
[System] Tick Logger B
[System] Tick Logger A
[System] Tick Logger B
[System] Tick Logger A
[System] Tick Logger B
[System] Tick Logger A
[System] Tick Logger B
[System] Tick Logger A
[System] Tick Logger B
[System] Tick Logger A
[System] Tick Logger B
[System] Tick Logger A
[System] Tick Logger B
[System] Tick Logger A
[System] Tick Logger B
[System] Tick Logger A
[System] Tick Logger B
[System] Tick Logger A
[System] Tick Logger B
[System] Tick Logger A
[System] Tick Logger B
[System] Tick Logger A
[System] Tick Logger B
[System] Tick Logger A
[System] Tick Logger B
[System] Tick Logger A
[System] Tick Logger B
[System] Tick Logger A
[System] Tick Logger B
[System] Tick Logger A
[System] Tick Logger B
[System] Tick Logger A
[System] Tick Logger B
[System] Tick Logger A
[System] Tick Logger B
[System] Tick Logger A
[System] Tick Logger B
[System] Tick Logger A
[System] Tick Logger B
[System] Tick Logger A
[System] Tick Logger B
[System] Tick Logger A
[System] Tick Logger B
[System] Tick Logger A
[System] Tick Logger B
[System] Tick Logger A
[System] Tick Logger B
[System] Tick Logger A
[System] Tick Logger B
[System] Tick Logger A
[System] Tick Logger B
[System] Tick Logger A
[System] Tick Logger B
[System] Tick Logger A
[System] Tick Logger B
[System] Tick Logger A
[System] Tick Logger B
[System] Tick Logger A
[System] Tick Logger B
[System] Tick Logger A
[System] Tick Logger B
[System] Tick Logger A
[System] Tick Logger B
[System] Tick Logger A
[System] Tick Logger B
[System] Tick Logger A
[System] Tick Logger B
[System] Tick Logger A
[System] Tick Logger B
[System] Tick Logger A
[System] Tick Logger B
[System] Tick Logger A
[System] Tick Logger B
[System] Tick Logger A
[System] Tick Logger B
[System] Tick Logger A
[System] Tick Logger B
[System] Tick Logger A
[System] Tick Logger B
[System] Tick Logger A
[System] Tick Logger B
[System] Tick Logger A
[System] Tick Logger B
[System] Tick Logger A
[System] Tick Logger B
[System] Tick Logger A
[System] Tick Logger B
[System] Tick Logger A
[System] Tick Logger B
[System] Tick Logger A
[System] Tick Logger B
[System] Tick Logger A
[System] Tick Logger B
[System] Tick Logger A
[System] Tick Logger B
[System] Tick Logger A
[System] Tick Logger B
[System] Tick Logger A
[System] Tick Logger B
[System] Tick Logger A
[System] Tick Logger B
[System] Tick Logger A
[System] Tick Logger B
[System] Tick Logger A
[System] Tick Logger B
[System] Tick Logger A
[System] Tick Logger B
[System] Tick Logger A
[System] Tick Logger B
[System] Tick Logger A
[System] Tick Logger B
[System] Tick Logger A
[System] Tick Logger B
[System] Tick Logger A
[System] Tick Logger B
[System] Tick Logger A
[System] Tick Logger B
[System] Tick Logger A
[System] Tick Logger B
[Physics] tick=9540 ents=12 hasDyn=12 types(d/k)=12/0 null=0 yRange=[0.210,0.865] yDyn0=0.809 pendingDestroy=0
[System] Tick Logger A
[System] Tick Logger B
[System] Tick Logger A
[System] Tick Logger B
[System] Tick Logger A
[System] Tick Logger B
[System] Tick Logger A
[System] Tick Logger B
[System] Tick Logger A
[System] Tick Logger B
[System] Tick Logger A
[System] Tick Logger B
[System] Tick Logger A
[System] Tick Logger B
[System] Tick Logger A
[System] Tick Logger B
[System] Tick Logger A
[System] Tick Logger B
[System] Tick Logger A
[System] Tick Logger B
[System] Tick Logger A
[System] Tick Logger B
[System] Tick Logger A
[System] Tick Logger B
[System] Tick Logger A
[System] Tick Logger B
[System] Tick Logger A
[System] Tick Logger B
[System] Tick Logger A
[System] Tick Logger B
[System] Tick Logger A
[System] Tick Logger B
[System] Tick Logger A
[System] Tick Logger B
[System] Tick Logger A
[System] Tick Logger B
[System] Tick Logger A
[System] Tick Logger B
[System] Tick Logger A
[System] Tick Logger B
[System] Tick Logger A
[System] Tick Logger B
[System] Tick Logger A
[System] Tick Logger B
[System] Tick Logger A
[System] Tick Logger B
[System] Tick Logger A
[System] Tick Logger B
[System] Tick Logger A
[System] Tick Logger B
[System] Tick Logger A
[System] Tick Logger B
[System] Tick Logger A
[System] Tick Logger B
[System] Tick Logger A
[System] Tick Logger B
[System] Tick Logger A
[System] Tick Logger B
[System] Tick Logger A
[System] Tick Logger B
[System] Tick Logger A
[System] Tick Logger B
[System] Tick Logger A
[System] Tick Logger B
[System] Tick Logger A
[System] Tick Logger B
[System] Tick Logger A
[System] Tick Logger B
[System] Tick Logger A
[System] Tick Logger B
[System] Tick Logger A
[System] Tick Logger B
[System] Tick Logger A
[System] Tick Logger B
[System] Tick Logger A
[System] Tick Logger B
[System] Tick Logger A
[System] Tick Logger B
[System] Tick Logger A
[System] Tick Logger B
[System] Tick Logger A
[System] Tick Logger B
[System] Tick Logger A
[System] Tick Logger B
[System] Tick Logger A
[System] Tick Logger B
[System] Tick Logger A
[System] Tick Logger B
[System] Tick Logger A
[System] Tick Logger B
[System] Tick Logger A
[System] Tick Logger B
[System] Tick Logger A
[System] Tick Logger B
[System] Tick Logger A
[System] Tick Logger B
[System] Tick Logger A
[System] Tick Logger B
[System] Tick Logger A
[System] Tick Logger B
[System] Tick Logger A
[System] Tick Logger B
[System] Tick Logger A
[System] Tick Logger B
[System] Tick Logger A
[System] Tick Logger B
[System] Tick Logger A
[System] Tick Logger B
[System] Tick Logger A
[System] Tick Logger B
[System] Tick Logger A
[System] Tick Logger B
[System] Tick Logger A
[System] Tick Logger B
[System] Tick Logger A
[System] Tick Logger B
[System] Tick Logger A
[System] Tick Logger B
[System] Tick Logger A
[System] Tick Logger B
[Physics] tick=9600 ents=12 hasDyn=12 types(d/k)=12/0 null=0 yRange=[0.209,0.865] yDyn0=0.809 pendingDestroy=0
[System] Tick Logger A
[System] Tick Logger B
[System] Tick Logger A
[System] Tick Logger B
[System] Tick Logger A
[System] Tick Logger B
[System] Tick Logger A
[System] Tick Logger B
[System] Tick Logger A
[System] Tick Logger B
[System] Tick Logger A
[System] Tick Logger B
[System] Tick Logger A
[System] Tick Logger B
[System] Tick Logger A
[System] Tick Logger B
[System] Tick Logger A
[System] Tick Logger B
[System] Tick Logger A
[System] Tick Logger B
[System] Tick Logger A
[System] Tick Logger B
[System] Tick Logger A
[System] Tick Logger B
[System] Tick Logger A
[System] Tick Logger B
[System] Tick Logger A
[System] Tick Logger B
[System] Tick Logger A
[System] Tick Logger B
[System] Tick Logger A
[System] Tick Logger B
[System] Tick Logger A
[System] Tick Logger B
[System] Tick Logger A
[System] Tick Logger B
[System] Tick Logger A
[System] Tick Logger B
[System] Tick Logger A
[System] Tick Logger B
[System] Tick Logger A
[System] Tick Logger B
[System] Tick Logger A
[System] Tick Logger B
[System] Tick Logger A
[System] Tick Logger B
[System] Tick Logger A
[System] Tick Logger B
[System] Tick Logger A
[System] Tick Logger B
[System] Tick Logger A
[System] Tick Logger B
[System] Tick Logger A
[System] Tick Logger B
[System] Tick Logger A
[System] Tick Logger B
[System] Tick Logger A
[System] Tick Logger B
[System] Tick Logger A
[System] Tick Logger B
[System] Tick Logger A
[System] Tick Logger B
[System] Tick Logger A
[System] Tick Logger B
[System] Tick Logger A
[System] Tick Logger B
[System] Tick Logger A
[System] Tick Logger B
[System] Tick Logger A
[System] Tick Logger B
[System] Tick Logger A
[System] Tick Logger B
[System] Tick Logger A
[System] Tick Logger B
[System] Tick Logger A
[System] Tick Logger B
[System] Tick Logger A
[System] Tick Logger B
[System] Tick Logger A
[System] Tick Logger B
[System] Tick Logger A
[System] Tick Logger B
[System] Tick Logger A
[System] Tick Logger B
[System] Tick Logger A
[System] Tick Logger B
[System] Tick Logger A
[System] Tick Logger B
[System] Tick Logger A
[System] Tick Logger B
[System] Tick Logger A
[System] Tick Logger B
[System] Tick Logger A
[System] Tick Logger B
[System] Tick Logger A
[System] Tick Logger B
[System] Tick Logger A
[System] Tick Logger B
[System] Tick Logger A
[System] Tick Logger B
[System] Tick Logger A
[System] Tick Logger B
[System] Tick Logger A
[System] Tick Logger B
[System] Tick Logger A
[System] Tick Logger B
[System] Tick Logger A
[System] Tick Logger B
[System] Tick Logger A
[System] Tick Logger B
[System] Tick Logger A
[System] Tick Logger B
[System] Tick Logger A
[System] Tick Logger B
[System] Tick Logger A
[System] Tick Logger B
[System] Tick Logger A
[System] Tick Logger B
[System] Tick Logger A
[System] Tick Logger B
[Physics] tick=9660 ents=12 hasDyn=12 types(d/k)=12/0 null=0 yRange=[0.210,0.865] yDyn0=0.809 pendingDestroy=0
[System] Tick Logger A
[System] Tick Logger B
[System] Tick Logger A
[System] Tick Logger B
[System] Tick Logger A
[System] Tick Logger B
[System] Tick Logger A
[System] Tick Logger B
[System] Tick Logger A
[System] Tick Logger B
[System] Tick Logger A
[System] Tick Logger B
[System] Tick Logger A
[System] Tick Logger B
[System] Tick Logger A
[System] Tick Logger B
[System] Tick Logger A
[System] Tick Logger B
[System] Tick Logger A
[System] Tick Logger B
[System] Tick Logger A
[System] Tick Logger B
[System] Tick Logger A
[System] Tick Logger B
[System] Tick Logger A
[System] Tick Logger B
[System] Tick Logger A
[System] Tick Logger B
[System] Tick Logger A
[System] Tick Logger B
[System] Tick Logger A
[System] Tick Logger B
[System] Tick Logger A
[System] Tick Logger B
[System] Tick Logger A
[System] Tick Logger B
[System] Tick Logger A
[System] Tick Logger B
[System] Tick Logger A
[System] Tick Logger B
[System] Tick Logger A
[System] Tick Logger B
[System] Tick Logger A
[System] Tick Logger B
[System] Tick Logger A
[System] Tick Logger B
[System] Tick Logger A
[System] Tick Logger B
[System] Tick Logger A
[System] Tick Logger B
[System] Tick Logger A
[System] Tick Logger B
[System] Tick Logger A
[System] Tick Logger B
[System] Tick Logger A
[System] Tick Logger B
[System] Tick Logger A
[System] Tick Logger B
[System] Tick Logger A
[System] Tick Logger B
[System] Tick Logger A
[System] Tick Logger B
[System] Tick Logger A
[System] Tick Logger B
[System] Tick Logger A
[System] Tick Logger B
[System] Tick Logger A
[System] Tick Logger B
[System] Tick Logger A
[System] Tick Logger B
[System] Tick Logger A
[System] Tick Logger B
[System] Tick Logger A
[System] Tick Logger B
[System] Tick Logger A
[System] Tick Logger B
[System] Tick Logger A
[System] Tick Logger B
[System] Tick Logger A
[System] Tick Logger B
[System] Tick Logger A
[System] Tick Logger B
[System] Tick Logger A
[System] Tick Logger B
[System] Tick Logger A
[System] Tick Logger B
[System] Tick Logger A
[System] Tick Logger B
[System] Tick Logger A
[System] Tick Logger B
[System] Tick Logger A
[System] Tick Logger B
[System] Tick Logger A
[System] Tick Logger B
[System] Tick Logger A
[System] Tick Logger B
[System] Tick Logger A
[System] Tick Logger B
[System] Tick Logger A
[System] Tick Logger B
[System] Tick Logger A
[System] Tick Logger B
[System] Tick Logger A
[System] Tick Logger B
[System] Tick Logger A
[System] Tick Logger B
[System] Tick Logger A
[System] Tick Logger B
[System] Tick Logger A
[System] Tick Logger B
[System] Tick Logger A
[System] Tick Logger B
[System] Tick Logger A
[System] Tick Logger B
[System] Tick Logger A
[System] Tick Logger B
[System] Tick Logger A
[System] Tick Logger B
[System] Tick Logger A
[System] Tick Logger B
[Physics] tick=9720 ents=12 hasDyn=12 types(d/k)=12/0 null=0 yRange=[0.210,0.865] yDyn0=0.809 pendingDestroy=0
[System] Tick Logger A
[System] Tick Logger B
[System] Tick Logger A
[System] Tick Logger B
[System] Tick Logger A
[System] Tick Logger B
[System] Tick Logger A
[System] Tick Logger B
[System] Tick Logger A
[System] Tick Logger B
[System] Tick Logger A
[System] Tick Logger B
[System] Tick Logger A
[System] Tick Logger B
[System] Tick Logger A
[System] Tick Logger B
[System] Tick Logger A
[System] Tick Logger B
[System] Tick Logger A
[System] Tick Logger B
[System] Tick Logger A
[System] Tick Logger B
[System] Tick Logger A
[System] Tick Logger B
[System] Tick Logger A
[System] Tick Logger B
[System] Tick Logger A
[System] Tick Logger B
[System] Tick Logger A
[System] Tick Logger B
[System] Tick Logger A
[System] Tick Logger B
[System] Tick Logger A
[System] Tick Logger B
[System] Tick Logger A
[System] Tick Logger B
[System] Tick Logger A
[System] Tick Logger B
[System] Tick Logger A
[System] Tick Logger B
[System] Tick Logger A
[System] Tick Logger B
[System] Tick Logger A
[System] Tick Logger B
[System] Tick Logger A
[System] Tick Logger B
[System] Tick Logger A
[System] Tick Logger B
[System] Tick Logger A
[System] Tick Logger B
[System] Tick Logger A
[System] Tick Logger B
[System] Tick Logger A
[System] Tick Logger B
[System] Tick Logger A
[System] Tick Logger B
[System] Tick Logger A
[System] Tick Logger B
[System] Tick Logger A
[System] Tick Logger B
[System] Tick Logger A
[System] Tick Logger B
[System] Tick Logger A
[System] Tick Logger B
[System] Tick Logger A
[System] Tick Logger B
[System] Tick Logger A
[System] Tick Logger B
[System] Tick Logger A
[System] Tick Logger B
[System] Tick Logger A
[System] Tick Logger B
[System] Tick Logger A
[System] Tick Logger B
[System] Tick Logger A
[System] Tick Logger B
[System] Tick Logger A
[System] Tick Logger B
[System] Tick Logger A
[System] Tick Logger B
[System] Tick Logger A
[System] Tick Logger B
[System] Tick Logger A
[System] Tick Logger B
[System] Tick Logger A
[System] Tick Logger B
[System] Tick Logger A
[System] Tick Logger B
[System] Tick Logger A
[System] Tick Logger B
[System] Tick Logger A
[System] Tick Logger B
[System] Tick Logger A
[System] Tick Logger B
[System] Tick Logger A
[System] Tick Logger B
[System] Tick Logger A
[System] Tick Logger B
[System] Tick Logger A
[System] Tick Logger B
[System] Tick Logger A
[System] Tick Logger B
[System] Tick Logger A
[System] Tick Logger B
[System] Tick Logger A
[System] Tick Logger B
[System] Tick Logger A
[System] Tick Logger B
[System] Tick Logger A
[System] Tick Logger B
[System] Tick Logger A
[System] Tick Logger B
[System] Tick Logger A
[System] Tick Logger B
[System] Tick Logger A
[System] Tick Logger B
[System] Tick Logger A
[System] Tick Logger B
[System] Tick Logger A
[System] Tick Logger B
[Physics] tick=9780 ents=12 hasDyn=12 types(d/k)=12/0 null=0 yRange=[0.209,0.865] yDyn0=0.809 pendingDestroy=0
[System] Tick Logger A
[System] Tick Logger B
[System] Tick Logger A
[System] Tick Logger B
[System] Tick Logger A
[System] Tick Logger B
[System] Tick Logger A
[System] Tick Logger B
[System] Tick Logger A
[System] Tick Logger B
[System] Tick Logger A
[System] Tick Logger B
[System] Tick Logger A
[System] Tick Logger B
[System] Tick Logger A
[System] Tick Logger B
[System] Tick Logger A
[System] Tick Logger B
[System] Tick Logger A
[System] Tick Logger B
[System] Tick Logger A
[System] Tick Logger B
[System] Tick Logger A
[System] Tick Logger B
[System] Tick Logger A
[System] Tick Logger B
[System] Tick Logger A
[System] Tick Logger B
[System] Tick Logger A
[System] Tick Logger B
[System] Tick Logger A
[System] Tick Logger B
[System] Tick Logger A
[System] Tick Logger B
[System] Tick Logger A
[System] Tick Logger B
[System] Tick Logger A
[System] Tick Logger B
[System] Tick Logger A
[System] Tick Logger B
[System] Tick Logger A
[System] Tick Logger B
[System] Tick Logger A
[System] Tick Logger B
[System] Tick Logger A
[System] Tick Logger B
[soccer] id7 pos=(6.26,-2.22) bodyvel=(-0.23,1.00) desired=(-0.33,1.51) force=(-131.2,662.1) round=0/0 phase=1
[System] Tick Logger A
[System] Tick Logger B
[System] Tick Logger A
[System] Tick Logger B
[System] Tick Logger A
[System] Tick Logger B
[System] Tick Logger A
[System] Tick Logger B
[System] Tick Logger A
[System] Tick Logger B
[System] Tick Logger A
[System] Tick Logger B
[System] Tick Logger A
[System] Tick Logger B
[System] Tick Logger A
[System] Tick Logger B
[System] Tick Logger A
[System] Tick Logger B
[System] Tick Logger A
[System] Tick Logger B
[System] Tick Logger A
[System] Tick Logger B
[System] Tick Logger A
[System] Tick Logger B
[System] Tick Logger A
[System] Tick Logger B
[System] Tick Logger A
[System] Tick Logger B
[System] Tick Logger A
[System] Tick Logger B
[System] Tick Logger A
[System] Tick Logger B
[System] Tick Logger A
[System] Tick Logger B
[System] Tick Logger A
[System] Tick Logger B
[System] Tick Logger A
[System] Tick Logger B
[System] Tick Logger A
[System] Tick Logger B
[System] Tick Logger A
[System] Tick Logger B
[System] Tick Logger A
[System] Tick Logger B
[System] Tick Logger A
[System] Tick Logger B
[System] Tick Logger A
[System] Tick Logger B
[System] Tick Logger A
[System] Tick Logger B
[System] Tick Logger A
[System] Tick Logger B
[System] Tick Logger A
[System] Tick Logger B
[System] Tick Logger A
[System] Tick Logger B
[System] Tick Logger A
[System] Tick Logger B
[System] Tick Logger A
[System] Tick Logger B
[System] Tick Logger A
[System] Tick Logger B
[System] Tick Logger A
[System] Tick Logger B
[System] Tick Logger A
[System] Tick Logger B
[System] Tick Logger A
[System] Tick Logger B
[System] Tick Logger A
[System] Tick Logger B
[System] Tick Logger A
[System] Tick Logger B
[System] Tick Logger A
[System] Tick Logger B
[Physics] tick=9840 ents=12 hasDyn=12 types(d/k)=12/0 null=0 yRange=[0.210,0.865] yDyn0=0.809 pendingDestroy=0
[System] Tick Logger A
[System] Tick Logger B
[System] Tick Logger A
[System] Tick Logger B
[System] Tick Logger A
[System] Tick Logger B
[System] Tick Logger A
[System] Tick Logger B
[System] Tick Logger A
[System] Tick Logger B
[System] Tick Logger A
[System] Tick Logger B
[System] Tick Logger A
[System] Tick Logger B
[System] Tick Logger A
[System] Tick Logger B
[System] Tick Logger A
[System] Tick Logger B
[System] Tick Logger A
[System] Tick Logger B
[System] Tick Logger A
[System] Tick Logger B
[System] Tick Logger A
[System] Tick Logger B
[System] Tick Logger A
[System] Tick Logger B
[System] Tick Logger A
[System] Tick Logger B
[System] Tick Logger A
[System] Tick Logger B
[System] Tick Logger A
[System] Tick Logger B
[System] Tick Logger A
[System] Tick Logger B
[System] Tick Logger A
[System] Tick Logger B
[System] Tick Logger A
[System] Tick Logger B
[System] Tick Logger A
[System] Tick Logger B
[System] Tick Logger A
[System] Tick Logger B
[System] Tick Logger A
[System] Tick Logger B
[System] Tick Logger A
[System] Tick Logger B
[System] Tick Logger A
[System] Tick Logger B
[System] Tick Logger A
[System] Tick Logger B
[System] Tick Logger A
[System] Tick Logger B
[System] Tick Logger A
[System] Tick Logger B
[System] Tick Logger A
[System] Tick Logger B
[System] Tick Logger A
[System] Tick Logger B
[System] Tick Logger A
[System] Tick Logger B
[System] Tick Logger A
[System] Tick Logger B
[System] Tick Logger A
[System] Tick Logger B
[System] Tick Logger A
[System] Tick Logger B
[System] Tick Logger A
[System] Tick Logger B
[System] Tick Logger A
[System] Tick Logger B
[System] Tick Logger A
[System] Tick Logger B
[System] Tick Logger A
[System] Tick Logger B
[System] Tick Logger A
[System] Tick Logger B
[System] Tick Logger A
[System] Tick Logger B
[System] Tick Logger A
[System] Tick Logger B
[System] Tick Logger A
[System] Tick Logger B
[System] Tick Logger A
[System] Tick Logger B
[System] Tick Logger A
[System] Tick Logger B
[System] Tick Logger A
[System] Tick Logger B
[System] Tick Logger A
[System] Tick Logger B
[System] Tick Logger A
[System] Tick Logger B
[System] Tick Logger A
[System] Tick Logger B
[System] Tick Logger A
[System] Tick Logger B
[System] Tick Logger A
[System] Tick Logger B
[System] Tick Logger A
[System] Tick Logger B
[System] Tick Logger A
[System] Tick Logger B
[System] Tick Logger A
[System] Tick Logger B
[System] Tick Logger A
[System] Tick Logger B
[System] Tick Logger A
[System] Tick Logger B
[System] Tick Logger A
[System] Tick Logger B
[System] Tick Logger A
[System] Tick Logger B
[System] Tick Logger A
[System] Tick Logger B
[System] Tick Logger A
[System] Tick Logger B
[System] Tick Logger A
[System] Tick Logger B
[System] Tick Logger A
[System] Tick Logger B
[Physics] tick=9900 ents=12 hasDyn=12 types(d/k)=12/0 null=0 yRange=[0.210,0.865] yDyn0=0.809 pendingDestroy=0
[System] Tick Logger A
[System] Tick Logger B
[System] Tick Logger A
[System] Tick Logger B
[System] Tick Logger A
[System] Tick Logger B
[System] Tick Logger A
[System] Tick Logger B
[System] Tick Logger A
[System] Tick Logger B
[System] Tick Logger A
[System] Tick Logger B
[System] Tick Logger A
[System] Tick Logger B
[System] Tick Logger A
[System] Tick Logger B
[System] Tick Logger A
[System] Tick Logger B
[System] Tick Logger A
[System] Tick Logger B
[System] Tick Logger A
[System] Tick Logger B
[System] Tick Logger A
[System] Tick Logger B
[System] Tick Logger A
[System] Tick Logger B
[System] Tick Logger A
[System] Tick Logger B
[System] Tick Logger A
[System] Tick Logger B
[System] Tick Logger A
[System] Tick Logger B
[System] Tick Logger A
[System] Tick Logger B
[System] Tick Logger A
[System] Tick Logger B
[System] Tick Logger A
[System] Tick Logger B
[System] Tick Logger A
[System] Tick Logger B
[System] Tick Logger A
[System] Tick Logger B
[System] Tick Logger A
[System] Tick Logger B
[System] Tick Logger A
[System] Tick Logger B
[System] Tick Logger A
[System] Tick Logger B
[System] Tick Logger A
[System] Tick Logger B
[System] Tick Logger A
[System] Tick Logger B
[System] Tick Logger A
[System] Tick Logger B
[System] Tick Logger A
[System] Tick Logger B
[System] Tick Logger A
[System] Tick Logger B
[System] Tick Logger A
[System] Tick Logger B
[System] Tick Logger A
[System] Tick Logger B
[System] Tick Logger A
[System] Tick Logger B
[System] Tick Logger A
[System] Tick Logger B
[System] Tick Logger A
[System] Tick Logger B
[System] Tick Logger A
[System] Tick Logger B
[System] Tick Logger A
[System] Tick Logger B
[System] Tick Logger A
[System] Tick Logger B
[System] Tick Logger A
[System] Tick Logger B
[System] Tick Logger A
[System] Tick Logger B
[System] Tick Logger A
[System] Tick Logger B
[System] Tick Logger A
[System] Tick Logger B
[System] Tick Logger A
[System] Tick Logger B
[System] Tick Logger A
[System] Tick Logger B
[System] Tick Logger A
[System] Tick Logger B
[System] Tick Logger A
[System] Tick Logger B
[System] Tick Logger A
[System] Tick Logger B
[System] Tick Logger A
[System] Tick Logger B
[System] Tick Logger A
[System] Tick Logger B
[System] Tick Logger A
[System] Tick Logger B
[System] Tick Logger A
[System] Tick Logger B
[System] Tick Logger A
[System] Tick Logger B
[System] Tick Logger A
[System] Tick Logger B
[System] Tick Logger A
[System] Tick Logger B
[System] Tick Logger A
[System] Tick Logger B
[System] Tick Logger A
[System] Tick Logger B
[System] Tick Logger A
[System] Tick Logger B
[System] Tick Logger A
[System] Tick Logger B
[System] Tick Logger A
[System] Tick Logger B
[System] Tick Logger A
[System] Tick Logger B
[System] Tick Logger A
[System] Tick Logger B
[Physics] tick=9960 ents=12 hasDyn=12 types(d/k)=12/0 null=0 yRange=[0.209,0.865] yDyn0=0.809 pendingDestroy=0
[System] Tick Logger A
[System] Tick Logger B
[System] Tick Logger A
[System] Tick Logger B
[System] Tick Logger A
[System] Tick Logger B
[System] Tick Logger A
[System] Tick Logger B
[System] Tick Logger A
[System] Tick Logger B
[System] Tick Logger A
[System] Tick Logger B
[System] Tick Logger A
[System] Tick Logger B
[System] Tick Logger A
[System] Tick Logger B
[System] Tick Logger A
[System] Tick Logger B
[System] Tick Logger A
[System] Tick Logger B
[System] Tick Logger A
[System] Tick Logger B
[System] Tick Logger A
[System] Tick Logger B
[System] Tick Logger A
[System] Tick Logger B
[System] Tick Logger A
[System] Tick Logger B
[System] Tick Logger A
[System] Tick Logger B
[System] Tick Logger A
[System] Tick Logger B
[System] Tick Logger A
[System] Tick Logger B
[System] Tick Logger A
[System] Tick Logger B
[System] Tick Logger A
[System] Tick Logger B
[System] Tick Logger A
[System] Tick Logger B
[System] Tick Logger A
[System] Tick Logger B
[System] Tick Logger A
[System] Tick Logger B
[System] Tick Logger A
[System] Tick Logger B
[System] Tick Logger A
[System] Tick Logger B
[System] Tick Logger A
[System] Tick Logger B
[System] Tick Logger A
[System] Tick Logger B
[System] Tick Logger A
[System] Tick Logger B
[System] Tick Logger A
[System] Tick Logger B
[System] Tick Logger A
[System] Tick Logger B
[System] Tick Logger A
[System] Tick Logger B
[System] Tick Logger A
[System] Tick Logger B
[System] Tick Logger A
[System] Tick Logger B
[System] Tick Logger A
[System] Tick Logger B
[System] Tick Logger A
[System] Tick Logger B
[System] Tick Logger A
[System] Tick Logger B
[System] Tick Logger A
[System] Tick Logger B
[System] Tick Logger A
[System] Tick Logger B
[System] Tick Logger A
[System] Tick Logger B
[System] Tick Logger A
[System] Tick Logger B
[System] Tick Logger A
[System] Tick Logger B
[System] Tick Logger A
[System] Tick Logger B
[System] Tick Logger A
[System] Tick Logger B
[System] Tick Logger A
[System] Tick Logger B
[System] Tick Logger A
[System] Tick Logger B
[System] Tick Logger A
[System] Tick Logger B
[System] Tick Logger A
[System] Tick Logger B
[System] Tick Logger A
[System] Tick Logger B
[System] Tick Logger A
[System] Tick Logger B
[System] Tick Logger A
[System] Tick Logger B
[System] Tick Logger A
[System] Tick Logger B
[System] Tick Logger A
[System] Tick Logger B
[System] Tick Logger A
[System] Tick Logger B
[System] Tick Logger A
[System] Tick Logger B
[System] Tick Logger A
[System] Tick Logger B
[System] Tick Logger A
[System] Tick Logger B
[System] Tick Logger A
[System] Tick Logger B
[System] Tick Logger A
[System] Tick Logger B
[System] Tick Logger A
[System] Tick Logger B
[System] Tick Logger A
[System] Tick Logger B
[System] Tick Logger A
[System] Tick Logger B
[Physics] tick=10020 ents=12 hasDyn=12 types(d/k)=12/0 null=0 yRange=[0.210,0.865] yDyn0=0.809 pendingDestroy=0
[System] Tick Logger A
[System] Tick Logger B
[System] Tick Logger A
[System] Tick Logger B
[System] Tick Logger A
[System] Tick Logger B
[System] Tick Logger A
[System] Tick Logger B
[System] Tick Logger A
[System] Tick Logger B
[System] Tick Logger A
[System] Tick Logger B
[System] Tick Logger A
[System] Tick Logger B
[System] Tick Logger A
[System] Tick Logger B
[System] Tick Logger A
[System] Tick Logger B
[System] Tick Logger A
[System] Tick Logger B
[System] Tick Logger A
[System] Tick Logger B
[System] Tick Logger A
[System] Tick Logger B
[System] Tick Logger A
[System] Tick Logger B
[System] Tick Logger A
[System] Tick Logger B
[System] Tick Logger A
[System] Tick Logger B
[System] Tick Logger A
[System] Tick Logger B
[System] Tick Logger A
[System] Tick Logger B
[System] Tick Logger A
[System] Tick Logger B
[System] Tick Logger A
[System] Tick Logger B
[System] Tick Logger A
[System] Tick Logger B
[System] Tick Logger A
[System] Tick Logger B
[System] Tick Logger A
[System] Tick Logger B
[System] Tick Logger A
[System] Tick Logger B
[System] Tick Logger A
[System] Tick Logger B
[System] Tick Logger A
[System] Tick Logger B
[System] Tick Logger A
[System] Tick Logger B
[System] Tick Logger A
[System] Tick Logger B
[System] Tick Logger A
[System] Tick Logger B
[System] Tick Logger A
[System] Tick Logger B
[System] Tick Logger A
[System] Tick Logger B
[System] Tick Logger A
[System] Tick Logger B
[System] Tick Logger A
[System] Tick Logger B
[System] Tick Logger A
[System] Tick Logger B
[System] Tick Logger A
[System] Tick Logger B
[System] Tick Logger A
[System] Tick Logger B
[System] Tick Logger A
[System] Tick Logger B
[System] Tick Logger A
[System] Tick Logger B
[System] Tick Logger A
[System] Tick Logger B
[System] Tick Logger A
[System] Tick Logger B
[System] Tick Logger A
[System] Tick Logger B
[System] Tick Logger A
[System] Tick Logger B
[System] Tick Logger A
[System] Tick Logger B
[System] Tick Logger A
[System] Tick Logger B
[System] Tick Logger A
[System] Tick Logger B
[System] Tick Logger A
[System] Tick Logger B
[System] Tick Logger A
[System] Tick Logger B
[System] Tick Logger A
[System] Tick Logger B
[System] Tick Logger A
[System] Tick Logger B
[System] Tick Logger A
[System] Tick Logger B
[System] Tick Logger A
[System] Tick Logger B
[System] Tick Logger A
[System] Tick Logger B
[System] Tick Logger A
[System] Tick Logger B
[System] Tick Logger A
[System] Tick Logger B
[System] Tick Logger A
[System] Tick Logger B
[System] Tick Logger A
[System] Tick Logger B
[System] Tick Logger A
[System] Tick Logger B
[System] Tick Logger A
[System] Tick Logger B
[System] Tick Logger A
[System] Tick Logger B
[System] Tick Logger A
[System] Tick Logger B
[System] Tick Logger A
[System] Tick Logger B
[Physics] tick=10080 ents=12 hasDyn=12 types(d/k)=12/0 null=0 yRange=[0.210,0.865] yDyn0=0.809 pendingDestroy=0
[System] Tick Logger A
[System] Tick Logger B
[System] Tick Logger A
[System] Tick Logger B
[System] Tick Logger A
[System] Tick Logger B
[System] Tick Logger A
[System] Tick Logger B
[System] Tick Logger A
[System] Tick Logger B
[System] Tick Logger A
[System] Tick Logger B
[System] Tick Logger A
[System] Tick Logger B
[System] Tick Logger A
[System] Tick Logger B
[System] Tick Logger A
[System] Tick Logger B
[System] Tick Logger A
[System] Tick Logger B
[System] Tick Logger A
[System] Tick Logger B
[System] Tick Logger A
[System] Tick Logger B
[System] Tick Logger A
[System] Tick Logger B
[System] Tick Logger A
[System] Tick Logger B
[System] Tick Logger A
[System] Tick Logger B
[System] Tick Logger A
[System] Tick Logger B
[System] Tick Logger A
[System] Tick Logger B
[System] Tick Logger A
[System] Tick Logger B
[System] Tick Logger A
[System] Tick Logger B
[System] Tick Logger A
[System] Tick Logger B
[System] Tick Logger A
[System] Tick Logger B
[System] Tick Logger A
[System] Tick Logger B
[System] Tick Logger A
[System] Tick Logger B
[System] Tick Logger A
[System] Tick Logger B
[System] Tick Logger A
[System] Tick Logger B
[System] Tick Logger A
[System] Tick Logger B
[System] Tick Logger A
[System] Tick Logger B
[System] Tick Logger A
[System] Tick Logger B
[System] Tick Logger A
[System] Tick Logger B
[System] Tick Logger A
[System] Tick Logger B
[System] Tick Logger A
[System] Tick Logger B
[System] Tick Logger A
[System] Tick Logger B
[System] Tick Logger A
[System] Tick Logger B
[System] Tick Logger A
[System] Tick Logger B
[System] Tick Logger A
[System] Tick Logger B
[System] Tick Logger A
[System] Tick Logger B
[System] Tick Logger A
[System] Tick Logger B
[System] Tick Logger A
[System] Tick Logger B
[System] Tick Logger A
[System] Tick Logger B
[System] Tick Logger A
[System] Tick Logger B
[System] Tick Logger A
[System] Tick Logger B
[System] Tick Logger A
[System] Tick Logger B
[System] Tick Logger A
[System] Tick Logger B
[System] Tick Logger A
[System] Tick Logger B
[System] Tick Logger A
[System] Tick Logger B
[System] Tick Logger A
[System] Tick Logger B
[System] Tick Logger A
[System] Tick Logger B
[System] Tick Logger A
[System] Tick Logger B
[System] Tick Logger A
[System] Tick Logger B
[System] Tick Logger A
[System] Tick Logger B
[System] Tick Logger A
[System] Tick Logger B
[System] Tick Logger A
[System] Tick Logger B
[System] Tick Logger A
[System] Tick Logger B
[System] Tick Logger A
[System] Tick Logger B
[System] Tick Logger A
[System] Tick Logger B
[System] Tick Logger A
[System] Tick Logger B
[System] Tick Logger A
[System] Tick Logger B
[System] Tick Logger A
[System] Tick Logger B
[System] Tick Logger A
[System] Tick Logger B
[System] Tick Logger A
[System] Tick Logger B
[Physics] tick=10140 ents=12 hasDyn=12 types(d/k)=12/0 null=0 yRange=[0.209,0.865] yDyn0=0.809 pendingDestroy=0
[System] Tick Logger A
[System] Tick Logger B
[System] Tick Logger A
[System] Tick Logger B
[System] Tick Logger A
[System] Tick Logger B
[System] Tick Logger A
[System] Tick Logger B
[System] Tick Logger A
[System] Tick Logger B
[System] Tick Logger A
[System] Tick Logger B
[System] Tick Logger A
[System] Tick Logger B
[System] Tick Logger A
[System] Tick Logger B
[System] Tick Logger A
[System] Tick Logger B
[System] Tick Logger A
[System] Tick Logger B
[System] Tick Logger A
[System] Tick Logger B
[System] Tick Logger A
[System] Tick Logger B
[System] Tick Logger A
[System] Tick Logger B
[System] Tick Logger A
[System] Tick Logger B
[System] Tick Logger A
[System] Tick Logger B
[System] Tick Logger A
[System] Tick Logger B
[System] Tick Logger A
[System] Tick Logger B
[System] Tick Logger A
[System] Tick Logger B
[System] Tick Logger A
[System] Tick Logger B
[System] Tick Logger A
[System] Tick Logger B
[System] Tick Logger A
[System] Tick Logger B
[System] Tick Logger A
[System] Tick Logger B
[System] Tick Logger A
[System] Tick Logger B
[System] Tick Logger A
[System] Tick Logger B
[System] Tick Logger A
[System] Tick Logger B
[System] Tick Logger A
[System] Tick Logger B
[System] Tick Logger A
[System] Tick Logger B
[System] Tick Logger A
[System] Tick Logger B
[System] Tick Logger A
[System] Tick Logger B
[System] Tick Logger A
[System] Tick Logger B
[System] Tick Logger A
[System] Tick Logger B
[System] Tick Logger A
[System] Tick Logger B
[System] Tick Logger A
[System] Tick Logger B
[soccer] id7 pos=(6.04,-2.19) bodyvel=(0.18,0.20) desired=(1.43,1.63) force=(443.1,509.2) round=0/0 phase=1
[System] Tick Logger A
[System] Tick Logger B
[System] Tick Logger A
[System] Tick Logger B
[System] Tick Logger A
[System] Tick Logger B
[System] Tick Logger A
[System] Tick Logger B
[System] Tick Logger A
[System] Tick Logger B
[System] Tick Logger A
[System] Tick Logger B
[System] Tick Logger A
[System] Tick Logger B
[System] Tick Logger A
[System] Tick Logger B
[System] Tick Logger A
[System] Tick Logger B
[System] Tick Logger A
[System] Tick Logger B
[System] Tick Logger A
[System] Tick Logger B
[System] Tick Logger A
[System] Tick Logger B
[System] Tick Logger A
[System] Tick Logger B
[System] Tick Logger A
[System] Tick Logger B
[System] Tick Logger A
[System] Tick Logger B
[System] Tick Logger A
[System] Tick Logger B
[System] Tick Logger A
[System] Tick Logger B
[System] Tick Logger A
[System] Tick Logger B
[System] Tick Logger A
[System] Tick Logger B
[System] Tick Logger A
[System] Tick Logger B
[System] Tick Logger A
[System] Tick Logger B
[System] Tick Logger A
[System] Tick Logger B
[System] Tick Logger A
[System] Tick Logger B
[System] Tick Logger A
[System] Tick Logger B
[System] Tick Logger A
[System] Tick Logger B
[System] Tick Logger A
[System] Tick Logger B
[System] Tick Logger A
[System] Tick Logger B
[Physics] tick=10200 ents=12 hasDyn=12 types(d/k)=12/0 null=0 yRange=[0.209,0.865] yDyn0=0.809 pendingDestroy=0
[System] Tick Logger A
[System] Tick Logger B
[System] Tick Logger A
[System] Tick Logger B
[System] Tick Logger A
[System] Tick Logger B
[System] Tick Logger A
[System] Tick Logger B
[System] Tick Logger A
[System] Tick Logger B
[System] Tick Logger A
[System] Tick Logger B
[System] Tick Logger A
[System] Tick Logger B
[System] Tick Logger A
[System] Tick Logger B
[System] Tick Logger A
[System] Tick Logger B
[System] Tick Logger A
[System] Tick Logger B
[System] Tick Logger A
[System] Tick Logger B
[System] Tick Logger A
[System] Tick Logger B
[System] Tick Logger A
[System] Tick Logger B
[System] Tick Logger A
[System] Tick Logger B
[System] Tick Logger A
[System] Tick Logger B
[System] Tick Logger A
[System] Tick Logger B
[System] Tick Logger A
[System] Tick Logger B
[System] Tick Logger A
[System] Tick Logger B
[System] Tick Logger A
[System] Tick Logger B
[System] Tick Logger A
[System] Tick Logger B
[System] Tick Logger A
[System] Tick Logger B
[System] Tick Logger A
[System] Tick Logger B
[System] Tick Logger A
[System] Tick Logger B
[System] Tick Logger A
[System] Tick Logger B
[System] Tick Logger A
[System] Tick Logger B
[System] Tick Logger A
[System] Tick Logger B
[System] Tick Logger A
[System] Tick Logger B
[System] Tick Logger A
[System] Tick Logger B
[System] Tick Logger A
[System] Tick Logger B
[System] Tick Logger A
[System] Tick Logger B
[System] Tick Logger A
[System] Tick Logger B
[System] Tick Logger A
[System] Tick Logger B
[System] Tick Logger A
[System] Tick Logger B
[System] Tick Logger A
[System] Tick Logger B
[System] Tick Logger A
[System] Tick Logger B
[System] Tick Logger A
[System] Tick Logger B
[System] Tick Logger A
[System] Tick Logger B
[System] Tick Logger A
[System] Tick Logger B
[System] Tick Logger A
[System] Tick Logger B
[System] Tick Logger A
[System] Tick Logger B
[System] Tick Logger A
[System] Tick Logger B
[System] Tick Logger A
[System] Tick Logger B
[System] Tick Logger A
[System] Tick Logger B
[System] Tick Logger A
[System] Tick Logger B
[System] Tick Logger A
[System] Tick Logger B
[System] Tick Logger A
[System] Tick Logger B
[System] Tick Logger A
[System] Tick Logger B
[System] Tick Logger A
[System] Tick Logger B
[System] Tick Logger A
[System] Tick Logger B
[System] Tick Logger A
[System] Tick Logger B
[System] Tick Logger A
[System] Tick Logger B
[System] Tick Logger A
[System] Tick Logger B
[System] Tick Logger A
[System] Tick Logger B
[System] Tick Logger A
[System] Tick Logger B
[System] Tick Logger A
[System] Tick Logger B
[System] Tick Logger A
[System] Tick Logger B
[System] Tick Logger A
[System] Tick Logger B
[System] Tick Logger A
[System] Tick Logger B
[System] Tick Logger A
[System] Tick Logger B
[System] Tick Logger A
[System] Tick Logger B
[Physics] tick=10260 ents=12 hasDyn=12 types(d/k)=12/0 null=0 yRange=[0.210,0.865] yDyn0=0.809 pendingDestroy=0
[System] Tick Logger A
[System] Tick Logger B
[System] Tick Logger A
[System] Tick Logger B
[System] Tick Logger A
[System] Tick Logger B
[System] Tick Logger A
[System] Tick Logger B
[System] Tick Logger A
[System] Tick Logger B
[System] Tick Logger A
[System] Tick Logger B
[System] Tick Logger A
[System] Tick Logger B
[System] Tick Logger A
[System] Tick Logger B
[System] Tick Logger A
[System] Tick Logger B
[System] Tick Logger A
[System] Tick Logger B
[System] Tick Logger A
[System] Tick Logger B
[System] Tick Logger A
[System] Tick Logger B
[System] Tick Logger A
[System] Tick Logger B
[System] Tick Logger A
[System] Tick Logger B
[System] Tick Logger A
[System] Tick Logger B
[System] Tick Logger A
[System] Tick Logger B
[System] Tick Logger A
[System] Tick Logger B
[System] Tick Logger A
[System] Tick Logger B
[System] Tick Logger A
[System] Tick Logger B
[System] Tick Logger A
[System] Tick Logger B
[System] Tick Logger A
[System] Tick Logger B
[System] Tick Logger A
[System] Tick Logger B
[System] Tick Logger A
[System] Tick Logger B
[System] Tick Logger A
[System] Tick Logger B
[System] Tick Logger A
[System] Tick Logger B
[System] Tick Logger A
[System] Tick Logger B
[System] Tick Logger A
[System] Tick Logger B
[System] Tick Logger A
[System] Tick Logger B
[System] Tick Logger A
[System] Tick Logger B
[System] Tick Logger A
[System] Tick Logger B
[System] Tick Logger A
[System] Tick Logger B
[System] Tick Logger A
[System] Tick Logger B
[System] Tick Logger A
[System] Tick Logger B
[System] Tick Logger A
[System] Tick Logger B
[System] Tick Logger A
[System] Tick Logger B
[System] Tick Logger A
[System] Tick Logger B
[System] Tick Logger A
[System] Tick Logger B
[System] Tick Logger A
[System] Tick Logger B
[System] Tick Logger A
[System] Tick Logger B
[System] Tick Logger A
[System] Tick Logger B
[System] Tick Logger A
[System] Tick Logger B
[System] Tick Logger A
[System] Tick Logger B
[System] Tick Logger A
[System] Tick Logger B
[System] Tick Logger A
[System] Tick Logger B
[System] Tick Logger A
[System] Tick Logger B
[System] Tick Logger A
[System] Tick Logger B
[System] Tick Logger A
[System] Tick Logger B
[System] Tick Logger A
[System] Tick Logger B
[System] Tick Logger A
[System] Tick Logger B
[System] Tick Logger A
[System] Tick Logger B
[System] Tick Logger A
[System] Tick Logger B
[System] Tick Logger A
[System] Tick Logger B
[System] Tick Logger A
[System] Tick Logger B
[System] Tick Logger A
[System] Tick Logger B
[System] Tick Logger A
[System] Tick Logger B
[System] Tick Logger A
[System] Tick Logger B
[System] Tick Logger A
[System] Tick Logger B
[System] Tick Logger A
[System] Tick Logger B
[System] Tick Logger A
[System] Tick Logger B
[System] Tick Logger A
[System] Tick Logger B
[Physics] tick=10320 ents=12 hasDyn=12 types(d/k)=12/0 null=0 yRange=[0.210,0.865] yDyn0=0.809 pendingDestroy=0
[System] Tick Logger A
[System] Tick Logger B
[System] Tick Logger A
[System] Tick Logger B
[System] Tick Logger A
[System] Tick Logger B
[System] Tick Logger A
[System] Tick Logger B
[System] Tick Logger A
[System] Tick Logger B
[System] Tick Logger A
[System] Tick Logger B
[System] Tick Logger A
[System] Tick Logger B
[System] Tick Logger A
[System] Tick Logger B
[System] Tick Logger A
[System] Tick Logger B
[System] Tick Logger A
[System] Tick Logger B
[System] Tick Logger A
[System] Tick Logger B
[System] Tick Logger A
[System] Tick Logger B
[System] Tick Logger A
[System] Tick Logger B
[System] Tick Logger A
[System] Tick Logger B
[System] Tick Logger A
[System] Tick Logger B
[System] Tick Logger A
[System] Tick Logger B
[System] Tick Logger A
[System] Tick Logger B
[System] Tick Logger A
[System] Tick Logger B
[System] Tick Logger A
[System] Tick Logger B
[System] Tick Logger A
[System] Tick Logger B
[System] Tick Logger A
[System] Tick Logger B
[System] Tick Logger A
[System] Tick Logger B
[System] Tick Logger A
[System] Tick Logger B
[System] Tick Logger A
[System] Tick Logger B
[System] Tick Logger A
[System] Tick Logger B
[System] Tick Logger A
[System] Tick Logger B
[System] Tick Logger A
[System] Tick Logger B
[System] Tick Logger A
[System] Tick Logger B
[System] Tick Logger A
[System] Tick Logger B
[System] Tick Logger A
[System] Tick Logger B
[System] Tick Logger A
[System] Tick Logger B
[System] Tick Logger A
[System] Tick Logger B
[System] Tick Logger A
[System] Tick Logger B
[System] Tick Logger A
[System] Tick Logger B
[System] Tick Logger A
[System] Tick Logger B
[System] Tick Logger A
[System] Tick Logger B
[System] Tick Logger A
[System] Tick Logger B
[System] Tick Logger A
[System] Tick Logger B
[System] Tick Logger A
[System] Tick Logger B
[System] Tick Logger A
[System] Tick Logger B
[System] Tick Logger A
[System] Tick Logger B
[System] Tick Logger A
[System] Tick Logger B
[System] Tick Logger A
[System] Tick Logger B
[System] Tick Logger A
[System] Tick Logger B
[System] Tick Logger A
[System] Tick Logger B
[System] Tick Logger A
[System] Tick Logger B
[System] Tick Logger A
[System] Tick Logger B
[System] Tick Logger A
[System] Tick Logger B
[System] Tick Logger A
[System] Tick Logger B
[System] Tick Logger A
[System] Tick Logger B
[System] Tick Logger A
[System] Tick Logger B
[System] Tick Logger A
[System] Tick Logger B
[System] Tick Logger A
[System] Tick Logger B
[System] Tick Logger A
[System] Tick Logger B
[System] Tick Logger A
[System] Tick Logger B
[System] Tick Logger A
[System] Tick Logger B
[System] Tick Logger A
[System] Tick Logger B
[System] Tick Logger A
[System] Tick Logger B
[System] Tick Logger A
[System] Tick Logger B
[System] Tick Logger A
[System] Tick Logger B
[Physics] tick=10380 ents=12 hasDyn=12 types(d/k)=12/0 null=0 yRange=[0.209,0.865] yDyn0=0.809 pendingDestroy=0
[System] Tick Logger A
[System] Tick Logger B
[System] Tick Logger A
[System] Tick Logger B
[System] Tick Logger A
[System] Tick Logger B
[System] Tick Logger A
[System] Tick Logger B
[System] Tick Logger A
[System] Tick Logger B
[System] Tick Logger A
[System] Tick Logger B
[System] Tick Logger A
[System] Tick Logger B
[System] Tick Logger A
[System] Tick Logger B
[System] Tick Logger A
[System] Tick Logger B
[System] Tick Logger A
[System] Tick Logger B
[System] Tick Logger A
[System] Tick Logger B
[System] Tick Logger A
[System] Tick Logger B
[System] Tick Logger A
[System] Tick Logger B
[System] Tick Logger A
[System] Tick Logger B
[System] Tick Logger A
[System] Tick Logger B
[System] Tick Logger A
[System] Tick Logger B
[System] Tick Logger A
[System] Tick Logger B
[System] Tick Logger A
[System] Tick Logger B
[System] Tick Logger A
[System] Tick Logger B
[System] Tick Logger A
[System] Tick Logger B
[System] Tick Logger A
[System] Tick Logger B
[System] Tick Logger A
[System] Tick Logger B
[System] Tick Logger A
[System] Tick Logger B
[System] Tick Logger A
[System] Tick Logger B
[System] Tick Logger A
[System] Tick Logger B
[System] Tick Logger A
[System] Tick Logger B
[System] Tick Logger A
[System] Tick Logger B
[System] Tick Logger A
[System] Tick Logger B
[System] Tick Logger A
[System] Tick Logger B
[System] Tick Logger A
[System] Tick Logger B
[System] Tick Logger A
[System] Tick Logger B
[System] Tick Logger A
[System] Tick Logger B
[System] Tick Logger A
[System] Tick Logger B
[System] Tick Logger A
[System] Tick Logger B
[System] Tick Logger A
[System] Tick Logger B
[System] Tick Logger A
[System] Tick Logger B
[System] Tick Logger A
[System] Tick Logger B
[System] Tick Logger A
[System] Tick Logger B
[System] Tick Logger A
[System] Tick Logger B
[System] Tick Logger A
[System] Tick Logger B
[System] Tick Logger A
[System] Tick Logger B
[System] Tick Logger A
[System] Tick Logger B
[System] Tick Logger A
[System] Tick Logger B
[System] Tick Logger A
[System] Tick Logger B
[System] Tick Logger A
[System] Tick Logger B
[System] Tick Logger A
[System] Tick Logger B
[System] Tick Logger A
[System] Tick Logger B
[System] Tick Logger A
[System] Tick Logger B
[System] Tick Logger A
[System] Tick Logger B
[System] Tick Logger A
[System] Tick Logger B
[System] Tick Logger A
[System] Tick Logger B
[System] Tick Logger A
[System] Tick Logger B
[System] Tick Logger A
[System] Tick Logger B
[System] Tick Logger A
[System] Tick Logger B
[System] Tick Logger A
[System] Tick Logger B
[System] Tick Logger A
[System] Tick Logger B
[System] Tick Logger A
[System] Tick Logger B
[System] Tick Logger A
[System] Tick Logger B
[System] Tick Logger A
[System] Tick Logger B
[System] Tick Logger A
[System] Tick Logger B
[Physics] tick=10440 ents=12 hasDyn=12 types(d/k)=12/0 null=0 yRange=[0.210,0.865] yDyn0=0.809 pendingDestroy=0
[System] Tick Logger A
[System] Tick Logger B
[System] Tick Logger A
[System] Tick Logger B
[System] Tick Logger A
[System] Tick Logger B
[System] Tick Logger A
[System] Tick Logger B
[System] Tick Logger A
[System] Tick Logger B
[System] Tick Logger A
[System] Tick Logger B
[System] Tick Logger A
[System] Tick Logger B
[System] Tick Logger A
[System] Tick Logger B
[System] Tick Logger A
[System] Tick Logger B
[System] Tick Logger A
[System] Tick Logger B
[System] Tick Logger A
[System] Tick Logger B
[System] Tick Logger A
[System] Tick Logger B
[System] Tick Logger A
[System] Tick Logger B
[System] Tick Logger A
[System] Tick Logger B
[System] Tick Logger A
[System] Tick Logger B
[System] Tick Logger A
[System] Tick Logger B
[System] Tick Logger A
[System] Tick Logger B
[System] Tick Logger A
[System] Tick Logger B
[System] Tick Logger A
[System] Tick Logger B
[System] Tick Logger A
[System] Tick Logger B
[System] Tick Logger A
[System] Tick Logger B
[System] Tick Logger A
[System] Tick Logger B
[System] Tick Logger A
[System] Tick Logger B
[System] Tick Logger A
[System] Tick Logger B
[System] Tick Logger A
[System] Tick Logger B
[System] Tick Logger A
[System] Tick Logger B
[System] Tick Logger A
[System] Tick Logger B
[System] Tick Logger A
[System] Tick Logger B
[System] Tick Logger A
[System] Tick Logger B
[System] Tick Logger A
[System] Tick Logger B
[System] Tick Logger A
[System] Tick Logger B
[System] Tick Logger A
[System] Tick Logger B
[System] Tick Logger A
[System] Tick Logger B
[System] Tick Logger A
[System] Tick Logger B
[System] Tick Logger A
[System] Tick Logger B
[System] Tick Logger A
[System] Tick Logger B
[System] Tick Logger A
[System] Tick Logger B
[System] Tick Logger A
[System] Tick Logger B
[System] Tick Logger A
[System] Tick Logger B
[System] Tick Logger A
[System] Tick Logger B
[System] Tick Logger A
[System] Tick Logger B
[System] Tick Logger A
[System] Tick Logger B
[System] Tick Logger A
[System] Tick Logger B
[System] Tick Logger A
[System] Tick Logger B
[System] Tick Logger A
[System] Tick Logger B
[System] Tick Logger A
[System] Tick Logger B
[System] Tick Logger A
[System] Tick Logger B
[System] Tick Logger A
[System] Tick Logger B
[System] Tick Logger A
[System] Tick Logger B
[System] Tick Logger A
[System] Tick Logger B
[System] Tick Logger A
[System] Tick Logger B
[System] Tick Logger A
[System] Tick Logger B
[System] Tick Logger A
[System] Tick Logger B
[System] Tick Logger A
[System] Tick Logger B
[System] Tick Logger A
[System] Tick Logger B
[System] Tick Logger A
[System] Tick Logger B
[System] Tick Logger A
[System] Tick Logger B
[System] Tick Logger A
[System] Tick Logger B
[System] Tick Logger A
[System] Tick Logger B
[System] Tick Logger A
[System] Tick Logger B
[Physics] tick=10500 ents=12 hasDyn=12 types(d/k)=12/0 null=0 yRange=[0.210,0.865] yDyn0=0.809 pendingDestroy=0
[System] Tick Logger A
[System] Tick Logger B
[System] Tick Logger A
[System] Tick Logger B
[System] Tick Logger A
[System] Tick Logger B
[System] Tick Logger A
[System] Tick Logger B
[System] Tick Logger A
[System] Tick Logger B
[System] Tick Logger A
[System] Tick Logger B
[System] Tick Logger A
[System] Tick Logger B
[System] Tick Logger A
[System] Tick Logger B
[System] Tick Logger A
[System] Tick Logger B
[System] Tick Logger A
[System] Tick Logger B
[System] Tick Logger A
[System] Tick Logger B
[System] Tick Logger A
[System] Tick Logger B
[System] Tick Logger A
[System] Tick Logger B
[System] Tick Logger A
[System] Tick Logger B
[System] Tick Logger A
[System] Tick Logger B
[System] Tick Logger A
[System] Tick Logger B
[System] Tick Logger A
[System] Tick Logger B
[System] Tick Logger A
[System] Tick Logger B
[System] Tick Logger A
[System] Tick Logger B
[System] Tick Logger A
[System] Tick Logger B
[System] Tick Logger A
[System] Tick Logger B
[System] Tick Logger A
[System] Tick Logger B
[System] Tick Logger A
[System] Tick Logger B
[System] Tick Logger A
[System] Tick Logger B
[System] Tick Logger A
[System] Tick Logger B
[System] Tick Logger A
[System] Tick Logger B
[System] Tick Logger A
[System] Tick Logger B
[System] Tick Logger A
[System] Tick Logger B
[System] Tick Logger A
[System] Tick Logger B
[System] Tick Logger A
[System] Tick Logger B
[System] Tick Logger A
[System] Tick Logger B
[System] Tick Logger A
[System] Tick Logger B
[System] Tick Logger A
[System] Tick Logger B
[System] Tick Logger A
[System] Tick Logger B
[System] Tick Logger A
[System] Tick Logger B
[soccer] id7 pos=(5.97,-2.22) bodyvel=(0.25,0.08) desired=(1.92,1.19) force=(561.5,374.6) round=0/0 phase=1
[System] Tick Logger A
[System] Tick Logger B
[System] Tick Logger A
[System] Tick Logger B
[System] Tick Logger A
[System] Tick Logger B
[System] Tick Logger A
[System] Tick Logger B
[System] Tick Logger A
[System] Tick Logger B
[System] Tick Logger A
[System] Tick Logger B
[System] Tick Logger A
[System] Tick Logger B
[System] Tick Logger A
[System] Tick Logger B
[System] Tick Logger A
[System] Tick Logger B
[System] Tick Logger A
[System] Tick Logger B
[System] Tick Logger A
[System] Tick Logger B
[System] Tick Logger A
[System] Tick Logger B
[System] Tick Logger A
[System] Tick Logger B
[System] Tick Logger A
[System] Tick Logger B
[System] Tick Logger A
[System] Tick Logger B
[System] Tick Logger A
[System] Tick Logger B
[System] Tick Logger A
[System] Tick Logger B
[System] Tick Logger A
[System] Tick Logger B
[System] Tick Logger A
[System] Tick Logger B
[System] Tick Logger A
[System] Tick Logger B
[System] Tick Logger A
[System] Tick Logger B
[System] Tick Logger A
[System] Tick Logger B
[System] Tick Logger A
[System] Tick Logger B
[System] Tick Logger A
[System] Tick Logger B
[System] Tick Logger A
[System] Tick Logger B
[Physics] tick=10560 ents=12 hasDyn=12 types(d/k)=12/0 null=0 yRange=[0.209,0.865] yDyn0=0.809 pendingDestroy=0
[System] Tick Logger A
[System] Tick Logger B
[System] Tick Logger A
[System] Tick Logger B
[System] Tick Logger A
[System] Tick Logger B
[System] Tick Logger A
[System] Tick Logger B
[System] Tick Logger A
[System] Tick Logger B
[System] Tick Logger A
[System] Tick Logger B
[System] Tick Logger A
[System] Tick Logger B
[System] Tick Logger A
[System] Tick Logger B
[System] Tick Logger A
[System] Tick Logger B
[System] Tick Logger A
[System] Tick Logger B
[System] Tick Logger A
[System] Tick Logger B
[System] Tick Logger A
[System] Tick Logger B
[System] Tick Logger A
[System] Tick Logger B
[System] Tick Logger A
[System] Tick Logger B
[System] Tick Logger A
[System] Tick Logger B
[System] Tick Logger A
[System] Tick Logger B
[System] Tick Logger A
[System] Tick Logger B
[System] Tick Logger A
[System] Tick Logger B
[System] Tick Logger A
[System] Tick Logger B
[System] Tick Logger A
[System] Tick Logger B
[System] Tick Logger A
[System] Tick Logger B
[System] Tick Logger A
[System] Tick Logger B
[System] Tick Logger A
[System] Tick Logger B
[System] Tick Logger A
[System] Tick Logger B
[System] Tick Logger A
[System] Tick Logger B
[System] Tick Logger A
[System] Tick Logger B
[System] Tick Logger A
[System] Tick Logger B
[System] Tick Logger A
[System] Tick Logger B
[System] Tick Logger A
[System] Tick Logger B
[System] Tick Logger A
[System] Tick Logger B
[System] Tick Logger A
[System] Tick Logger B
[System] Tick Logger A
[System] Tick Logger B
[System] Tick Logger A
[System] Tick Logger B
[System] Tick Logger A
[System] Tick Logger B
[System] Tick Logger A
[System] Tick Logger B
[System] Tick Logger A
[System] Tick Logger B
[System] Tick Logger A
[System] Tick Logger B
[System] Tick Logger A
[System] Tick Logger B
[System] Tick Logger A
[System] Tick Logger B
[System] Tick Logger A
[System] Tick Logger B
[System] Tick Logger A
[System] Tick Logger B
[System] Tick Logger A
[System] Tick Logger B
[System] Tick Logger A
[System] Tick Logger B
[System] Tick Logger A
[System] Tick Logger B
[System] Tick Logger A
[System] Tick Logger B
[System] Tick Logger A
[System] Tick Logger B
[System] Tick Logger A
[System] Tick Logger B
[System] Tick Logger A
[System] Tick Logger B
[System] Tick Logger A
[System] Tick Logger B
[System] Tick Logger A
[System] Tick Logger B
[System] Tick Logger A
[System] Tick Logger B
[System] Tick Logger A
[System] Tick Logger B
[System] Tick Logger A
[System] Tick Logger B
[System] Tick Logger A
[System] Tick Logger B
[System] Tick Logger A
[System] Tick Logger B
[System] Tick Logger A
[System] Tick Logger B
[System] Tick Logger A
[System] Tick Logger B
[System] Tick Logger A
[System] Tick Logger B
[System] Tick Logger A
[System] Tick Logger B
[System] Tick Logger A
[System] Tick Logger B
[Physics] tick=10620 ents=12 hasDyn=12 types(d/k)=12/0 null=0 yRange=[0.210,0.865] yDyn0=0.809 pendingDestroy=0
[System] Tick Logger A
[System] Tick Logger B
[System] Tick Logger A
[System] Tick Logger B
[System] Tick Logger A
[System] Tick Logger B
[System] Tick Logger A
[System] Tick Logger B
[System] Tick Logger A
[System] Tick Logger B
[System] Tick Logger A
[System] Tick Logger B
[System] Tick Logger A
[System] Tick Logger B
[System] Tick Logger A
[System] Tick Logger B
[System] Tick Logger A
[System] Tick Logger B
[System] Tick Logger A
[System] Tick Logger B
[System] Tick Logger A
[System] Tick Logger B
[System] Tick Logger A
[System] Tick Logger B
[System] Tick Logger A
[System] Tick Logger B
[System] Tick Logger A
[System] Tick Logger B
[System] Tick Logger A
[System] Tick Logger B
[System] Tick Logger A
[System] Tick Logger B
[System] Tick Logger A
[System] Tick Logger B
[System] Tick Logger A
[System] Tick Logger B
[System] Tick Logger A
[System] Tick Logger B
[System] Tick Logger A
[System] Tick Logger B
[System] Tick Logger A
[System] Tick Logger B
[System] Tick Logger A
[System] Tick Logger B
[System] Tick Logger A
[System] Tick Logger B
[System] Tick Logger A
[System] Tick Logger B
[System] Tick Logger A
[System] Tick Logger B
[System] Tick Logger A
[System] Tick Logger B
[System] Tick Logger A
[System] Tick Logger B
[System] Tick Logger A
[System] Tick Logger B
[System] Tick Logger A
[System] Tick Logger B
[System] Tick Logger A
[System] Tick Logger B
[System] Tick Logger A
[System] Tick Logger B
[System] Tick Logger A
[System] Tick Logger B
[System] Tick Logger A
[System] Tick Logger B
[System] Tick Logger A
[System] Tick Logger B
[System] Tick Logger A
[System] Tick Logger B
[System] Tick Logger A
[System] Tick Logger B
[System] Tick Logger A
[System] Tick Logger B
[System] Tick Logger A
[System] Tick Logger B
[System] Tick Logger A
[System] Tick Logger B
[System] Tick Logger A
[System] Tick Logger B
[System] Tick Logger A
[System] Tick Logger B
[System] Tick Logger A
[System] Tick Logger B
[System] Tick Logger A
[System] Tick Logger B
[System] Tick Logger A
[System] Tick Logger B
[System] Tick Logger A
[System] Tick Logger B
[System] Tick Logger A
[System] Tick Logger B
[System] Tick Logger A
[System] Tick Logger B
[System] Tick Logger A
[System] Tick Logger B
[System] Tick Logger A
[System] Tick Logger B
[System] Tick Logger A
[System] Tick Logger B
[System] Tick Logger A
[System] Tick Logger B
[System] Tick Logger A
[System] Tick Logger B
[System] Tick Logger A
[System] Tick Logger B
[System] Tick Logger A
[System] Tick Logger B
[System] Tick Logger A
[System] Tick Logger B
[System] Tick Logger A
[System] Tick Logger B
[System] Tick Logger A
[System] Tick Logger B
[System] Tick Logger A
[System] Tick Logger B
[System] Tick Logger A
[System] Tick Logger B
[System] Tick Logger A
[System] Tick Logger B
[Physics] tick=10680 ents=12 hasDyn=12 types(d/k)=12/0 null=0 yRange=[0.210,0.865] yDyn0=0.809 pendingDestroy=0
[System] Tick Logger A
[System] Tick Logger B
[System] Tick Logger A
[System] Tick Logger B
[System] Tick Logger A
[System] Tick Logger B
[System] Tick Logger A
[System] Tick Logger B
[System] Tick Logger A
[System] Tick Logger B
[System] Tick Logger A
[System] Tick Logger B
[System] Tick Logger A
[System] Tick Logger B
[System] Tick Logger A
[System] Tick Logger B
[System] Tick Logger A
[System] Tick Logger B
[System] Tick Logger A
[System] Tick Logger B
[System] Tick Logger A
[System] Tick Logger B
[System] Tick Logger A
[System] Tick Logger B
[System] Tick Logger A
[System] Tick Logger B
[System] Tick Logger A
[System] Tick Logger B
[System] Tick Logger A
[System] Tick Logger B
[System] Tick Logger A
[System] Tick Logger B
[System] Tick Logger A
[System] Tick Logger B
[System] Tick Logger A
[System] Tick Logger B
[System] Tick Logger A
[System] Tick Logger B
[System] Tick Logger A
[System] Tick Logger B
[System] Tick Logger A
[System] Tick Logger B
[System] Tick Logger A
[System] Tick Logger B
[System] Tick Logger A
[System] Tick Logger B
[System] Tick Logger A
[System] Tick Logger B
[System] Tick Logger A
[System] Tick Logger B
[System] Tick Logger A
[System] Tick Logger B
[System] Tick Logger A
[System] Tick Logger B
[System] Tick Logger A
[System] Tick Logger B
[System] Tick Logger A
[System] Tick Logger B
[System] Tick Logger A
[System] Tick Logger B
[System] Tick Logger A
[System] Tick Logger B
[System] Tick Logger A
[System] Tick Logger B
[System] Tick Logger A
[System] Tick Logger B
[System] Tick Logger A
[System] Tick Logger B
[System] Tick Logger A
[System] Tick Logger B
[System] Tick Logger A
[System] Tick Logger B
[System] Tick Logger A
[System] Tick Logger B
[System] Tick Logger A
[System] Tick Logger B
[System] Tick Logger A
[System] Tick Logger B
[System] Tick Logger A
[System] Tick Logger B
[System] Tick Logger A
[System] Tick Logger B
[System] Tick Logger A
[System] Tick Logger B
[System] Tick Logger A
[System] Tick Logger B
[System] Tick Logger A
[System] Tick Logger B
[System] Tick Logger A
[System] Tick Logger B
[System] Tick Logger A
[System] Tick Logger B
[System] Tick Logger A
[System] Tick Logger B
[System] Tick Logger A
[System] Tick Logger B
[System] Tick Logger A
[System] Tick Logger B
[System] Tick Logger A
[System] Tick Logger B
[System] Tick Logger A
[System] Tick Logger B
[System] Tick Logger A
[System] Tick Logger B
[System] Tick Logger A
[System] Tick Logger B
[System] Tick Logger A
[System] Tick Logger B
[System] Tick Logger A
[System] Tick Logger B
[System] Tick Logger A
[System] Tick Logger B
[System] Tick Logger A
[System] Tick Logger B
[System] Tick Logger A
[System] Tick Logger B
[System] Tick Logger A
[System] Tick Logger B
[System] Tick Logger A
[System] Tick Logger B
[Physics] tick=10740 ents=12 hasDyn=12 types(d/k)=12/0 null=0 yRange=[0.209,0.865] yDyn0=0.809 pendingDestroy=0
[System] Tick Logger A
[System] Tick Logger B
[System] Tick Logger A
[System] Tick Logger B
[System] Tick Logger A
[System] Tick Logger B
[System] Tick Logger A
[System] Tick Logger B
[System] Tick Logger A
[System] Tick Logger B
[System] Tick Logger A
[System] Tick Logger B
[System] Tick Logger A
[System] Tick Logger B
[System] Tick Logger A
[System] Tick Logger B
[System] Tick Logger A
[System] Tick Logger B
[System] Tick Logger A
[System] Tick Logger B
[System] Tick Logger A
[System] Tick Logger B
[System] Tick Logger A
[System] Tick Logger B
[System] Tick Logger A
[System] Tick Logger B
[System] Tick Logger A
[System] Tick Logger B
[System] Tick Logger A
[System] Tick Logger B
[System] Tick Logger A
[System] Tick Logger B
[System] Tick Logger A
[System] Tick Logger B
[System] Tick Logger A
[System] Tick Logger B
[System] Tick Logger A
[System] Tick Logger B
[System] Tick Logger A
[System] Tick Logger B
[System] Tick Logger A
[System] Tick Logger B
[System] Tick Logger A
[System] Tick Logger B
[System] Tick Logger A
[System] Tick Logger B
[System] Tick Logger A
[System] Tick Logger B
[System] Tick Logger A
[System] Tick Logger B
[System] Tick Logger A
[System] Tick Logger B
[System] Tick Logger A
[System] Tick Logger B
[System] Tick Logger A
[System] Tick Logger B
[System] Tick Logger A
[System] Tick Logger B
[System] Tick Logger A
[System] Tick Logger B
[System] Tick Logger A
[System] Tick Logger B
[System] Tick Logger A
[System] Tick Logger B
[System] Tick Logger A
[System] Tick Logger B
[System] Tick Logger A
[System] Tick Logger B
[System] Tick Logger A
[System] Tick Logger B
[System] Tick Logger A
[System] Tick Logger B
[System] Tick Logger A
[System] Tick Logger B
[System] Tick Logger A
[System] Tick Logger B
[System] Tick Logger A
[System] Tick Logger B
[System] Tick Logger A
[System] Tick Logger B
[System] Tick Logger A
[System] Tick Logger B
[System] Tick Logger A
[System] Tick Logger B
[System] Tick Logger A
[System] Tick Logger B
[System] Tick Logger A
[System] Tick Logger B
[System] Tick Logger A
[System] Tick Logger B
[System] Tick Logger A
[System] Tick Logger B
[System] Tick Logger A
[System] Tick Logger B
[System] Tick Logger A
[System] Tick Logger B
[System] Tick Logger A
[System] Tick Logger B
[System] Tick Logger A
[System] Tick Logger B
[System] Tick Logger A
[System] Tick Logger B
[System] Tick Logger A
[System] Tick Logger B
[System] Tick Logger A
[System] Tick Logger B
[System] Tick Logger A
[System] Tick Logger B
[System] Tick Logger A
[System] Tick Logger B
[System] Tick Logger A
[System] Tick Logger B
[System] Tick Logger A
[System] Tick Logger B
[System] Tick Logger A
[System] Tick Logger B
[System] Tick Logger A
[System] Tick Logger B
[System] Tick Logger A
[System] Tick Logger B
[Physics] tick=10800 ents=12 hasDyn=12 types(d/k)=12/0 null=0 yRange=[0.210,0.865] yDyn0=0.809 pendingDestroy=0
[System] Tick Logger A
[System] Tick Logger B
[System] Tick Logger A
[System] Tick Logger B
[System] Tick Logger A
[System] Tick Logger B
[System] Tick Logger A
[System] Tick Logger B
[System] Tick Logger A
[System] Tick Logger B
[System] Tick Logger A
[System] Tick Logger B
[System] Tick Logger A
[System] Tick Logger B
[System] Tick Logger A
[System] Tick Logger B
[System] Tick Logger A
[System] Tick Logger B
[System] Tick Logger A
[System] Tick Logger B
[System] Tick Logger A
[System] Tick Logger B
[System] Tick Logger A
[System] Tick Logger B
[System] Tick Logger A
[System] Tick Logger B
[System] Tick Logger A
[System] Tick Logger B
[System] Tick Logger A
[System] Tick Logger B
[System] Tick Logger A
[System] Tick Logger B
[System] Tick Logger A
[System] Tick Logger B
[System] Tick Logger A
[System] Tick Logger B
[System] Tick Logger A
[System] Tick Logger B
[System] Tick Logger A
[System] Tick Logger B
[System] Tick Logger A
[System] Tick Logger B
[System] Tick Logger A
[System] Tick Logger B
[System] Tick Logger A
[System] Tick Logger B
[System] Tick Logger A
[System] Tick Logger B
[System] Tick Logger A
[System] Tick Logger B
[System] Tick Logger A
[System] Tick Logger B
[System] Tick Logger A
[System] Tick Logger B
[System] Tick Logger A
[System] Tick Logger B
[System] Tick Logger A
[System] Tick Logger B
[System] Tick Logger A
[System] Tick Logger B
[System] Tick Logger A
[System] Tick Logger B
[System] Tick Logger A
[System] Tick Logger B
[System] Tick Logger A
[System] Tick Logger B
[System] Tick Logger A
[System] Tick Logger B
[System] Tick Logger A
[System] Tick Logger B
[System] Tick Logger A
[System] Tick Logger B
[System] Tick Logger A
[System] Tick Logger B
[System] Tick Logger A
[System] Tick Logger B
[System] Tick Logger A
[System] Tick Logger B
[System] Tick Logger A
[System] Tick Logger B
[System] Tick Logger A
[System] Tick Logger B
[System] Tick Logger A
[System] Tick Logger B
[System] Tick Logger A
[System] Tick Logger B
[System] Tick Logger A
[System] Tick Logger B
[System] Tick Logger A
[System] Tick Logger B
[System] Tick Logger A
[System] Tick Logger B
[System] Tick Logger A
[System] Tick Logger B
[System] Tick Logger A
[System] Tick Logger B
[System] Tick Logger A
[System] Tick Logger B
[System] Tick Logger A
[System] Tick Logger B
[System] Tick Logger A
[System] Tick Logger B
[System] Tick Logger A
[System] Tick Logger B
[System] Tick Logger A
[System] Tick Logger B
[System] Tick Logger A
[System] Tick Logger B
[System] Tick Logger A
[System] Tick Logger B
[System] Tick Logger A
[System] Tick Logger B
[System] Tick Logger A
[System] Tick Logger B
[System] Tick Logger A
[System] Tick Logger B
[System] Tick Logger A
[System] Tick Logger B
[System] Tick Logger A
[System] Tick Logger B
[Physics] tick=10860 ents=12 hasDyn=12 types(d/k)=12/0 null=0 yRange=[0.210,0.865] yDyn0=0.809 pendingDestroy=0
[System] Tick Logger A
[System] Tick Logger B
[System] Tick Logger A
[System] Tick Logger B
[System] Tick Logger A
[System] Tick Logger B
[System] Tick Logger A
[System] Tick Logger B
[System] Tick Logger A
[System] Tick Logger B
[System] Tick Logger A
[System] Tick Logger B
[System] Tick Logger A
[System] Tick Logger B
[System] Tick Logger A
[System] Tick Logger B
[System] Tick Logger A
[System] Tick Logger B
[System] Tick Logger A
[System] Tick Logger B
[System] Tick Logger A
[System] Tick Logger B
[System] Tick Logger A
[System] Tick Logger B
[System] Tick Logger A
[System] Tick Logger B
[System] Tick Logger A
[System] Tick Logger B
[System] Tick Logger A
[System] Tick Logger B
[System] Tick Logger A
[System] Tick Logger B
[System] Tick Logger A
[System] Tick Logger B
[System] Tick Logger A
[System] Tick Logger B
[System] Tick Logger A
[System] Tick Logger B
[System] Tick Logger A
[System] Tick Logger B
[System] Tick Logger A
[System] Tick Logger B
[System] Tick Logger A
[System] Tick Logger B
[System] Tick Logger A
[System] Tick Logger B
[System] Tick Logger A
[System] Tick Logger B
[System] Tick Logger A
[System] Tick Logger B
[soccer] id7 pos=(5.92,-2.31) bodyvel=(0.18,-0.05) desired=(2.53,0.73) force=(640.8,212.1) round=0/0 phase=1
[System] Tick Logger A
[System] Tick Logger B
[System] Tick Logger A
[System] Tick Logger B
[System] Tick Logger A
[System] Tick Logger B
[System] Tick Logger A
[System] Tick Logger B
[System] Tick Logger A
[System] Tick Logger B
[System] Tick Logger A
[System] Tick Logger B
[System] Tick Logger A
[System] Tick Logger B
[System] Tick Logger A
[System] Tick Logger B
[System] Tick Logger A
[System] Tick Logger B
[System] Tick Logger A
[System] Tick Logger B
[System] Tick Logger A
[System] Tick Logger B
[System] Tick Logger A
[System] Tick Logger B
[System] Tick Logger A
[System] Tick Logger B
[System] Tick Logger A
[System] Tick Logger B
[System] Tick Logger A
[System] Tick Logger B
[System] Tick Logger A
[System] Tick Logger B
[System] Tick Logger A
[System] Tick Logger B
[System] Tick Logger A
[System] Tick Logger B
[System] Tick Logger A
[System] Tick Logger B
[System] Tick Logger A
[System] Tick Logger B
[System] Tick Logger A
[System] Tick Logger B
[System] Tick Logger A
[System] Tick Logger B
[System] Tick Logger A
[System] Tick Logger B
[System] Tick Logger A
[System] Tick Logger B
[System] Tick Logger A
[System] Tick Logger B
[System] Tick Logger A
[System] Tick Logger B
[System] Tick Logger A
[System] Tick Logger B
[System] Tick Logger A
[System] Tick Logger B
[System] Tick Logger A
[System] Tick Logger B
[System] Tick Logger A
[System] Tick Logger B
[System] Tick Logger A
[System] Tick Logger B
[System] Tick Logger A
[System] Tick Logger B
[System] Tick Logger A
[System] Tick Logger B
[System] Tick Logger A
[System] Tick Logger B
[System] Tick Logger A
[System] Tick Logger B
[Physics] tick=10920 ents=12 hasDyn=12 types(d/k)=12/0 null=0 yRange=[0.209,0.865] yDyn0=0.809 pendingDestroy=0
[System] Tick Logger A
[System] Tick Logger B
[System] Tick Logger A
[System] Tick Logger B
[System] Tick Logger A
[System] Tick Logger B
[System] Tick Logger A
[System] Tick Logger B
[System] Tick Logger A
[System] Tick Logger B
[System] Tick Logger A
[System] Tick Logger B
[System] Tick Logger A
[System] Tick Logger B
[System] Tick Logger A
[System] Tick Logger B
[System] Tick Logger A
[System] Tick Logger B
[System] Tick Logger A
[System] Tick Logger B
[System] Tick Logger A
[System] Tick Logger B
[System] Tick Logger A
[System] Tick Logger B
[System] Tick Logger A
[System] Tick Logger B
[System] Tick Logger A
[System] Tick Logger B
[System] Tick Logger A
[System] Tick Logger B
[System] Tick Logger A
[System] Tick Logger B
[System] Tick Logger A
[System] Tick Logger B
[System] Tick Logger A
[System] Tick Logger B
[System] Tick Logger A
[System] Tick Logger B
[System] Tick Logger A
[System] Tick Logger B
[System] Tick Logger A
[System] Tick Logger B
[System] Tick Logger A
[System] Tick Logger B
[System] Tick Logger A
[System] Tick Logger B
[System] Tick Logger A
[System] Tick Logger B
[System] Tick Logger A
[System] Tick Logger B
[System] Tick Logger A
[System] Tick Logger B
[System] Tick Logger A
[System] Tick Logger B
[System] Tick Logger A
[System] Tick Logger B
[System] Tick Logger A
[System] Tick Logger B
[System] Tick Logger A
[System] Tick Logger B
[System] Tick Logger A
[System] Tick Logger B
[System] Tick Logger A
[System] Tick Logger B
[System] Tick Logger A
[System] Tick Logger B
[System] Tick Logger A
[System] Tick Logger B
[System] Tick Logger A
[System] Tick Logger B
[System] Tick Logger A
[System] Tick Logger B
[System] Tick Logger A
[System] Tick Logger B
[System] Tick Logger A
[System] Tick Logger B
[System] Tick Logger A
[System] Tick Logger B
[System] Tick Logger A
[System] Tick Logger B
[System] Tick Logger A
[System] Tick Logger B
[System] Tick Logger A
[System] Tick Logger B
[System] Tick Logger A
[System] Tick Logger B
[System] Tick Logger A
[System] Tick Logger B
[System] Tick Logger A
[System] Tick Logger B
[System] Tick Logger A
[System] Tick Logger B
[System] Tick Logger A
[System] Tick Logger B
[System] Tick Logger A
[System] Tick Logger B
[System] Tick Logger A
[System] Tick Logger B
[System] Tick Logger A
[System] Tick Logger B
[System] Tick Logger A
[System] Tick Logger B
[System] Tick Logger A
[System] Tick Logger B
[System] Tick Logger A
[System] Tick Logger B
[System] Tick Logger A
[System] Tick Logger B
[System] Tick Logger A
[System] Tick Logger B
[System] Tick Logger A
[System] Tick Logger B
[System] Tick Logger A
[System] Tick Logger B
[System] Tick Logger A
[System] Tick Logger B
[System] Tick Logger A
[System] Tick Logger B
[System] Tick Logger A
[System] Tick Logger B
[Physics] tick=10980 ents=12 hasDyn=12 types(d/k)=12/0 null=0 yRange=[0.210,0.865] yDyn0=0.809 pendingDestroy=0
[System] Tick Logger A
[System] Tick Logger B
[System] Tick Logger A
[System] Tick Logger B
[System] Tick Logger A
[System] Tick Logger B
[System] Tick Logger A
[System] Tick Logger B
[System] Tick Logger A
[System] Tick Logger B
[System] Tick Logger A
[System] Tick Logger B
[System] Tick Logger A
[System] Tick Logger B
[System] Tick Logger A
[System] Tick Logger B
[System] Tick Logger A
[System] Tick Logger B
[System] Tick Logger A
[System] Tick Logger B
[System] Tick Logger A
[System] Tick Logger B
[System] Tick Logger A
[System] Tick Logger B
[System] Tick Logger A
[System] Tick Logger B
[System] Tick Logger A
[System] Tick Logger B
[System] Tick Logger A
[System] Tick Logger B
[System] Tick Logger A
[System] Tick Logger B
[System] Tick Logger A
[System] Tick Logger B
[System] Tick Logger A
[System] Tick Logger B
[System] Tick Logger A
[System] Tick Logger B
[System] Tick Logger A
[System] Tick Logger B
[System] Tick Logger A
[System] Tick Logger B
[System] Tick Logger A
[System] Tick Logger B
[System] Tick Logger A
[System] Tick Logger B
[System] Tick Logger A
[System] Tick Logger B
[System] Tick Logger A
[System] Tick Logger B
[System] Tick Logger A
[System] Tick Logger B
[System] Tick Logger A
[System] Tick Logger B
[System] Tick Logger A
[System] Tick Logger B
[System] Tick Logger A
[System] Tick Logger B
[System] Tick Logger A
[System] Tick Logger B
[System] Tick Logger A
[System] Tick Logger B
[System] Tick Logger A
[System] Tick Logger B
[System] Tick Logger A
[System] Tick Logger B
[System] Tick Logger A
[System] Tick Logger B
[System] Tick Logger A
[System] Tick Logger B
[System] Tick Logger A
[System] Tick Logger B
[System] Tick Logger A
[System] Tick Logger B
[System] Tick Logger A
[System] Tick Logger B
[System] Tick Logger A
[System] Tick Logger B
[System] Tick Logger A
[System] Tick Logger B
[System] Tick Logger A
[System] Tick Logger B
[System] Tick Logger A
[System] Tick Logger B
[System] Tick Logger A
[System] Tick Logger B
[System] Tick Logger A
[System] Tick Logger B
[System] Tick Logger A
[System] Tick Logger B
[System] Tick Logger A
[System] Tick Logger B
[System] Tick Logger A
[System] Tick Logger B
[System] Tick Logger A
[System] Tick Logger B
[System] Tick Logger A
[System] Tick Logger B
[System] Tick Logger A
[System] Tick Logger B
[System] Tick Logger A
[System] Tick Logger B
[System] Tick Logger A
[System] Tick Logger B
[System] Tick Logger A
[System] Tick Logger B
[System] Tick Logger A
[System] Tick Logger B
[System] Tick Logger A
[System] Tick Logger B
[System] Tick Logger A
[System] Tick Logger B
[System] Tick Logger A
[System] Tick Logger B
[System] Tick Logger A
[System] Tick Logger B
[System] Tick Logger A
[System] Tick Logger B
[System] Tick Logger A
[System] Tick Logger B
[Physics] tick=11040 ents=12 hasDyn=12 types(d/k)=12/0 null=0 yRange=[0.210,0.865] yDyn0=0.809 pendingDestroy=0
[System] Tick Logger A
[System] Tick Logger B
[System] Tick Logger A
[System] Tick Logger B
[System] Tick Logger A
[System] Tick Logger B
[System] Tick Logger A
[System] Tick Logger B
[System] Tick Logger A
[System] Tick Logger B
[System] Tick Logger A
[System] Tick Logger B
[System] Tick Logger A
[System] Tick Logger B
[System] Tick Logger A
[System] Tick Logger B
[System] Tick Logger A
[System] Tick Logger B
[System] Tick Logger A
[System] Tick Logger B
[System] Tick Logger A
[System] Tick Logger B
[System] Tick Logger A
[System] Tick Logger B
[System] Tick Logger A
[System] Tick Logger B
[System] Tick Logger A
[System] Tick Logger B
[System] Tick Logger A
[System] Tick Logger B
[System] Tick Logger A
[System] Tick Logger B
[System] Tick Logger A
[System] Tick Logger B
[System] Tick Logger A
[System] Tick Logger B
[System] Tick Logger A
[System] Tick Logger B
[System] Tick Logger A
[System] Tick Logger B
[System] Tick Logger A
[System] Tick Logger B
[System] Tick Logger A
[System] Tick Logger B
[System] Tick Logger A
[System] Tick Logger B
[System] Tick Logger A
[System] Tick Logger B
[System] Tick Logger A
[System] Tick Logger B
[System] Tick Logger A
[System] Tick Logger B
[System] Tick Logger A
[System] Tick Logger B
[System] Tick Logger A
[System] Tick Logger B
[System] Tick Logger A
[System] Tick Logger B
[System] Tick Logger A
[System] Tick Logger B
[System] Tick Logger A
[System] Tick Logger B
[System] Tick Logger A
[System] Tick Logger B
[System] Tick Logger A
[System] Tick Logger B
[System] Tick Logger A
[System] Tick Logger B
[System] Tick Logger A
[System] Tick Logger B
[System] Tick Logger A
[System] Tick Logger B
[System] Tick Logger A
[System] Tick Logger B
[System] Tick Logger A
[System] Tick Logger B
[System] Tick Logger A
[System] Tick Logger B
[System] Tick Logger A
[System] Tick Logger B
[System] Tick Logger A
[System] Tick Logger B
[System] Tick Logger A
[System] Tick Logger B
[System] Tick Logger A
[System] Tick Logger B
[System] Tick Logger A
[System] Tick Logger B
[System] Tick Logger A
[System] Tick Logger B
[System] Tick Logger A
[System] Tick Logger B
[System] Tick Logger A
[System] Tick Logger B
[System] Tick Logger A
[System] Tick Logger B
[System] Tick Logger A
[System] Tick Logger B
[System] Tick Logger A
[System] Tick Logger B
[System] Tick Logger A
[System] Tick Logger B
[System] Tick Logger A
[System] Tick Logger B
[System] Tick Logger A
[System] Tick Logger B
[System] Tick Logger A
[System] Tick Logger B
[System] Tick Logger A
[System] Tick Logger B
[System] Tick Logger A
[System] Tick Logger B
[System] Tick Logger A
[System] Tick Logger B
[System] Tick Logger A
[System] Tick Logger B
[System] Tick Logger A
[System] Tick Logger B
[System] Tick Logger A
[System] Tick Logger B
[Physics] tick=11100 ents=12 hasDyn=12 types(d/k)=12/0 null=0 yRange=[0.209,0.865] yDyn0=0.809 pendingDestroy=0
[System] Tick Logger A
[System] Tick Logger B
[System] Tick Logger A
[System] Tick Logger B
[System] Tick Logger A
[System] Tick Logger B
[System] Tick Logger A
[System] Tick Logger B
[System] Tick Logger A
[System] Tick Logger B
[System] Tick Logger A
[System] Tick Logger B
[System] Tick Logger A
[System] Tick Logger B
[System] Tick Logger A
[System] Tick Logger B
[System] Tick Logger A
[System] Tick Logger B
[System] Tick Logger A
[System] Tick Logger B
[System] Tick Logger A
[System] Tick Logger B
[System] Tick Logger A
[System] Tick Logger B
[System] Tick Logger A
[System] Tick Logger B
[System] Tick Logger A
[System] Tick Logger B
[System] Tick Logger A
[System] Tick Logger B
[System] Tick Logger A
[System] Tick Logger B
[System] Tick Logger A
[System] Tick Logger B
[System] Tick Logger A
[System] Tick Logger B
[System] Tick Logger A
[System] Tick Logger B
[System] Tick Logger A
[System] Tick Logger B
[System] Tick Logger A
[System] Tick Logger B
[System] Tick Logger A
[System] Tick Logger B
[System] Tick Logger A
[System] Tick Logger B
[System] Tick Logger A
[System] Tick Logger B
[System] Tick Logger A
[System] Tick Logger B
[System] Tick Logger A
[System] Tick Logger B
[System] Tick Logger A
[System] Tick Logger B
[System] Tick Logger A
[System] Tick Logger B
[System] Tick Logger A
[System] Tick Logger B
[System] Tick Logger A
[System] Tick Logger B
[System] Tick Logger A
[System] Tick Logger B
[System] Tick Logger A
[System] Tick Logger B
[System] Tick Logger A
[System] Tick Logger B
[System] Tick Logger A
[System] Tick Logger B
[System] Tick Logger A
[System] Tick Logger B
[System] Tick Logger A
[System] Tick Logger B
[System] Tick Logger A
[System] Tick Logger B
[System] Tick Logger A
[System] Tick Logger B
[System] Tick Logger A
[System] Tick Logger B
[System] Tick Logger A
[System] Tick Logger B
[System] Tick Logger A
[System] Tick Logger B
[System] Tick Logger A
[System] Tick Logger B
[System] Tick Logger A
[System] Tick Logger B
[System] Tick Logger A
[System] Tick Logger B
[System] Tick Logger A
[System] Tick Logger B
[System] Tick Logger A
[System] Tick Logger B
[System] Tick Logger A
[System] Tick Logger B
[System] Tick Logger A
[System] Tick Logger B
[System] Tick Logger A
[System] Tick Logger B
[System] Tick Logger A
[System] Tick Logger B
[System] Tick Logger A
[System] Tick Logger B
[System] Tick Logger A
[System] Tick Logger B
[System] Tick Logger A
[System] Tick Logger B
[System] Tick Logger A
[System] Tick Logger B
[System] Tick Logger A
[System] Tick Logger B
[System] Tick Logger A
[System] Tick Logger B
[System] Tick Logger A
[System] Tick Logger B
[System] Tick Logger A
[System] Tick Logger B
[System] Tick Logger A
[System] Tick Logger B
[System] Tick Logger A
[System] Tick Logger B
[Physics] tick=11160 ents=12 hasDyn=12 types(d/k)=12/0 null=0 yRange=[0.210,0.865] yDyn0=0.809 pendingDestroy=0
[System] Tick Logger A
[System] Tick Logger B
[System] Tick Logger A
[System] Tick Logger B
[System] Tick Logger A
[System] Tick Logger B
[System] Tick Logger A
[System] Tick Logger B
[System] Tick Logger A
[System] Tick Logger B
[System] Tick Logger A
[System] Tick Logger B
[System] Tick Logger A
[System] Tick Logger B
[System] Tick Logger A
[System] Tick Logger B
[System] Tick Logger A
[System] Tick Logger B
[System] Tick Logger A
[System] Tick Logger B
[System] Tick Logger A
[System] Tick Logger B
[System] Tick Logger A
[System] Tick Logger B
[System] Tick Logger A
[System] Tick Logger B
[System] Tick Logger A
[System] Tick Logger B
[System] Tick Logger A
[System] Tick Logger B
[System] Tick Logger A
[System] Tick Logger B
[System] Tick Logger A
[System] Tick Logger B
[System] Tick Logger A
[System] Tick Logger B
[System] Tick Logger A
[System] Tick Logger B
[System] Tick Logger A
[System] Tick Logger B
[System] Tick Logger A
[System] Tick Logger B
[System] Tick Logger A
[System] Tick Logger B
[System] Tick Logger A
[System] Tick Logger B
[System] Tick Logger A
[System] Tick Logger B
[System] Tick Logger A
[System] Tick Logger B
[System] Tick Logger A
[System] Tick Logger B
[System] Tick Logger A
[System] Tick Logger B
[System] Tick Logger A
[System] Tick Logger B
[System] Tick Logger A
[System] Tick Logger B
[System] Tick Logger A
[System] Tick Logger B
[System] Tick Logger A
[System] Tick Logger B
[System] Tick Logger A
[System] Tick Logger B
[System] Tick Logger A
[System] Tick Logger B
[System] Tick Logger A
[System] Tick Logger B
[System] Tick Logger A
[System] Tick Logger B
[System] Tick Logger A
[System] Tick Logger B
[System] Tick Logger A
[System] Tick Logger B
[System] Tick Logger A
[System] Tick Logger B
[System] Tick Logger A
[System] Tick Logger B
[System] Tick Logger A
[System] Tick Logger B
[System] Tick Logger A
[System] Tick Logger B
[System] Tick Logger A
[System] Tick Logger B
[System] Tick Logger A
[System] Tick Logger B
[System] Tick Logger A
[System] Tick Logger B
[System] Tick Logger A
[System] Tick Logger B
[System] Tick Logger A
[System] Tick Logger B
[System] Tick Logger A
[System] Tick Logger B
[System] Tick Logger A
[System] Tick Logger B
[System] Tick Logger A
[System] Tick Logger B
[System] Tick Logger A
[System] Tick Logger B
[System] Tick Logger A
[System] Tick Logger B
[System] Tick Logger A
[System] Tick Logger B
[System] Tick Logger A
[System] Tick Logger B
[System] Tick Logger A
[System] Tick Logger B
[System] Tick Logger A
[System] Tick Logger B
[System] Tick Logger A
[System] Tick Logger B
[System] Tick Logger A
[System] Tick Logger B
[System] Tick Logger A
[System] Tick Logger B
[System] Tick Logger A
[System] Tick Logger B
[System] Tick Logger A
[System] Tick Logger B
[Physics] tick=11220 ents=12 hasDyn=12 types(d/k)=12/0 null=0 yRange=[0.210,0.865] yDyn0=0.809 pendingDestroy=0
[System] Tick Logger A
[System] Tick Logger B
[System] Tick Logger A
[System] Tick Logger B
[System] Tick Logger A
[System] Tick Logger B
[System] Tick Logger A
[System] Tick Logger B
[System] Tick Logger A
[System] Tick Logger B
[System] Tick Logger A
[System] Tick Logger B
[System] Tick Logger A
[System] Tick Logger B
[System] Tick Logger A
[System] Tick Logger B
[System] Tick Logger A
[System] Tick Logger B
[System] Tick Logger A
[System] Tick Logger B
[System] Tick Logger A
[System] Tick Logger B
[System] Tick Logger A
[System] Tick Logger B
[System] Tick Logger A
[System] Tick Logger B
[System] Tick Logger A
[System] Tick Logger B
[System] Tick Logger A
[System] Tick Logger B
[System] Tick Logger A
[System] Tick Logger B
[System] Tick Logger A
[System] Tick Logger B
[System] Tick Logger A
[System] Tick Logger B
[System] Tick Logger A
[System] Tick Logger B
[System] Tick Logger A
[System] Tick Logger B
[System] Tick Logger A
[System] Tick Logger B
[System] Tick Logger A
[System] Tick Logger B
[System] Tick Logger A
[System] Tick Logger B
[soccer] id7 pos=(5.98,-2.38) bodyvel=(0.20,-0.07) desired=(2.63,0.69) force=(644.2,201.7) round=0/0 phase=1
[System] Tick Logger A
[System] Tick Logger B
[System] Tick Logger A
[System] Tick Logger B
[System] Tick Logger A
[System] Tick Logger B
[System] Tick Logger A
[System] Tick Logger B
[System] Tick Logger A
[System] Tick Logger B
[System] Tick Logger A
[System] Tick Logger B
[System] Tick Logger A
[System] Tick Logger B
[System] Tick Logger A
[System] Tick Logger B
[System] Tick Logger A
[System] Tick Logger B
[System] Tick Logger A
[System] Tick Logger B
[System] Tick Logger A
[System] Tick Logger B
[System] Tick Logger A
[System] Tick Logger B
[System] Tick Logger A
[System] Tick Logger B
[System] Tick Logger A
[System] Tick Logger B
[System] Tick Logger A
[System] Tick Logger B
[System] Tick Logger A
[System] Tick Logger B
[System] Tick Logger A
[System] Tick Logger B
[System] Tick Logger A
[System] Tick Logger B
[System] Tick Logger A
[System] Tick Logger B
[System] Tick Logger A
[System] Tick Logger B
[System] Tick Logger A
[System] Tick Logger B
[System] Tick Logger A
[System] Tick Logger B
[System] Tick Logger A
[System] Tick Logger B
[System] Tick Logger A
[System] Tick Logger B
[System] Tick Logger A
[System] Tick Logger B
[System] Tick Logger A
[System] Tick Logger B
[System] Tick Logger A
[System] Tick Logger B
[System] Tick Logger A
[System] Tick Logger B
[System] Tick Logger A
[System] Tick Logger B
[System] Tick Logger A
[System] Tick Logger B
[System] Tick Logger A
[System] Tick Logger B
[System] Tick Logger A
[System] Tick Logger B
[System] Tick Logger A
[System] Tick Logger B
[System] Tick Logger A
[System] Tick Logger B
[System] Tick Logger A
[System] Tick Logger B
[System] Tick Logger A
[System] Tick Logger B
[System] Tick Logger A
[System] Tick Logger B
[Physics] tick=11280 ents=12 hasDyn=12 types(d/k)=12/0 null=0 yRange=[0.209,0.865] yDyn0=0.809 pendingDestroy=0
[System] Tick Logger A
[System] Tick Logger B
[System] Tick Logger A
[System] Tick Logger B
[System] Tick Logger A
[System] Tick Logger B
[System] Tick Logger A
[System] Tick Logger B
[System] Tick Logger A
[System] Tick Logger B
[System] Tick Logger A
[System] Tick Logger B
[System] Tick Logger A
[System] Tick Logger B
[System] Tick Logger A
[System] Tick Logger B
[System] Tick Logger A
[System] Tick Logger B
[System] Tick Logger A
[System] Tick Logger B
[System] Tick Logger A
[System] Tick Logger B
[System] Tick Logger A
[System] Tick Logger B
[System] Tick Logger A
[System] Tick Logger B
[System] Tick Logger A
[System] Tick Logger B
[System] Tick Logger A
[System] Tick Logger B
[System] Tick Logger A
[System] Tick Logger B
[System] Tick Logger A
[System] Tick Logger B
[System] Tick Logger A
[System] Tick Logger B
[System] Tick Logger A
[System] Tick Logger B
[System] Tick Logger A
[System] Tick Logger B
[System] Tick Logger A
[System] Tick Logger B
[System] Tick Logger A
[System] Tick Logger B
[System] Tick Logger A
[System] Tick Logger B
[System] Tick Logger A
[System] Tick Logger B
[System] Tick Logger A
[System] Tick Logger B
[System] Tick Logger A
[System] Tick Logger B
[System] Tick Logger A
[System] Tick Logger B
[System] Tick Logger A
[System] Tick Logger B
[System] Tick Logger A
[System] Tick Logger B
[System] Tick Logger A
[System] Tick Logger B
[System] Tick Logger A
[System] Tick Logger B
[System] Tick Logger A
[System] Tick Logger B
[System] Tick Logger A
[System] Tick Logger B
[System] Tick Logger A
[System] Tick Logger B
[System] Tick Logger A
[System] Tick Logger B
[System] Tick Logger A
[System] Tick Logger B
[System] Tick Logger A
[System] Tick Logger B
[System] Tick Logger A
[System] Tick Logger B
[System] Tick Logger A
[System] Tick Logger B
[System] Tick Logger A
[System] Tick Logger B
[System] Tick Logger A
[System] Tick Logger B
[System] Tick Logger A
[System] Tick Logger B
[System] Tick Logger A
[System] Tick Logger B
[System] Tick Logger A
[System] Tick Logger B
[System] Tick Logger A
[System] Tick Logger B
[System] Tick Logger A
[System] Tick Logger B
[System] Tick Logger A
[System] Tick Logger B
[System] Tick Logger A
[System] Tick Logger B
[System] Tick Logger A
[System] Tick Logger B
[System] Tick Logger A
[System] Tick Logger B
[System] Tick Logger A
[System] Tick Logger B
[System] Tick Logger A
[System] Tick Logger B
[System] Tick Logger A
[System] Tick Logger B
[System] Tick Logger A
[System] Tick Logger B
[System] Tick Logger A
[System] Tick Logger B
[System] Tick Logger A
[System] Tick Logger B
[System] Tick Logger A
[System] Tick Logger B
[System] Tick Logger A
[System] Tick Logger B
[System] Tick Logger A
[System] Tick Logger B
[System] Tick Logger A
[System] Tick Logger B
[Physics] tick=11340 ents=12 hasDyn=12 types(d/k)=12/0 null=0 yRange=[0.209,0.865] yDyn0=0.809 pendingDestroy=0
[System] Tick Logger A
[System] Tick Logger B
[System] Tick Logger A
[System] Tick Logger B
[System] Tick Logger A
[System] Tick Logger B
[System] Tick Logger A
[System] Tick Logger B
[System] Tick Logger A
[System] Tick Logger B
[System] Tick Logger A
[System] Tick Logger B
[System] Tick Logger A
[System] Tick Logger B
[System] Tick Logger A
[System] Tick Logger B
[System] Tick Logger A
[System] Tick Logger B
[System] Tick Logger A
[System] Tick Logger B
[System] Tick Logger A
[System] Tick Logger B
[System] Tick Logger A
[System] Tick Logger B
[System] Tick Logger A
[System] Tick Logger B
[System] Tick Logger A
[System] Tick Logger B
[System] Tick Logger A
[System] Tick Logger B
[System] Tick Logger A
[System] Tick Logger B
[System] Tick Logger A
[System] Tick Logger B
[System] Tick Logger A
[System] Tick Logger B
[System] Tick Logger A
[System] Tick Logger B
[System] Tick Logger A
[System] Tick Logger B
[System] Tick Logger A
[System] Tick Logger B
[System] Tick Logger A
[System] Tick Logger B
[System] Tick Logger A
[System] Tick Logger B
[System] Tick Logger A
[System] Tick Logger B
[System] Tick Logger A
[System] Tick Logger B
[System] Tick Logger A
[System] Tick Logger B
[System] Tick Logger A
[System] Tick Logger B
[System] Tick Logger A
[System] Tick Logger B
[System] Tick Logger A
[System] Tick Logger B
[System] Tick Logger A
[System] Tick Logger B
[System] Tick Logger A
[System] Tick Logger B
[System] Tick Logger A
[System] Tick Logger B
[System] Tick Logger A
[System] Tick Logger B
[System] Tick Logger A
[System] Tick Logger B
[System] Tick Logger A
[System] Tick Logger B
[System] Tick Logger A
[System] Tick Logger B
[System] Tick Logger A
[System] Tick Logger B
[System] Tick Logger A
[System] Tick Logger B
[System] Tick Logger A
[System] Tick Logger B
[System] Tick Logger A
[System] Tick Logger B
[System] Tick Logger A
[System] Tick Logger B
[System] Tick Logger A
[System] Tick Logger B
[System] Tick Logger A
[System] Tick Logger B
[System] Tick Logger A
[System] Tick Logger B
[System] Tick Logger A
[System] Tick Logger B
[System] Tick Logger A
[System] Tick Logger B
[System] Tick Logger A
[System] Tick Logger B
[System] Tick Logger A
[System] Tick Logger B
[System] Tick Logger A
[System] Tick Logger B
[System] Tick Logger A
[System] Tick Logger B
[System] Tick Logger A
[System] Tick Logger B
[System] Tick Logger A
[System] Tick Logger B
[System] Tick Logger A
[System] Tick Logger B
[System] Tick Logger A
[System] Tick Logger B
[System] Tick Logger A
[System] Tick Logger B
[System] Tick Logger A
[System] Tick Logger B
[System] Tick Logger A
[System] Tick Logger B
[System] Tick Logger A
[System] Tick Logger B
[System] Tick Logger A
[System] Tick Logger B
[System] Tick Logger A
[System] Tick Logger B
[Physics] tick=11400 ents=12 hasDyn=12 types(d/k)=12/0 null=0 yRange=[0.210,0.865] yDyn0=0.809 pendingDestroy=0
[System] Tick Logger A
[System] Tick Logger B
[System] Tick Logger A
[System] Tick Logger B
[System] Tick Logger A
[System] Tick Logger B
[System] Tick Logger A
[System] Tick Logger B
[System] Tick Logger A
[System] Tick Logger B
[System] Tick Logger A
[System] Tick Logger B
[System] Tick Logger A
[System] Tick Logger B
[System] Tick Logger A
[System] Tick Logger B
[System] Tick Logger A
[System] Tick Logger B
[System] Tick Logger A
[System] Tick Logger B
[System] Tick Logger A
[System] Tick Logger B
[System] Tick Logger A
[System] Tick Logger B
[System] Tick Logger A
[System] Tick Logger B
[System] Tick Logger A
[System] Tick Logger B
[System] Tick Logger A
[System] Tick Logger B
[System] Tick Logger A
[System] Tick Logger B
[System] Tick Logger A
[System] Tick Logger B
[System] Tick Logger A
[System] Tick Logger B
[System] Tick Logger A
[System] Tick Logger B
[System] Tick Logger A
[System] Tick Logger B
[System] Tick Logger A
[System] Tick Logger B
[System] Tick Logger A
[System] Tick Logger B
[System] Tick Logger A
[System] Tick Logger B
[System] Tick Logger A
[System] Tick Logger B
[System] Tick Logger A
[System] Tick Logger B
[System] Tick Logger A
[System] Tick Logger B
[System] Tick Logger A
[System] Tick Logger B
[System] Tick Logger A
[System] Tick Logger B
[System] Tick Logger A
[System] Tick Logger B
[System] Tick Logger A
[System] Tick Logger B
[System] Tick Logger A
[System] Tick Logger B
[System] Tick Logger A
[System] Tick Logger B
[System] Tick Logger A
[System] Tick Logger B
[System] Tick Logger A
[System] Tick Logger B
[System] Tick Logger A
[System] Tick Logger B
[System] Tick Logger A
[System] Tick Logger B
[System] Tick Logger A
[System] Tick Logger B
[System] Tick Logger A
[System] Tick Logger B
[System] Tick Logger A
[System] Tick Logger B
[System] Tick Logger A
[System] Tick Logger B
[System] Tick Logger A
[System] Tick Logger B
[System] Tick Logger A
[System] Tick Logger B
[System] Tick Logger A
[System] Tick Logger B
[System] Tick Logger A
[System] Tick Logger B
[System] Tick Logger A
[System] Tick Logger B
[System] Tick Logger A
[System] Tick Logger B
[System] Tick Logger A
[System] Tick Logger B
[System] Tick Logger A
[System] Tick Logger B
[System] Tick Logger A
[System] Tick Logger B
[System] Tick Logger A
[System] Tick Logger B
[System] Tick Logger A
[System] Tick Logger B
[System] Tick Logger A
[System] Tick Logger B
[System] Tick Logger A
[System] Tick Logger B
[System] Tick Logger A
[System] Tick Logger B
[System] Tick Logger A
[System] Tick Logger B
[System] Tick Logger A
[System] Tick Logger B
[System] Tick Logger A
[System] Tick Logger B
[System] Tick Logger A
[System] Tick Logger B
[System] Tick Logger A
[System] Tick Logger B
[System] Tick Logger A
[System] Tick Logger B
[Physics] tick=11460 ents=12 hasDyn=12 types(d/k)=12/0 null=0 yRange=[0.210,0.865] yDyn0=0.809 pendingDestroy=0
[System] Tick Logger A
[System] Tick Logger B
[System] Tick Logger A
[System] Tick Logger B
[System] Tick Logger A
[System] Tick Logger B
[System] Tick Logger A
[System] Tick Logger B
[System] Tick Logger A
[System] Tick Logger B
[System] Tick Logger A
[System] Tick Logger B
[System] Tick Logger A
[System] Tick Logger B
[System] Tick Logger A
[System] Tick Logger B
[System] Tick Logger A
[System] Tick Logger B
[System] Tick Logger A
[System] Tick Logger B
[System] Tick Logger A
[System] Tick Logger B
[System] Tick Logger A
[System] Tick Logger B
[System] Tick Logger A
[System] Tick Logger B
[System] Tick Logger A
[System] Tick Logger B
[System] Tick Logger A
[System] Tick Logger B
[System] Tick Logger A
[System] Tick Logger B
[System] Tick Logger A
[System] Tick Logger B
[System] Tick Logger A
[System] Tick Logger B
[System] Tick Logger A
[System] Tick Logger B
[System] Tick Logger A
[System] Tick Logger B
[System] Tick Logger A
[System] Tick Logger B
[System] Tick Logger A
[System] Tick Logger B
[System] Tick Logger A
[System] Tick Logger B
[System] Tick Logger A
[System] Tick Logger B
[System] Tick Logger A
[System] Tick Logger B
[System] Tick Logger A
[System] Tick Logger B
[System] Tick Logger A
[System] Tick Logger B
[Prefab::EnsureLoaded] Guid=433EBA751EC6DDFD : begin
[Prefab::EnsureLoaded] Guid=433EBA751EC6DDFD : PrefabGroupInfo read OK, nMembers=1 RootLocalId=1306939611
[Prefab::EnsureLoaded] Guid=433EBA751EC6DDFD : all 1 member(s) loaded, resolving root
[Prefab::EnsureLoaded] Guid=433EBA751EC6DDFD : remapping references across 1 member(s)
[Prefab::EnsureLoaded] Guid=433EBA751EC6DDFD : end (success)
[Prefab::EnsureLoaded] Guid=68B511D7A4E4CB4D : begin
[Prefab::EnsureLoaded] Guid=68B511D7A4E4CB4D : PrefabGroupInfo read OK, nMembers=1 RootLocalId=2112278751
[Prefab::EnsureLoaded] Guid=68B511D7A4E4CB4D : all 1 member(s) loaded, resolving root
[Prefab::EnsureLoaded] Guid=68B511D7A4E4CB4D : remapping references across 1 member(s)
[Prefab::EnsureLoaded] Guid=68B511D7A4E4CB4D : end (success)
[Prefab::EnsureLoaded] Guid=68B511D7A4E4CB4D : begin
[Prefab::EnsureLoaded] Guid=68B511D7A4E4CB4D : already resident
[Prefab::EnsureLoaded] Guid=68B511D7A4E4CB4D : begin
[Prefab::EnsureLoaded] Guid=68B511D7A4E4CB4D : already resident
[Prefab::EnsureLoaded] Guid=68B511D7A4E4CB4D : begin
[Prefab::EnsureLoaded] Guid=68B511D7A4E4CB4D : already resident
[Prefab::EnsureLoaded] Guid=267C4C533488E711 : begin
[Prefab::EnsureLoaded] Guid=267C4C533488E711 : PrefabGroupInfo read OK, nMembers=1 RootLocalId=3454521539
[Prefab::EnsureLoaded] Guid=267C4C533488E711 : all 1 member(s) loaded, resolving root
[Prefab::EnsureLoaded] Guid=267C4C533488E711 : remapping references across 1 member(s)
[Prefab::EnsureLoaded] Guid=267C4C533488E711 : end (success)
[Prefab::EnsureLoaded] Guid=6325BCD600D8F273 : begin
[Prefab::EnsureLoaded] Guid=6325BCD600D8F273 : PrefabGroupInfo read OK, nMembers=1 RootLocalId=2887258311
[Prefab::EnsureLoaded] Guid=6325BCD600D8F273 : all 1 member(s) loaded, resolving root
[Prefab::EnsureLoaded] Guid=6325BCD600D8F273 : remapping references across 1 member(s)
[Prefab::EnsureLoaded] Guid=6325BCD600D8F273 : end (success)
[Prefab::EnsureLoaded] Guid=6325BCD600D8F273 : begin
[Prefab::EnsureLoaded] Guid=6325BCD600D8F273 : already resident
[Prefab::EnsureLoaded] Guid=6325BCD600D8F273 : begin
[Prefab::EnsureLoaded] Guid=6325BCD600D8F273 : already resident
[Prefab::EnsureLoaded] Guid=6325BCD600D8F273 : begin
[Prefab::EnsureLoaded] Guid=6325BCD600D8F273 : already resident
[Prefab::EnsureLoaded] Guid=4ADE8CD4AB58924D : begin
[Prefab::EnsureLoaded] Guid=4ADE8CD4AB58924D : PrefabGroupInfo read OK, nMembers=1 RootLocalId=3424194763
[Prefab::EnsureLoaded] Guid=4ADE8CD4AB58924D : all 1 member(s) loaded, resolving root
[Prefab::EnsureLoaded] Guid=4ADE8CD4AB58924D : remapping references across 1 member(s)
[Prefab::EnsureLoaded] Guid=4ADE8CD4AB58924D : end (success)
[Prefab::EnsureLoaded] Guid=6FDCAD6EB1505295 : begin
[Prefab::EnsureLoaded] Guid=6FDCAD6EB1505295 : PrefabGroupInfo read OK, nMembers=1 RootLocalId=1305841873
[Prefab::EnsureLoaded] Guid=6FDCAD6EB1505295 : all 1 member(s) loaded, resolving root
[Prefab::EnsureLoaded] Guid=6FDCAD6EB1505295 : remapping references across 1 member(s)
[Prefab::EnsureLoaded] Guid=6FDCAD6EB1505295 : end (success)
[Prefab::EnsureLoaded] Guid=66879B27D9D067FB : begin
[Prefab::EnsureLoaded] Guid=66879B27D9D067FB : PrefabGroupInfo read OK, nMembers=1 RootLocalId=605655247
[Prefab::EnsureLoaded] Guid=66879B27D9D067FB : all 1 member(s) loaded, resolving root
[Prefab::EnsureLoaded] Guid=66879B27D9D067FB : remapping references across 1 member(s)
[Prefab::EnsureLoaded] Guid=66879B27D9D067FB : end (success)
[Prefab::EnsureLoaded] Guid=66879B27D9D067FB : begin
[Prefab::EnsureLoaded] Guid=66879B27D9D067FB : already resident
[Prefab::EnsureLoaded] Guid=66879B27D9D067FB : begin
[Prefab::EnsureLoaded] Guid=66879B27D9D067FB : already resident
[Prefab::EnsureLoaded] Guid=66879B27D9D067FB : begin
[Prefab::EnsureLoaded] Guid=66879B27D9D067FB : already resident
[Prefab::EnsureLoaded] Guid=66879B27D9D067FB : begin
[Prefab::EnsureLoaded] Guid=66879B27D9D067FB : already resident
[Prefab::EnsureLoaded] Guid=66879B27D9D067FB : begin
[Prefab::EnsureLoaded] Guid=66879B27D9D067FB : already resident
[Prefab::EnsureLoaded] Guid=66879B27D9D067FB : begin
[Prefab::EnsureLoaded] Guid=66879B27D9D067FB : already resident
[Prefab::EnsureLoaded] Guid=66879B27D9D067FB : begin
[Prefab::EnsureLoaded] Guid=66879B27D9D067FB : already resident
[Prefab::EnsureLoaded] Guid=66879B27D9D067FB : begin
[Prefab::EnsureLoaded] Guid=66879B27D9D067FB : already resident
[Prefab::EnsureLoaded] Guid=66879B27D9D067FB : begin
[Prefab::EnsureLoaded] Guid=66879B27D9D067FB : already resident
[Prefab::EnsureLoaded] Guid=66879B27D9D067FB : begin
[Prefab::EnsureLoaded] Guid=66879B27D9D067FB : already resident
[Prefab::EnsureLoaded] Guid=66879B27D9D067FB : begin
[Prefab::EnsureLoaded] Guid=66879B27D9D067FB : already resident
Game.dll: [V1/disk restore] world now has 14 archetype(s), 61 live entit(y/ies)
[EntityDrag] Entity Properties inspector REBUILDING (m_bEntityInspectorDirty) for SelectedEntityId=12292
File was modified but is not part of our asset list: descriptors\scriptmodule\a5\b1\3849e1de2402b1a5.desc\source_db\soccer_ball_system.h In library D:\LIONant\xLION\example.lionprj
File was modified but is not part of our asset list: descriptors\scriptmodule\a5\b1\3849e1de2402b1a5.desc\source_db\soccer_ball_system.h In library D:\LIONant\xLION\example.lionprj
File was modified but is not part of our asset list: descriptors\scriptmodule\a5\b1\3849e1de2402b1a5.desc\source_db\soccer_common.h In library D:\LIONant\xLION\example.lionprj
File was modified but is not part of our asset list: descriptors\scriptmodule\a5\b1\3849e1de2402b1a5.desc\source_db\soccer_common.h In library D:\LIONant\xLION\example.lionprj
File was modified but is not part of our asset list: descriptors\scriptmodule\a5\b1\3849e1de2402b1a5.desc\source_db\soccer_components.h In library D:\LIONant\xLION\example.lionprj
File was modified but is not part of our asset list: descriptors\scriptmodule\a5\b1\3849e1de2402b1a5.desc\source_db\soccer_components.h In library D:\LIONant\xLION\example.lionprj
File was modified but is not part of our asset list: descriptors\scriptmodule\a5\b1\3849e1de2402b1a5.desc\source_db\soccer_game.cpp In library D:\LIONant\xLION\example.lionprj
File was modified but is not part of our asset list: descriptors\scriptmodule\a5\b1\3849e1de2402b1a5.desc\source_db\soccer_game.cpp In library D:\LIONant\xLION\example.lionprj
File was modified but is not part of our asset list: descriptors\scriptmodule\a5\b1\3849e1de2402b1a5.desc\source_db\soccer_player_system.h In library D:\LIONant\xLION\example.lionprj
File was modified but is not part of our asset list: descriptors\scriptmodule\a5\b1\3849e1de2402b1a5.desc\source_db\soccer_player_system.h In library D:\LIONant\xLION\example.lionprj
File was modified but is not part of our asset list: descriptors\scriptmodule\a5\b1\3849e1de2402b1a5.desc\source_db\soccer_referee_system.h In library D:\LIONant\xLION\example.lionprj
File was modified but is not part of our asset list: descriptors\scriptmodule\a5\b1\3849e1de2402b1a5.desc\source_db\soccer_referee_system.h In library D:\LIONant\xLION\example.lionprj
File was modified but is not part of our asset list: descriptors\scriptmodule\a5\b1\3849e1de2402b1a5.desc\source_db\soccer_scoreboard_system.h In library D:\LIONant\xLION\example.lionprj
File was modified but is not part of our asset list: descriptors\scriptmodule\a5\b1\3849e1de2402b1a5.desc\source_db\soccer_scoreboard_system.h In library D:\LIONant\xLION\example.lionprj
File was modified but is not part of our asset list: descriptors\scriptmodule\a5\b1\3849e1de2402b1a5.desc\source_db\soccer_shadow_system.h In library D:\LIONant\xLION\example.lionprj
File was modified but is not part of our asset list: descriptors\scriptmodule\a5\b1\3849e1de2402b1a5.desc\source_db\soccer_shadow_system.h In library D:\LIONant\xLION\example.lionprj
File was modified but is not part of our asset list: descriptors\level\f3\f3\166fae5eb82f3f3.desc\descriptor.txt In library D:\LIONant\xLION\example.lionprj
File was modified but is not part of our asset list: [SaveEverything] scene has 0 pending entity change(s)
descriptors\level\f3\f3\166fae5eb82f3f3.desc\descriptor.txt In library D:\LIONant\xLION\example.lionprj
File was modified but is not part of our asset list: descriptors\scene\6f\ec\5b388efc2203ec6f.desc\descriptor.txt.tmp In library D:\LIONant\xLION\example.lionprj
File was modified but is not part of our asset list: descriptors\scene\6f\ec\5b388efc2203ec6f.desc In library D:\LIONant\xLION\example.lionprj
File was modified but is not part of our asset list: descriptors\scene\6f\ec\5b388efc2203ec6f.desc In library D:\LIONant\xLION\example.lionprj
File was modified but is not part of our asset list: descriptors\scene\6f\ec\5b388efc2203ec6f.desc\componentdeps.txt.tmp In library D:\LIONant\xLION\example.lionprj
File was modified but is not part of our asset list: descriptors\scene\6f\ec\5b388efc2203ec6f.desc In library D:\LIONant\xLION\example.lionprj
File was modified but is not part of our asset list: descriptors\scene\6f\ec\5b388efc2203ec6f.desc In library D:\LIONant\xLION\example.lionprj
Game.dll: source newer than DLL - rebuilding via cmake...
-- Selecting Windows SDK version 10.0.26100.0 to target Windows 10.0.26200.
-- Configuring done (0.0s)
-- Generating done (0.0s)
-- Build files have been written to: D:/LIONant/xLION/example.lionprj/Cache/Script/Build
MSBuild version 17.14.51+25f168cee for .NET Framework

  cmake_pch.cxx
  soccer_game.cpp
  xscript_game_entry.cpp
  Game.vcxproj -> D:\LIONant\xLION\example.lionprj\Cache\Resources\Platforms\WINDOWS\Debug\Game.dll
Game.dll: rebuild succeeded
ModLoad: 00007ffd`e07b0000 00007ffd`e0a68000   D:\LIONant\xLION\example.lionprj\Cache\Script\Loaded\Game_loaded_3.dll
Game.dll: [Vn capture] 0 of 0 open scene(s) captured
Game.dll: [Vn capture] scene 5B388EFC2203EC6F - 52 entit(y/ies), 5 folder(s)
Game.dll: [Vn capture] 1 of 1 open scene(s) captured
Game.dll: [Vn reattach] scene 5B388EFC2203EC6F - 52 entit(y/ies), 5 folder(s), state=3
Game.dll: [Vn restore] world now has 10 archetype(s), 54 live entit(y/ies)
File was modified but is not part of our asset list: descriptors\level\f3\f3\166fae5eb82f3f3.desc\descriptor.txt In library D:\LIONant\xLION\example.lionprj
[SaveEverything] scene has 0 pending entity change(s)
File was modified but is not part of our asset list: descriptors\level\f3\f3\166fae5eb82f3f3.desc\descriptor.txt In library D:\LIONant\xLION\example.lionprj
File was modified but is not part of our asset list: descriptors\scene\6f\ec\5b388efc2203ec6f.desc\descriptor.txt.tmp In library D:\LIONant\xLION\example.lionprj
File was modified but is not part of our asset list: descriptors\scene\6f\ec\5b388efc2203ec6f.desc In library D:\LIONant\xLION\example.lionprj
File was modified but is not part of our asset list: descriptors\scene\6f\ec\5b388efc2203ec6f.desc In library D:\LIONant\xLION\example.lionprj
File was modified but is not part of our asset list: descriptors\scene\6f\ec\5b388efc2203ec6f.desc\componentdeps.txt.tmp In library D:\LIONant\xLION\example.lionprj
File was modified but is not part of our asset list: descriptors\scene\6f\ec\5b388efc2203ec6f.desc In library D:\LIONant\xLION\example.lionprj
File was modified but is not part of our asset list: descriptors\scene\6f\ec\5b388efc2203ec6f.desc In library D:\LIONant\xLION\example.lionprj
[Prefab::EnsureLoaded] Guid=433EBA751EC6DDFD : begin
[Prefab::EnsureLoaded] Guid=433EBA751EC6DDFD : PrefabGroupInfo read OK, nMembers=1 RootLocalId=1306939611
[Prefab::EnsureLoaded] Guid=433EBA751EC6DDFD : all 1 member(s) loaded, resolving root
[Prefab::EnsureLoaded] Guid=433EBA751EC6DDFD : remapping references across 1 member(s)
[Prefab::EnsureLoaded] Guid=433EBA751EC6DDFD : end (success)
[Prefab::EnsureLoaded] Guid=68B511D7A4E4CB4D : begin
[Prefab::EnsureLoaded] Guid=68B511D7A4E4CB4D : PrefabGroupInfo read OK, nMembers=1 RootLocalId=2112278751
[Prefab::EnsureLoaded] Guid=68B511D7A4E4CB4D : all 1 member(s) loaded, resolving root
[Prefab::EnsureLoaded] Guid=68B511D7A4E4CB4D : remapping references across 1 member(s)
[Prefab::EnsureLoaded] Guid=68B511D7A4E4CB4D : end (success)
[Prefab::EnsureLoaded] Guid=68B511D7A4E4CB4D : begin
[Prefab::EnsureLoaded] Guid=68B511D7A4E4CB4D : already resident
[Prefab::EnsureLoaded] Guid=68B511D7A4E4CB4D : begin
[Prefab::EnsureLoaded] Guid=68B511D7A4E4CB4D : already resident
[Prefab::EnsureLoaded] Guid=68B511D7A4E4CB4D : begin
[Prefab::EnsureLoaded] Guid=68B511D7A4E4CB4D : already resident
[Prefab::EnsureLoaded] Guid=267C4C533488E711 : begin
[Prefab::EnsureLoaded] Guid=267C4C533488E711 : PrefabGroupInfo read OK, nMembers=1 RootLocalId=3454521539
[Prefab::EnsureLoaded] Guid=267C4C533488E711 : all 1 member(s) loaded, resolving root
[Prefab::EnsureLoaded] Guid=267C4C533488E711 : remapping references across 1 member(s)
[Prefab::EnsureLoaded] Guid=267C4C533488E711 : end (success)
[Prefab::EnsureLoaded] Guid=6325BCD600D8F273 : begin
[Prefab::EnsureLoaded] Guid=6325BCD600D8F273 : PrefabGroupInfo read OK, nMembers=1 RootLocalId=2887258311
[Prefab::EnsureLoaded] Guid=6325BCD600D8F273 : all 1 member(s) loaded, resolving root
[Prefab::EnsureLoaded] Guid=6325BCD600D8F273 : remapping references across 1 member(s)
[Prefab::EnsureLoaded] Guid=6325BCD600D8F273 : end (success)
[Prefab::EnsureLoaded] Guid=6325BCD600D8F273 : begin
[Prefab::EnsureLoaded] Guid=6325BCD600D8F273 : already resident
[Prefab::EnsureLoaded] Guid=6325BCD600D8F273 : begin
[Prefab::EnsureLoaded] Guid=6325BCD600D8F273 : already resident
[Prefab::EnsureLoaded] Guid=6325BCD600D8F273 : begin
[Prefab::EnsureLoaded] Guid=6325BCD600D8F273 : already resident
[Prefab::EnsureLoaded] Guid=4ADE8CD4AB58924D : begin
[Prefab::EnsureLoaded] Guid=4ADE8CD4AB58924D : PrefabGroupInfo read OK, nMembers=1 RootLocalId=3424194763
[Prefab::EnsureLoaded] Guid=4ADE8CD4AB58924D : all 1 member(s) loaded, resolving root
[Prefab::EnsureLoaded] Guid=4ADE8CD4AB58924D : remapping references across 1 member(s)
[Prefab::EnsureLoaded] Guid=4ADE8CD4AB58924D : end (success)
[Prefab::EnsureLoaded] Guid=6FDCAD6EB1505295 : begin
[Prefab::EnsureLoaded] Guid=6FDCAD6EB1505295 : PrefabGroupInfo read OK, nMembers=1 RootLocalId=1305841873
[Prefab::EnsureLoaded] Guid=6FDCAD6EB1505295 : all 1 member(s) loaded, resolving root
[Prefab::EnsureLoaded] Guid=6FDCAD6EB1505295 : remapping references across 1 member(s)
[Prefab::EnsureLoaded] Guid=6FDCAD6EB1505295 : end (success)
[Prefab::EnsureLoaded] Guid=66879B27D9D067FB : begin
[Prefab::EnsureLoaded] Guid=66879B27D9D067FB : PrefabGroupInfo read OK, nMembers=1 RootLocalId=605655247
[Prefab::EnsureLoaded] Guid=66879B27D9D067FB : all 1 member(s) loaded, resolving root
[Prefab::EnsureLoaded] Guid=66879B27D9D067FB : remapping references across 1 member(s)
[Prefab::EnsureLoaded] Guid=66879B27D9D067FB : end (success)
[Prefab::EnsureLoaded] Guid=66879B27D9D067FB : begin
[Prefab::EnsureLoaded] Guid=66879B27D9D067FB : already resident
[Prefab::EnsureLoaded] Guid=66879B27D9D067FB : begin
[Prefab::EnsureLoaded] Guid=66879B27D9D067FB : already resident
[Prefab::EnsureLoaded] Guid=66879B27D9D067FB : begin
[Prefab::EnsureLoaded] Guid=66879B27D9D067FB : already resident
[Prefab::EnsureLoaded] Guid=66879B27D9D067FB : begin
[Prefab::EnsureLoaded] Guid=66879B27D9D067FB : already resident
[Prefab::EnsureLoaded] Guid=66879B27D9D067FB : begin
[Prefab::EnsureLoaded] Guid=66879B27D9D067FB : already resident
[Prefab::EnsureLoaded] Guid=66879B27D9D067FB : begin
[Prefab::EnsureLoaded] Guid=66879B27D9D067FB : already resident
[Prefab::EnsureLoaded] Guid=66879B27D9D067FB : begin
[Prefab::EnsureLoaded] Guid=66879B27D9D067FB : already resident
[Prefab::EnsureLoaded] Guid=66879B27D9D067FB : begin
[Prefab::EnsureLoaded] Guid=66879B27D9D067FB : already resident
[Prefab::EnsureLoaded] Guid=66879B27D9D067FB : begin
[Prefab::EnsureLoaded] Guid=66879B27D9D067FB : already resident
[Prefab::EnsureLoaded] Guid=66879B27D9D067FB : begin
[Prefab::EnsureLoaded] Guid=66879B27D9D067FB : already resident
[Prefab::EnsureLoaded] Guid=66879B27D9D067FB : begin
[Prefab::EnsureLoaded] Guid=66879B27D9D067FB : already resident
[PhysicsMaterial] ERROR: could not read material 0D132D643A138AF1 - using defaults
Game.dll: [V1/disk restore] world now has 13 archetype(s), 59 live entit(y/ies)
[System] Tick Logger A
[System] Tick Logger B
[soccer] id7 pos=(7.00,-3.00) bodyvel=(0.00,0.00) desired=(0.00,0.00) force=(0.0,0.0) round=0/0 phase=0
[EntityDrag] Entity Properties inspector REBUILDING (m_bEntityInspectorDirty) for SelectedEntityId=12292
(de80.d634): Access violation - code c0000005 (first chance)
*** WARNING: Unable to verify checksum for xLION.exe
==AV==
 # Child-SP          RetAddr               Call Site
00 0000009f`d1cf9f80 00007ff6`4b3ca0a4     xLION!xproperty::type::any::destroyValue+0x1f
01 0000009f`d1cf9fc0 00007ff6`4af858d4     xLION!xproperty::type::any::clear+0x14
02 0000009f`d1cf9ff0 00007ff6`4af8d49b     xLION!xproperty::type::any::~any+0x14
03 0000009f`d1cfa020 00007ff6`4af8874b     xLION!xproperty::sprop::container::prop::~prop+0x1b
04 0000009f`d1cfa050 00007ff6`4b06f9a8     xLION!xproperty::inspector::entry::~entry+0x1b
05 0000009f`d1cfa080 00007ff6`4b064670     xLION!xproperty::inspector::entry::`scalar deleting destructor'+0x18
06 0000009f`d1cfa0b0 00007ff6`4af6c933     xLION!std::default_delete<xproperty::inspector::entry>::operator()+0x30
07 0000009f`d1cfa0f0 00007ff6`4b06d428     xLION!std::unique_ptr<xproperty::inspector::entry,std::default_delete<xproperty::inspector::entry> >::~unique_ptr<xproperty::inspector::entry,std::default_delete<xproperty::inspector::entry> >+0x43
08 0000009f`d1cfa130 00007ff6`4ae29e86     xLION!std::unique_ptr<xproperty::inspector::entry,std::default_delete<xproperty::inspector::entry> >::`scalar deleting destructor'+0x18
09 0000009f`d1cfa160 00007ff6`4ae267a9     xLION!std::destroy_at<std::unique_ptr<xproperty::inspector::entry,std::default_delete<xproperty::inspector::entry> > >+0x16
0a 0000009f`d1cfa190 00007ff6`4acb6eb7     xLION!std::_Default_allocator_traits<std::allocator<std::unique_ptr<xproperty::inspector::entry,std::default_delete<xproperty::inspector::entry> > > >::destroy<std::unique_ptr<xproperty::inspector::entry,std::default_delete<xproperty::inspector::entry> > >+0x19
0b 0000009f`d1cfa1c0 00007ff6`4b364fad     xLION!std::_Destroy_range<std::allocator<std::unique_ptr<xproperty::inspector::entry,std::default_delete<xproperty::inspector::entry> > > >+0x47
0c 0000009f`d1cfa1f0 00007ff6`4af7888a     xLION!std::vector<std::unique_ptr<xproperty::inspector::entry,std::default_delete<xproperty::inspector::entry> >,std::allocator<std::unique_ptr<xproperty::inspector::entry,std::default_delete<xproperty::inspector::entry> > > >::_Tidy+0x7d
0d 0000009f`d1cfa250 00007ff6`4af8739b     xLION!std::vector<std::unique_ptr<xproperty::inspector::entry,std::default_delete<xproperty::inspector::entry> >,std::allocator<std::unique_ptr<xproperty::inspector::entry,std::default_delete<xproperty::inspector::entry> > > >::~vector<std::unique_ptr<xproperty::inspector::entry,std::default_delete<xproperty::inspector::entry> >,std::allocator<std::unique_ptr<xproperty::inspector::entry,std::default_delete<xproperty::inspector::entry> > > >+0x2a
0e 0000009f`d1cfa2b0 00007ff6`4b06eeb8     xLION!xproperty::inspector::component::~component+0x1b
0f 0000009f`d1cfa2e0 00007ff6`4b063f20     xLION!xproperty::inspector::component::`scalar deleting destructor'+0x18
10 0000009f`d1cfa310 00007ff6`4af6c273     xLION!std::default_delete<xproperty::inspector::component>::operator()+0x30
11 0000009f`d1cfa350 00007ff6`4b06d388     xLION!std::unique_ptr<xproperty::inspector::component,std::default_delete<xproperty::inspector::component> >::~unique_ptr<xproperty::inspector::component,std::default_delete<xproperty::inspector::component> >+0x43
12 0000009f`d1cfa390 00007ff6`4ae29e26     xLION!std::unique_ptr<xproperty::inspector::component,std::default_delete<xproperty::inspector::component> >::`scalar deleting destructor'+0x18
13 0000009f`d1cfa3c0 00007ff6`4ae26749     xLION!std::destroy_at<std::unique_ptr<xproperty::inspector::component,std::default_delete<xproperty::inspector::component> > >+0x16
14 0000009f`d1cfa3f0 00007ff6`4acb6dd7     xLION!std::_Default_allocator_traits<std::allocator<std::unique_ptr<xproperty::inspector::component,std::default_delete<xproperty::inspector::component> > > >::destroy<std::unique_ptr<xproperty::inspector::component,std::default_delete<xproperty::inspector::component> > >+0x19
15 0000009f`d1cfa420 00007ff6`4b364d8d     xLION!std::_Destroy_range<std::allocator<std::unique_ptr<xproperty::inspector::component,std::default_delete<xproperty::inspector::component> > > >+0x47
16 0000009f`d1cfa450 00007ff6`4af7872a     xLION!std::vector<std::unique_ptr<xproperty::inspector::component,std::default_delete<xproperty::inspector::component> >,std::allocator<std::unique_ptr<xproperty::inspector::component,std::default_delete<xproperty::inspector::component> > > >::_Tidy+0x7d
17 0000009f`d1cfa4b0 00007ff6`4af88617     xLION!std::vector<std::unique_ptr<xproperty::inspector::component,std::default_delete<xproperty::inspector::component> >,std::allocator<std::unique_ptr<xproperty::inspector::component,std::default_delete<xproperty::inspector::component> > > >::~vector<std::unique_ptr<xproperty::inspector::component,std::default_delete<xproperty::inspector::component> >,std::allocator<std::unique_ptr<xproperty::inspector::component,std::default_delete<xproperty::inspector::component> > > >+0x2a
18 0000009f`d1cfa510 00007ff6`4b06f908     xLION!xproperty::inspector::entity::~entity+0x17
19 0000009f`d1cfa540 00007ff6`4b064610     xLION!xproperty::inspector::entity::`scalar deleting destructor'+0x18
1a 0000009f`d1cfa570 00007ff6`4af6c8d3     xLION!std::default_delete<xproperty::inspector::entity>::operator()+0x30
1b 0000009f`d1cfa5b0 00007ff6`4b06d3d8     xLION!std::unique_ptr<xproperty::inspector::entity,std::default_delete<xproperty::inspector::entity> >::~unique_ptr<xproperty::inspector::entity,std::default_delete<xproperty::inspector::entity> >+0x43
1c 0000009f`d1cfa5f0 00007ff6`4ae29e56     xLION!std::unique_ptr<xproperty::inspector::entity,std::default_delete<xproperty::inspector::entity> >::`scalar deleting destructor'+0x18
1d 0000009f`d1cfa620 00007ff6`4ae26779     xLION!std::destroy_at<std::unique_ptr<xproperty::inspector::entity,std::default_delete<xproperty::inspector::entity> > >+0x16
1e 0000009f`d1cfa650 00007ff6`4acb6e47     xLION!std::_Default_allocator_traits<std::allocator<std::unique_ptr<xproperty::inspector::entity,std::default_delete<xproperty::inspector::entity> > > >::destroy<std::unique_ptr<xproperty::inspector::entity,std::default_delete<xproperty::inspector::entity> > >+0x19
1f 0000009f`d1cfa680 00007ff6`4b51d6bb     xLION!std::_Destroy_range<std::allocator<std::unique_ptr<xproperty::inspector::entity,std::default_delete<xproperty::inspector::entity> > > >+0x47
20 0000009f`d1cfa6b0 00007ff6`4b4c2cbd     xLION!std::vector<std::unique_ptr<xproperty::inspector::entity,std::default_delete<xproperty::inspector::entity> >,std::allocator<std::unique_ptr<xproperty::inspector::entity,std::default_delete<xproperty::inspector::entity> > > >::clear+0x8b
21 0000009f`d1cfa710 00007ff6`4aab2d59     xLION!xproperty::inspector::clear+0x1d
22 0000009f`d1cfa740 00007ff6`4b1d59df     xLION!xscene::RenderEntityPropertiesPanel+0x1149
23 0000009f`d1cfb520 00007ff6`4b1d9c74     xLION!xlevel::session::Render+0xc5f
24 0000009f`d1cfb990 00007ff6`4b0fee38     xLION!xeditor::open_resource_editors::RenderAll+0xa4
25 0000009f`d1cfb9f0 00007ff6`4b211f38     xLION!level_editor::app::Frame+0x3c8
26 0000009f`d1cfbb50 00007ff6`4aaf1d55     xLION!level_editor::app::Run+0x38
27 0000009f`d1cfbb80 00007ff6`4b56c50c     xLION!RunLevelEditorGraphical+0x85
28 0000009f`d1cffcf0 00007ff6`4ba46e59     xLION!main+0x1c
29 0000009f`d1cffd20 00007ff6`4ba46d42     xLION!invoke_main+0x39
2a 0000009f`d1cffd70 00007ff6`4ba46bfe     xLION!__scrt_common_main_seh+0x132
2b 0000009f`d1cffde0 00007ff6`4ba46eee     xLION!__scrt_common_main+0xe
2c 0000009f`d1cffe10 00007ffe`9eaecd87     xLION!mainCRTStartup+0xe
2d 0000009f`d1cffe40 00007ffe`a00ccaec     KERNEL32!BaseThreadInitThunk+0x17
2e 0000009f`d1cffe70 00000000`00000000     ntdll!RtlUserThreadStart+0x2c
quit:
NatVis script unloaded from 'C:\Program Files (x86)\Windows Kits\10\Debuggers\x64\Visualizers\atlmfc.natvis'
NatVis script unloaded from 'C:\Program Files (x86)\Windows Kits\10\Debuggers\x64\Visualizers\ObjectiveC.natvis'
NatVis script unloaded from 'C:\Program Files (x86)\Windows Kits\10\Debuggers\x64\Visualizers\concurrency.natvis'
NatVis script unloaded from 'C:\Program Files (x86)\Windows Kits\10\Debuggers\x64\Visualizers\cpp_rest.natvis'
NatVis script unloaded from 'C:\Program Files (x86)\Windows Kits\10\Debuggers\x64\Visualizers\stl.natvis'
NatVis script unloaded from 'C:\Program Files (x86)\Windows Kits\10\Debuggers\x64\Visualizers\Windows.Data.Json.natvis'
NatVis script unloaded from 'C:\Program Files (x86)\Windows Kits\10\Debuggers\x64\Visualizers\Windows.Devices.Geolocation.natvis'
NatVis script unloaded from 'C:\Program Files (x86)\Windows Kits\10\Debuggers\x64\Visualizers\Windows.Devices.Sensors.natvis'
NatVis script unloaded from 'C:\Program Files (x86)\Windows Kits\10\Debuggers\x64\Visualizers\Windows.Media.natvis'
NatVis script unloaded from 'C:\Program Files (x86)\Windows Kits\10\Debuggers\x64\Visualizers\windows.natvis'
NatVis script unloaded from 'C:\Program Files (x86)\Windows Kits\10\Debuggers\x64\Visualizers\winrt.natvis'
